// NotoSerifHebrew_Bold_85 — auto-generated from NotoSerifHebrew-VariableFont.ttf, 85px
#pragma once
#include "../GFXFF/gfxfont.h"

const uint8_t NotoSerifHebrew_Bold_85Bitmaps[] PROGMEM = {
  0x00, 0xFF, 0xFF, 0xFF, 0xFF, 0xFF, 0xFF, 0xFF, 0xFF, 0xFF, 0xFF, 0xFF, 0xFF, 0xDF, 0xF9, 0xFF, 
  0x3F, 0xE7, 0xFC, 0xFF, 0x9F, 0xF3, 0xFE, 0x7F, 0xCF, 0xF9, 0xFF, 0x3F, 0xE7, 0xFC, 0xFF, 0x9F, 
  0xE3, 0xFC, 0x3F, 0x87, 0xF0, 0xFE, 0x1F, 0xC3, 0xF8, 0x7F, 0x0F, 0xE1, 0xFC, 0x3F, 0x87, 0xF0, 
  0xFE, 0x1F, 0xC3, 0xF0, 0x7E, 0x07, 0xC0, 0xF8, 0x1F, 0x03, 0xE0, 0x7C, 0x00, 0x00, 0x00, 0x00, 
  0x00, 0x00, 0x00, 0x00, 0x00, 0x80, 0xFE, 0x3F, 0xEF, 0xFF, 0xFF, 0xFF, 0xFF, 0xFF, 0xFF, 0xFF, 
  0xFF, 0xFF, 0xBF, 0xE3, 0xF8, 0x08, 0x00, 0xFF, 0xC0, 0x7F, 0xFF, 0xF8, 0x0F, 0xFF, 0xFF, 0x01, 
  0xFF, 0xBF, 0xE0, 0x3F, 0xE7, 0xFC, 0x07, 0xFC, 0xFF, 0x80, 0xFF, 0x9F, 0xE0, 0x0F, 0xF3, 0xFC, 
  0x01, 0xFE, 0x7F, 0x80, 0x3F, 0xCF, 0xF0, 0x07, 0xF8, 0xFE, 0x00, 0xFF, 0x1F, 0xC0, 0x1F, 0xC3, 
  0xF8, 0x03, 0xF8, 0x7E, 0x00, 0x3F, 0x0F, 0xC0, 0x07, 0xE1, 0xF8, 0x00, 0xFC, 0x3F, 0x00, 0x1F, 
  0x87, 0xE0, 0x03, 0xF0, 0x7C, 0x00, 0x7C, 0x0F, 0x80, 0x0F, 0x81, 0xE0, 0x00, 0xF0, 0x00, 0x00, 
  0xFC, 0x00, 0x7C, 0x00, 0x00, 0x1F, 0x80, 0x0F, 0x80, 0x00, 0x03, 0xE0, 0x03, 0xF0, 0x00, 0x00, 
  0x7C, 0x00, 0x7E, 0x00, 0x00, 0x0F, 0x80, 0x0F, 0x80, 0x00, 0x03, 0xF0, 0x01, 0xF0, 0x00, 0x00, 
  0x7E, 0x00, 0x3E, 0x00, 0x00, 0x0F, 0x80, 0x07, 0xC0, 0x00, 0x01, 0xF0, 0x01, 0xF8, 0x00, 0x00, 
  0x3E, 0x00, 0x3F, 0x00, 0x00, 0x0F, 0xC0, 0x07, 0xC0, 0x00, 0x01, 0xF8, 0x00, 0xF8, 0x00, 0x00, 
  0x3E, 0x00, 0x1F, 0x00, 0x00, 0x07, 0xC0, 0x07, 0xE0, 0x00, 0x00, 0xF8, 0x00, 0xFC, 0x00, 0x00, 
  0x1F, 0x00, 0x1F, 0x00, 0x00, 0x07, 0xE0, 0x03, 0xE0, 0x03, 0xFF, 0xFF, 0xFF, 0xFF, 0xFC, 0x7F, 
  0xFF, 0xFF, 0xFF, 0xFF, 0x8F, 0xFF, 0xFF, 0xFF, 0xFF, 0xF1, 0xFF, 0xFF, 0xFF, 0xFF, 0xFE, 0x3F, 
  0xFF, 0xFF, 0xFF, 0xFF, 0xC0, 0x03, 0xF0, 0x01, 0xF0, 0x00, 0x00, 0x7C, 0x00, 0x3E, 0x00, 0x00, 
  0x0F, 0x80, 0x0F, 0xC0, 0x00, 0x01, 0xF0, 0x01, 0xF8, 0x00, 0x00, 0x7E, 0x00, 0x3E, 0x00, 0x00, 
  0x0F, 0xC0, 0x07, 0xC0, 0x00, 0x01, 0xF0, 0x00, 0xF8, 0x00, 0x00, 0x3E, 0x00, 0x3F, 0x00, 0x00, 
  0x07, 0xC0, 0x07, 0xE0, 0x00, 0x01, 0xF8, 0x00, 0xF8, 0x00, 0x00, 0x3F, 0x00, 0x1F, 0x00, 0x00, 
  0x07, 0xE0, 0x03, 0xE0, 0x00, 0x00, 0xF8, 0x00, 0xFC, 0x00, 0x00, 0x1F, 0x00, 0x1F, 0x80, 0x00, 
  0x07, 0xE0, 0x03, 0xE0, 0x00, 0x00, 0xFC, 0x00, 0x7C, 0x00, 0x00, 0x1F, 0x80, 0x0F, 0x80, 0x07, 
  0xFF, 0xFF, 0xFF, 0xFF, 0xFC, 0xFF, 0xFF, 0xFF, 0xFF, 0xFF, 0x9F, 0xFF, 0xFF, 0xFF, 0xFF, 0xF3, 
  0xFF, 0xFF, 0xFF, 0xFF, 0xFE, 0x7F, 0xFF, 0xFF, 0xFF, 0xFF, 0xC0, 0x0F, 0x80, 0x0F, 0xC0, 0x00, 
  0x01, 0xF0, 0x01, 0xF8, 0x00, 0x00, 0x3E, 0x00, 0x3E, 0x00, 0x00, 0x0F, 0xC0, 0x07, 0xC0, 0x00, 
  0x01, 0xF8, 0x00, 0xF8, 0x00, 0x00, 0x3E, 0x00, 0x1F, 0x00, 0x00, 0x07, 0xC0, 0x07, 0xE0, 0x00, 
  0x00, 0xF8, 0x00, 0xFC, 0x00, 0x00, 0x3F, 0x00, 0x1F, 0x00, 0x00, 0x07, 0xE0, 0x03, 0xE0, 0x00, 
  0x00, 0xFC, 0x00, 0x7C, 0x00, 0x00, 0x1F, 0x00, 0x1F, 0x80, 0x00, 0x03, 0xE0, 0x03, 0xF0, 0x00, 
  0x00, 0x7C, 0x00, 0x7C, 0x00, 0x00, 0x1F, 0x80, 0x0F, 0x80, 0x00, 0x03, 0xF0, 0x01, 0xF0, 0x00, 
  0x00, 0x7C, 0x00, 0x7E, 0x00, 0x00, 0x00, 0x00, 0x78, 0x00, 0x00, 0x00, 0x03, 0xC0, 0x00, 0x00, 
  0x00, 0x1E, 0x00, 0x00, 0x00, 0x00, 0xF0, 0x00, 0x00, 0x00, 0x07, 0x80, 0x00, 0x00, 0x00, 0x3C, 
  0x00, 0x00, 0x00, 0x01, 0xE0, 0x00, 0x00, 0x00, 0x7F, 0xFC, 0x00, 0x00, 0x3F, 0xFF, 0xFC, 0x00, 
  0x07, 0xFF, 0xFF, 0xF8, 0x00, 0x7F, 0xFF, 0xFF, 0xE0, 0x07, 0xFC, 0xF3, 0xFF, 0x80, 0x7F, 0x87, 
  0x87, 0xFC, 0x07, 0xF8, 0x3C, 0x1F, 0xF0, 0x7F, 0x81, 0xE0, 0xFF, 0x83, 0xFC, 0x0F, 0x03, 0xFC, 
  0x3F, 0xE0, 0x78, 0x1F, 0xE1, 0xFE, 0x03, 0xC0, 0xFF, 0x0F, 0xF0, 0x1E, 0x03, 0xF8, 0x7F, 0x80, 
  0xF0, 0x1F, 0x83, 0xFC, 0x07, 0x80, 0xF8, 0x1F, 0xE0, 0x3C, 0x07, 0x00, 0xFF, 0x81, 0xE0, 0x00, 
  0x07, 0xFC, 0x0F, 0x00, 0x00, 0x3F, 0xF0, 0x78, 0x00, 0x00, 0xFF, 0xC3, 0xC0, 0x00, 0x07, 0xFF, 
  0x1E, 0x00, 0x00, 0x3F, 0xFE, 0xF0, 0x00, 0x00, 0xFF, 0xFF, 0x80, 0x00, 0x03, 0xFF, 0xFC, 0x00, 
  0x00, 0x0F, 0xFF, 0xF0, 0x00, 0x00, 0x3F, 0xFF, 0xE0, 0x00, 0x00, 0xFF, 0xFF, 0xC0, 0x00, 0x03, 
  0xFF, 0xFF, 0x80, 0x00, 0x07, 0xFF, 0xFF, 0x00, 0x00, 0x0F, 0xFF, 0xFC, 0x00, 0x00, 0x1F, 0xFF, 
  0xF0, 0x00, 0x00, 0x3F, 0xFF, 0xC0, 0x00, 0x01, 0xFF, 0xFF, 0x00, 0x00, 0x0F, 0x7F, 0xFC, 0x00, 
  0x00, 0x78, 0xFF, 0xF0, 0x00, 0x03, 0xC3, 0xFF, 0x80, 0x00, 0x1E, 0x0F, 0xFE, 0x00, 0x00, 0xF0, 
  0x3F, 0xF1, 0xC0, 0x07, 0x80, 0xFF, 0xBF, 0x00, 0x3C, 0x07, 0xFD, 0xF8, 0x01, 0xE0, 0x3F, 0xFF, 
  0xC0, 0x0F, 0x00, 0xFF, 0xFE, 0x00, 0x78, 0x07, 0xFF, 0xF0, 0x03, 0xC0, 0x3F, 0xFF, 0xC0, 0x1E, 
  0x03, 0xFF, 0xFE, 0x00, 0xF0, 0x1F, 0xEF, 0xF8, 0x07, 0x80, 0xFF, 0x7F, 0xC0, 0x3C, 0x0F, 0xF9, 
  0xFF, 0x01, 0xE0, 0x7F, 0x8F, 0xFC, 0x0F, 0x0F, 0xF8, 0x3F, 0xF0, 0x78, 0xFF, 0x80, 0xFF, 0xFB, 
  0xFF, 0xF8, 0x03, 0xFF, 0xFF, 0xFF, 0x80, 0x07, 0xFF, 0xFF, 0xF0, 0x00, 0x07, 0xFF, 0xFC, 0x00, 
  0x00, 0x00, 0xFC, 0x00, 0x00, 0x00, 0x01, 0xE0, 0x00, 0x00, 0x00, 0x0F, 0x00, 0x00, 0x00, 0x00, 
  0x78, 0x00, 0x00, 0x00, 0x03, 0xC0, 0x00, 0x00, 0x00, 0x1E, 0x00, 0x00, 0x00, 0x00, 0xF0, 0x00, 
  0x00, 0x00, 0x07, 0x80, 0x00, 0x00, 0x00, 0x3C, 0x00, 0x00, 0x00, 0x01, 0xE0, 0x00, 0x00, 0x00, 
  0x0F, 0x00, 0x00, 0x00, 0x04, 0x00, 0x00, 0x00, 0x00, 0x00, 0x00, 0x00, 0x07, 0xFF, 0x80, 0x00, 
  0x00, 0x1F, 0x80, 0x00, 0x00, 0xFF, 0xFF, 0x00, 0x00, 0x00, 0xF8, 0x00, 0x00, 0x0F, 0xFF, 0xFC, 
  0x00, 0x00, 0x0F, 0xC0, 0x00, 0x00, 0xFF, 0x9F, 0xF0, 0x00, 0x00, 0x7C, 0x00, 0x00, 0x0F, 0xF0, 
  0x3F, 0xC0, 0x00, 0x07, 0xE0, 0x00, 0x00, 0xFF, 0x00, 0xFE, 0x00, 0x00, 0x3E, 0x00, 0x00, 0x07, 
  0xF0, 0x07, 0xF8, 0x00, 0x03, 0xF0, 0x00, 0x00, 0x7F, 0x80, 0x1F, 0xC0, 0x00, 0x1F, 0x00, 0x00, 
  0x03, 0xFC, 0x00, 0xFF, 0x00, 0x01, 0xF8, 0x00, 0x00, 0x1F, 0xE0, 0x07, 0xF8, 0x00, 0x0F, 0x80, 
  0x00, 0x01, 0xFE, 0x00, 0x3F, 0xC0, 0x00, 0xFC, 0x00, 0x00, 0x0F, 0xF0, 0x00, 0xFF, 0x00, 0x07, 
  0xC0, 0x00, 0x00, 0x7F, 0x80, 0x07, 0xF8, 0x00, 0x7E, 0x00, 0x00, 0x03, 0xFC, 0x00, 0x3F, 0xC0, 
  0x03, 0xE0, 0x00, 0x00, 0x1F, 0xE0, 0x01, 0xFE, 0x00, 0x3F, 0x00, 0x00, 0x00, 0xFF, 0x00, 0x0F, 
  0xF0, 0x01, 0xF0, 0x00, 0x00, 0x07, 0xF8, 0x00, 0x7F, 0x80, 0x1F, 0x80, 0x00, 0x00, 0x3F, 0xC0, 
  0x03, 0xFC, 0x00, 0xF8, 0x00, 0x00, 0x01, 0xFE, 0x00, 0x1F, 0xE0, 0x0F, 0xC0, 0x00, 0x00, 0x0F, 
  0xF0, 0x00, 0xFF, 0x00, 0x7E, 0x00, 0x00, 0x00, 0x7F, 0x80, 0x07, 0xF8, 0x07, 0xE0, 0x00, 0x00, 
  0x03, 0xFC, 0x00, 0x3F, 0xC0, 0x3F, 0x00, 0x00, 0x00, 0x1F, 0xE0, 0x01, 0xFE, 0x03, 0xF0, 0x00, 
  0x00, 0x00, 0xFF, 0x00, 0x0F, 0xF0, 0x1F, 0x80, 0x00, 0x00, 0x07, 0xF8, 0x00, 0x7F, 0x81, 0xF8, 
  0x00, 0xFE, 0x00, 0x3F, 0xC0, 0x07, 0xF8, 0x0F, 0xC0, 0x3F, 0xFE, 0x00, 0xFE, 0x00, 0x3F, 0xC0, 
  0xFC, 0x07, 0xFF, 0xFC, 0x07, 0xF8, 0x01, 0xFE, 0x07, 0xE0, 0x7F, 0xFF, 0xF0, 0x3F, 0xC0, 0x0F, 
  0xF0, 0x7E, 0x07, 0xF8, 0x3F, 0xC0, 0xFE, 0x00, 0x7F, 0x03, 0xF0, 0x7F, 0x80, 0xFE, 0x07, 0xF8, 
  0x07, 0xF8, 0x3F, 0x03, 0xF8, 0x03, 0xF8, 0x1F, 0xC0, 0x3F, 0x81, 0xF8, 0x3F, 0xC0, 0x1F, 0xE0, 
  0xFF, 0x03, 0xF8, 0x1F, 0x81, 0xFE, 0x00, 0xFF, 0x03, 0xFF, 0xFF, 0x80, 0xFC, 0x0F, 0xE0, 0x03, 
  0xF8, 0x0F, 0xFF, 0xF8, 0x0F, 0xC0, 0xFF, 0x00, 0x1F, 0xE0, 0x1F, 0xFF, 0x80, 0x7E, 0x07, 0xF8, 
  0x00, 0xFF, 0x00, 0x3F, 0xF0, 0x07, 0xE0, 0x3F, 0xC0, 0x07, 0xF8, 0x00, 0x00, 0x00, 0x3F, 0x01, 
  0xFE, 0x00, 0x3F, 0xC0, 0x00, 0x00, 0x03, 0xF0, 0x1F, 0xF0, 0x01, 0xFF, 0x00, 0x00, 0x00, 0x1F, 
  0x80, 0xFF, 0x00, 0x0F, 0xF8, 0x00, 0x00, 0x01, 0xF8, 0x07, 0xF8, 0x00, 0x3F, 0xC0, 0x00, 0x00, 
  0x0F, 0xC0, 0x3F, 0xC0, 0x01, 0xFE, 0x00, 0x00, 0x00, 0xFC, 0x01, 0xFE, 0x00, 0x0F, 0xF0, 0x00, 
  0x00, 0x07, 0xE0, 0x0F, 0xF0, 0x00, 0x7F, 0x80, 0x00, 0x00, 0x7E, 0x00, 0x7F, 0x80, 0x03, 0xFC, 
  0x00, 0x00, 0x03, 0xF0, 0x03, 0xFC, 0x00, 0x3F, 0xE0, 0x00, 0x00, 0x3F, 0x00, 0x1F, 0xE0, 0x01, 
  0xFF, 0x00, 0x00, 0x01, 0xF8, 0x00, 0xFF, 0x80, 0x0F, 0xF8, 0x00, 0x00, 0x1F, 0x80, 0x03, 0xFC, 
  0x00, 0x7F, 0x80, 0x00, 0x00, 0xFC, 0x00, 0x1F, 0xE0, 0x03, 0xFC, 0x00, 0x00, 0x0F, 0xC0, 0x00, 
  0xFF, 0x00, 0x1F, 0xE0, 0x00, 0x00, 0x7E, 0x00, 0x07, 0xF8, 0x00, 0xFF, 0x00, 0x00, 0x07, 0xE0, 
  0x00, 0x1F, 0xC0, 0x07, 0xF0, 0x00, 0x00, 0x3F, 0x00, 0x00, 0xFF, 0x00, 0x7F, 0x80, 0x00, 0x03, 
  0xF0, 0x00, 0x07, 0xF8, 0x03, 0xFC, 0x00, 0x00, 0x1F, 0x80, 0x00, 0x1F, 0xC0, 0x1F, 0xC0, 0x00, 
  0x01, 0xF8, 0x00, 0x00, 0x7F, 0x01, 0xFC, 0x00, 0x00, 0x0F, 0xC0, 0x00, 0x03, 0xFC, 0x1F, 0xE0, 
  0x00, 0x00, 0xFC, 0x00, 0x00, 0x0F, 0xFF, 0xFE, 0x00, 0x00, 0x07, 0xE0, 0x00, 0x00, 0x3F, 0xFF, 
  0xC0, 0x00, 0x00, 0x7E, 0x00, 0x00, 0x00, 0x7F, 0xFC, 0x00, 0x00, 0x00, 0x00, 0x00, 0x00, 0x00, 
  0x7F, 0x00, 0x00, 0x00, 0x00, 0x03, 0xC0, 0x00, 0x00, 0x00, 0x00, 0x00, 0x07, 0xFF, 0xF0, 0x00, 
  0x00, 0x00, 0x00, 0x00, 0xFF, 0xFF, 0xF0, 0x00, 0x00, 0x00, 0x00, 0x1F, 0xFF, 0xFF, 0xC0, 0x00, 
  0x00, 0x00, 0x01, 0xFF, 0xFF, 0xFF, 0x00, 0x00, 0x00, 0x00, 0x1F, 0xFC, 0x0F, 0xFC, 0x00, 0x00, 
  0x00, 0x01, 0xFF, 0x80, 0x1F, 0xF0, 0x00, 0x00, 0x00, 0x0F, 0xF8, 0x00, 0x7F, 0x80, 0x00, 0x00, 
  0x00, 0xFF, 0x80, 0x03, 0xFE, 0x00, 0x00, 0x00, 0x07, 0xFC, 0x00, 0x0F, 0xF0, 0x00, 0x00, 0x00, 
  0x3F, 0xE0, 0x00, 0x7F, 0x80, 0x00, 0x00, 0x01, 0xFF, 0x00, 0x03, 0xFC, 0x00, 0x00, 0x00, 0x0F, 
  0xF8, 0x00, 0x1F, 0xE0, 0x00, 0x00, 0x00, 0x7F, 0xC0, 0x00, 0xFF, 0x00, 0x00, 0x00, 0x03, 0xFE, 
  0x00, 0x07, 0xF8, 0x00, 0x00, 0x00, 0x1F, 0xF0, 0x00, 0x3F, 0xC0, 0x00, 0x00, 0x00, 0xFF, 0x80, 
  0x01, 0xFE, 0x00, 0x00, 0x00, 0x07, 0xFC, 0x00, 0x1F, 0xF0, 0x00, 0x00, 0x00, 0x3F, 0xF0, 0x00, 
  0xFF, 0x00, 0x00, 0x00, 0x00, 0xFF, 0xC0, 0x0F, 0xF0, 0x00, 0x00, 0x00, 0x07, 0xFE, 0x00, 0xFF, 
  0x80, 0x00, 0x00, 0x00, 0x1F, 0xF8, 0x0F, 0xF8, 0x00, 0x00, 0x00, 0x00, 0xFF, 0xE0, 0xFF, 0x80, 
  0x00, 0x00, 0x00, 0x03, 0xFF, 0x9F, 0xF0, 0x00, 0x00, 0x00, 0x00, 0x0F, 0xFF, 0xFF, 0x00, 0x00, 
  0x00, 0x00, 0x00, 0x7F, 0xFF, 0xE0, 0x00, 0x00, 0x00, 0x00, 0x01, 0xFF, 0xFC, 0x00, 0x0F, 0xFF, 
  0xF0, 0x00, 0x07, 0xFF, 0x80, 0x00, 0x7F, 0xFF, 0x80, 0x00, 0xFF, 0xFC, 0x00, 0x03, 0xFF, 0xFC, 
  0x00, 0x1F, 0xFF, 0xF0, 0x00, 0x1F, 0xFF, 0xE0, 0x01, 0xFF, 0xFF, 0xC0, 0x00, 0xFF, 0xE0, 0x00, 
  0x3F, 0xF7, 0xFF, 0x00, 0x07, 0xFC, 0x00, 0x03, 0xFF, 0x1F, 0xFC, 0x00, 0x3F, 0xC0, 0x00, 0x3F, 
  0xF0, 0xFF, 0xF0, 0x01, 0xFC, 0x00, 0x03, 0xFF, 0x03, 0xFF, 0xC0, 0x0F, 0xC0, 0x00, 0x3F, 0xF0, 
  0x0F, 0xFF, 0x00, 0x7E, 0x00, 0x03, 0xFF, 0x00, 0x3F, 0xFC, 0x07, 0xF0, 0x00, 0x1F, 0xF0, 0x00, 
  0xFF, 0xF0, 0x3F, 0x80, 0x01, 0xFF, 0x80, 0x03, 0xFF, 0xC1, 0xF8, 0x00, 0x0F, 0xFC, 0x00, 0x0F, 
  0xFE, 0x0F, 0xC0, 0x00, 0x7F, 0xC0, 0x00, 0x3F, 0xF8, 0x7E, 0x00, 0x07, 0xFE, 0x00, 0x00, 0xFF, 
  0xE3, 0xE0, 0x00, 0x3F, 0xF0, 0x00, 0x03, 0xFF, 0xBF, 0x00, 0x01, 0xFF, 0x80, 0x00, 0x0F, 0xFF, 
  0xF8, 0x00, 0x0F, 0xFC, 0x00, 0x00, 0x3F, 0xFF, 0x80, 0x00, 0x7F, 0xE0, 0x00, 0x00, 0xFF, 0xFC, 
  0x00, 0x03, 0xFF, 0x00, 0x00, 0x03, 0xFF, 0xC0, 0x00, 0x1F, 0xF8, 0x00, 0x00, 0x0F, 0xFE, 0x00, 
  0x00, 0xFF, 0xC0, 0x00, 0x00, 0x7F, 0xF8, 0x00, 0x03, 0xFE, 0x00, 0x00, 0x01, 0xFF, 0xE0, 0x00, 
  0x1F, 0xF8, 0x00, 0x00, 0x07, 0xFF, 0x80, 0x00, 0xFF, 0xC0, 0x00, 0x00, 0x1F, 0xFE, 0x00, 0x03, 
  0xFF, 0x00, 0x00, 0x01, 0xFF, 0xF8, 0x00, 0x1F, 0xF8, 0x00, 0x00, 0x1F, 0xFF, 0xE0, 0x00, 0x7F, 
  0xE0, 0x00, 0x03, 0xFF, 0xFF, 0x80, 0x03, 0xFF, 0x80, 0x00, 0x3F, 0xDF, 0xFE, 0x00, 0x0F, 0xFF, 
  0x00, 0x07, 0xF8, 0x7F, 0xF8, 0x00, 0x3F, 0xFF, 0x03, 0xFF, 0x81, 0xFF, 0xE0, 0x00, 0xFF, 0xFF, 
  0xFF, 0xF8, 0x07, 0xFF, 0xFE, 0x03, 0xFF, 0xFF, 0xFF, 0x80, 0x1F, 0xFF, 0xF0, 0x07, 0xFF, 0xFF, 
  0xF0, 0x00, 0x7F, 0xFF, 0x80, 0x07, 0xFF, 0xFC, 0x00, 0x01, 0xFF, 0xFC, 0x00, 0x03, 0xFF, 0x00, 
  0x00, 0x00, 0x00, 0x00, 0xFF, 0xFF, 0xFF, 0xFD, 0xFF, 0x7F, 0xDF, 0xF7, 0xF9, 0xFE, 0x7F, 0x9F, 
  0xE3, 0xF8, 0xFE, 0x3F, 0x8F, 0xC3, 0xF0, 0xFC, 0x3F, 0x0F, 0xC1, 0xF0, 0x7C, 0x1E, 0x00, 0x00, 
  0x00, 0x02, 0x00, 0x00, 0x1C, 0x00, 0x00, 0xF8, 0x00, 0x07, 0xF0, 0x00, 0x3F, 0xE0, 0x00, 0xFF, 
  0x00, 0x03, 0xFC, 0x00, 0x0F, 0xF0, 0x00, 0x3F, 0xC0, 0x00, 0xFF, 0x00, 0x03, 0xFC, 0x00, 0x0F, 
  0xF8, 0x00, 0x3F, 0xE0, 0x00, 0x7F, 0x80, 0x01, 0xFF, 0x00, 0x07, 0xFC, 0x00, 0x0F, 0xF8, 0x00, 
  0x3F, 0xF0, 0x00, 0x7F, 0xC0, 0x00, 0xFF, 0x80, 0x03, 0xFF, 0x00, 0x07, 0xFE, 0x00, 0x0F, 0xF8, 
  0x00, 0x3F, 0xF0, 0x00, 0x7F, 0xE0, 0x00, 0xFF, 0xC0, 0x01, 0xFF, 0x80, 0x03, 0xFF, 0x00, 0x0F, 
  0xFC, 0x00, 0x1F, 0xF8, 0x00, 0x3F, 0xF0, 0x00, 0x7F, 0xE0, 0x00, 0xFF, 0xC0, 0x01, 0xFF, 0x80, 
  0x03, 0xFF, 0x00, 0x07, 0xFE, 0x00, 0x0F, 0xFC, 0x00, 0x1F, 0xF8, 0x00, 0x3F, 0xF0, 0x00, 0x7F, 
  0xE0, 0x00, 0xFF, 0xC0, 0x01, 0xFF, 0x80, 0x03, 0xFF, 0x00, 0x07, 0xFE, 0x00, 0x0F, 0xFC, 0x00, 
  0x1F, 0xF8, 0x00, 0x3F, 0xF0, 0x00, 0x7F, 0xE0, 0x00, 0x7F, 0xE0, 0x00, 0xFF, 0xC0, 0x01, 0xFF, 
  0x80, 0x03, 0xFF, 0x00, 0x07, 0xFE, 0x00, 0x07, 0xFC, 0x00, 0x0F, 0xF8, 0x00, 0x1F, 0xF8, 0x00, 
  0x1F, 0xF0, 0x00, 0x3F, 0xE0, 0x00, 0x7F, 0xE0, 0x00, 0x7F, 0xC0, 0x00, 0xFF, 0x80, 0x00, 0xFF, 
  0x80, 0x01, 0xFF, 0x00, 0x01, 0xFF, 0x00, 0x01, 0xFE, 0x00, 0x01, 0xFE, 0x00, 0x03, 0xFE, 0x00, 
  0x03, 0xFE, 0x00, 0x03, 0xFE, 0x00, 0x01, 0xFE, 0x00, 0x01, 0xFE, 0x00, 0x01, 0xFE, 0x00, 0x00, 
  0xFE, 0x00, 0x00, 0xFC, 0x00, 0x00, 0x78, 0x00, 0x00, 0x30, 0x80, 0x00, 0x01, 0xC0, 0x00, 0x03, 
  0xE0, 0x00, 0x07, 0xF0, 0x00, 0x0F, 0xF0, 0x00, 0x0F, 0xF8, 0x00, 0x07, 0xF8, 0x00, 0x07, 0xF8, 
  0x00, 0x07, 0xF8, 0x00, 0x07, 0xF8, 0x00, 0x0F, 0xF8, 0x00, 0x0F, 0xF8, 0x00, 0x0F, 0xF0, 0x00, 
  0x1F, 0xF0, 0x00, 0x1F, 0xF0, 0x00, 0x3F, 0xE0, 0x00, 0x3F, 0xE0, 0x00, 0x7F, 0xC0, 0x00, 0xFF, 
  0xC0, 0x00, 0xFF, 0x80, 0x01, 0xFF, 0x00, 0x03, 0xFF, 0x00, 0x07, 0xFE, 0x00, 0x07, 0xFC, 0x00, 
  0x0F, 0xF8, 0x00, 0x1F, 0xF8, 0x00, 0x3F, 0xF0, 0x00, 0x7F, 0xE0, 0x00, 0xFF, 0xC0, 0x01, 0xFF, 
  0x80, 0x03, 0xFF, 0x00, 0x07, 0xFF, 0x00, 0x0F, 0xFE, 0x00, 0x0F, 0xFC, 0x00, 0x1F, 0xF8, 0x00, 
  0x3F, 0xF0, 0x00, 0x7F, 0xE0, 0x00, 0xFF, 0xC0, 0x01, 0xFF, 0x80, 0x03, 0xFF, 0x00, 0x07, 0xFE, 
  0x00, 0x0F, 0xFC, 0x00, 0x1F, 0xF8, 0x00, 0x7F, 0xF0, 0x00, 0xFF, 0xE0, 0x01, 0xFF, 0x80, 0x03, 
  0xFF, 0x00, 0x07, 0xFE, 0x00, 0x0F, 0xFC, 0x00, 0x1F, 0xF8, 0x00, 0x3F, 0xF0, 0x00, 0x7F, 0xE0, 
  0x00, 0xFF, 0x80, 0x03, 0xFF, 0x00, 0x07, 0xFE, 0x00, 0x0F, 0xF8, 0x00, 0x1F, 0xF0, 0x00, 0x7F, 
  0xE0, 0x00, 0xFF, 0x80, 0x01, 0xFF, 0x00, 0x07, 0xFC, 0x00, 0x0F, 0xF8, 0x00, 0x3F, 0xE0, 0x00, 
  0x7F, 0xC0, 0x01, 0xFF, 0x00, 0x03, 0xFC, 0x00, 0x0F, 0xF0, 0x00, 0x3F, 0xC0, 0x00, 0xFF, 0x00, 
  0x03, 0xFC, 0x00, 0x0F, 0xF0, 0x00, 0x7F, 0x80, 0x00, 0xFE, 0x00, 0x01, 0xF0, 0x00, 0x03, 0x80, 
  0x00, 0x04, 0x00, 0x00, 0x00, 0x00, 0x03, 0xFC, 0x00, 0x00, 0x00, 0x3F, 0xC0, 0x00, 0x00, 0x01, 
  0xFC, 0x00, 0x00, 0x00, 0x1F, 0xC0, 0x00, 0x00, 0x01, 0xF8, 0x00, 0x01, 0x00, 0x1F, 0x80, 0x00, 
  0x18, 0x01, 0xF8, 0x01, 0x81, 0xE0, 0x1F, 0x80, 0x38, 0x3F, 0x00, 0xF8, 0x0F, 0xC3, 0xFC, 0x0F, 
  0x01, 0xFC, 0x7F, 0xE0, 0xF0, 0x7F, 0xE7, 0xFF, 0x8F, 0x1F, 0xFE, 0xFF, 0xFC, 0xF3, 0xFF, 0xF1, 
  0xFF, 0xFF, 0xFF, 0xF8, 0x01, 0xFF, 0xFF, 0xFC, 0x00, 0x03, 0xFF, 0xFC, 0x00, 0x00, 0x03, 0xFE, 
  0x00, 0x00, 0x00, 0xFF, 0xF0, 0x00, 0x00, 0x7F, 0xFF, 0xF0, 0x00, 0x7F, 0xFF, 0xFF, 0xE0, 0x3F, 
  0xFE, 0xF7, 0xFF, 0xEF, 0xFF, 0xCF, 0x3F, 0xFF, 0x7F, 0xF0, 0xF0, 0xFF, 0xE3, 0xFE, 0x0F, 0x03, 
  0xFE, 0x3F, 0x80, 0xF0, 0x1F, 0xC3, 0xF0, 0x1F, 0x80, 0x7C, 0x1C, 0x01, 0xF8, 0x03, 0x81, 0x00, 
  0x1F, 0x80, 0x08, 0x00, 0x01, 0xF8, 0x00, 0x00, 0x00, 0x1F, 0x80, 0x00, 0x00, 0x01, 0xFC, 0x00, 
  0x00, 0x00, 0x3F, 0xC0, 0x00, 0x00, 0x03, 0xFC, 0x00, 0x00, 0x00, 0x00, 0xF8, 0x00, 0x00, 0x00, 
  0x07, 0xC0, 0x00, 0x00, 0x00, 0x3E, 0x00, 0x00, 0x00, 0x01, 0xF0, 0x00, 0x00, 0x00, 0x0F, 0x80, 
  0x00, 0x00, 0x00, 0x7C, 0x00, 0x00, 0x00, 0x03, 0xE0, 0x00, 0x00, 0x00, 0x1F, 0x00, 0x00, 0x00, 
  0x00, 0xF8, 0x00, 0x00, 0x00, 0x07, 0xC0, 0x00, 0x00, 0x00, 0x3E, 0x00, 0x00, 0x00, 0x01, 0xF0, 
  0x00, 0x00, 0x00, 0x0F, 0x80, 0x00, 0x00, 0x00, 0x7C, 0x00, 0x00, 0x00, 0x03, 0xE0, 0x00, 0x00, 
  0x00, 0x1F, 0x00, 0x00, 0xFF, 0xFF, 0xFF, 0xFF, 0xFF, 0xFF, 0xFF, 0xFF, 0xFF, 0xFF, 0xFF, 0xFF, 
  0xFF, 0xFF, 0xFF, 0xFF, 0xFF, 0xFF, 0xFF, 0xFF, 0xFF, 0xFF, 0xFF, 0x80, 0x00, 0x7C, 0x00, 0x00, 
  0x00, 0x03, 0xE0, 0x00, 0x00, 0x00, 0x1F, 0x00, 0x00, 0x00, 0x00, 0xF8, 0x00, 0x00, 0x00, 0x07, 
  0xC0, 0x00, 0x00, 0x00, 0x3E, 0x00, 0x00, 0x00, 0x01, 0xF0, 0x00, 0x00, 0x00, 0x0F, 0x80, 0x00, 
  0x00, 0x00, 0x7C, 0x00, 0x00, 0x00, 0x03, 0xE0, 0x00, 0x00, 0x00, 0x1F, 0x00, 0x00, 0x00, 0x00, 
  0xF8, 0x00, 0x00, 0x00, 0x07, 0xC0, 0x00, 0x00, 0x00, 0x3E, 0x00, 0x00, 0x00, 0x01, 0xF0, 0x00, 
  0x00, 0x00, 0x0F, 0x80, 0x00, 0x00, 0x01, 0x00, 0x3F, 0x81, 0xFF, 0x0F, 0xFE, 0x3F, 0xF8, 0xFF, 
  0xF3, 0xFF, 0xCF, 0xFF, 0x3F, 0xFC, 0x7F, 0xF0, 0xFF, 0xC0, 0xFF, 0x01, 0xFC, 0x03, 0xE0, 0x0F, 
  0x80, 0x3E, 0x01, 0xF0, 0x0F, 0xC0, 0x7E, 0x03, 0xF0, 0x3F, 0x83, 0xFC, 0x0F, 0xC0, 0x3C, 0x00, 
  0xC0, 0x00, 0xFF, 0xFF, 0xFF, 0xFF, 0xFF, 0xFF, 0xFF, 0xFF, 0xFF, 0xFF, 0xFF, 0xFF, 0xFF, 0xFF, 
  0xFF, 0xFF, 0xFF, 0xFF, 0xFF, 0xC0, 0x02, 0x03, 0xFC, 0x7F, 0xE7, 0xFE, 0xFF, 0xFF, 0xFF, 0xFF, 
  0xFF, 0xFF, 0xFF, 0xF7, 0xFF, 0x7F, 0xE3, 0xFC, 0x06, 0x00, 0x00, 0x00, 0x1F, 0x00, 0x00, 0x1F, 
  0x00, 0x00, 0x1F, 0x00, 0x00, 0x3F, 0x00, 0x00, 0x3E, 0x00, 0x00, 0x3E, 0x00, 0x00, 0x3E, 0x00, 
  0x00, 0x7E, 0x00, 0x00, 0x7C, 0x00, 0x00, 0x7C, 0x00, 0x00, 0x7C, 0x00, 0x00, 0xFC, 0x00, 0x00, 
  0xF8, 0x00, 0x00, 0xF8, 0x00, 0x00, 0xF8, 0x00, 0x01, 0xF8, 0x00, 0x01, 0xF0, 0x00, 0x01, 0xF0, 
  0x00, 0x01, 0xF0, 0x00, 0x03, 0xF0, 0x00, 0x03, 0xE0, 0x00, 0x03, 0xE0, 0x00, 0x03, 0xE0, 0x00, 
  0x07, 0xE0, 0x00, 0x07, 0xC0, 0x00, 0x07, 0xC0, 0x00, 0x07, 0xC0, 0x00, 0x0F, 0xC0, 0x00, 0x0F, 
  0x80, 0x00, 0x0F, 0x80, 0x00, 0x0F, 0x80, 0x00, 0x1F, 0x80, 0x00, 0x1F, 0x00, 0x00, 0x1F, 0x00, 
  0x00, 0x3F, 0x00, 0x00, 0x3F, 0x00, 0x00, 0x3E, 0x00, 0x00, 0x3E, 0x00, 0x00, 0x7E, 0x00, 0x00, 
  0x7C, 0x00, 0x00, 0x7C, 0x00, 0x00, 0x7C, 0x00, 0x00, 0xFC, 0x00, 0x00, 0xF8, 0x00, 0x00, 0xF8, 
  0x00, 0x00, 0xF8, 0x00, 0x01, 0xF8, 0x00, 0x01, 0xF0, 0x00, 0x01, 0xF0, 0x00, 0x01, 0xF0, 0x00, 
  0x03, 0xF0, 0x00, 0x03, 0xE0, 0x00, 0x03, 0xE0, 0x00, 0x03, 0xE0, 0x00, 0x07, 0xE0, 0x00, 0x07, 
  0xC0, 0x00, 0x07, 0xC0, 0x00, 0x07, 0xC0, 0x00, 0x0F, 0xC0, 0x00, 0x0F, 0x80, 0x00, 0x0F, 0x80, 
  0x00, 0x0F, 0x80, 0x00, 0x1F, 0x80, 0x00, 0x1F, 0x00, 0x00, 0x1F, 0x00, 0x00, 0x1F, 0x00, 0x00, 
  0x3F, 0x00, 0x00, 0x3E, 0x00, 0x00, 0x3E, 0x00, 0x00, 0x7E, 0x00, 0x00, 0x7E, 0x00, 0x00, 0x7C, 
  0x00, 0x00, 0x7C, 0x00, 0x00, 0xFC, 0x00, 0x00, 0xFC, 0x00, 0x00, 0x00, 0x00, 0x1C, 0x00, 0x00, 
  0x00, 0x07, 0xFF, 0xC0, 0x00, 0x00, 0x1F, 0xFF, 0xF8, 0x00, 0x00, 0x7F, 0xFF, 0xFC, 0x00, 0x00, 
  0xFF, 0xFF, 0xFE, 0x00, 0x01, 0xFF, 0xC3, 0xFF, 0x80, 0x03, 0xFF, 0x00, 0xFF, 0x80, 0x07, 0xFE, 
  0x00, 0x7F, 0xC0, 0x07, 0xFC, 0x00, 0x3F, 0xE0, 0x0F, 0xF8, 0x00, 0x1F, 0xE0, 0x1F, 0xF8, 0x00, 
  0x1F, 0xF0, 0x1F, 0xF0, 0x00, 0x0F, 0xF0, 0x1F, 0xF0, 0x00, 0x0F, 0xF8, 0x3F, 0xE0, 0x00, 0x0F, 
  0xF8, 0x3F, 0xE0, 0x00, 0x0F, 0xFC, 0x3F, 0xE0, 0x00, 0x07, 0xFC, 0x7F, 0xE0, 0x00, 0x07, 0xFC, 
  0x7F, 0xE0, 0x00, 0x07, 0xFE, 0x7F, 0xC0, 0x00, 0x07, 0xFE, 0x7F, 0xC0, 0x00, 0x07, 0xFE, 0xFF, 
  0xC0, 0x00, 0x07, 0xFE, 0xFF, 0xC0, 0x00, 0x03, 0xFE, 0xFF, 0xC0, 0x00, 0x03, 0xFE, 0xFF, 0xC0, 
  0x00, 0x03, 0xFF, 0xFF, 0xC0, 0x00, 0x03, 0xFF, 0xFF, 0xC0, 0x00, 0x03, 0xFF, 0xFF, 0xC0, 0x00, 
  0x03, 0xFF, 0xFF, 0xC0, 0x00, 0x03, 0xFF, 0xFF, 0xC0, 0x00, 0x03, 0xFF, 0xFF, 0xC0, 0x00, 0x03, 
  0xFF, 0xFF, 0xC0, 0x00, 0x03, 0xFF, 0xFF, 0xC0, 0x00, 0x03, 0xFF, 0xFF, 0xC0, 0x00, 0x03, 0xFF, 
  0xFF, 0xC0, 0x00, 0x03, 0xFF, 0xFF, 0xC0, 0x00, 0x03, 0xFF, 0xFF, 0xC0, 0x00, 0x03, 0xFF, 0xFF, 
  0xC0, 0x00, 0x03, 0xFF, 0xFF, 0xC0, 0x00, 0x03, 0xFF, 0xFF, 0xC0, 0x00, 0x03, 0xFF, 0xFF, 0xC0, 
  0x00, 0x03, 0xFF, 0xFF, 0xC0, 0x00, 0x03, 0xFE, 0xFF, 0xC0, 0x00, 0x03, 0xFE, 0xFF, 0xC0, 0x00, 
  0x07, 0xFE, 0x7F, 0xC0, 0x00, 0x07, 0xFE, 0x7F, 0xC0, 0x00, 0x07, 0xFE, 0x7F, 0xE0, 0x00, 0x07, 
  0xFE, 0x7F, 0xE0, 0x00, 0x07, 0xFC, 0x3F, 0xE0, 0x00, 0x07, 0xFC, 0x3F, 0xE0, 0x00, 0x0F, 0xFC, 
  0x3F, 0xE0, 0x00, 0x0F, 0xF8, 0x1F, 0xF0, 0x00, 0x0F, 0xF8, 0x1F, 0xF0, 0x00, 0x0F, 0xF8, 0x1F, 
  0xF0, 0x00, 0x1F, 0xF0, 0x0F, 0xF8, 0x00, 0x1F, 0xF0, 0x0F, 0xFC, 0x00, 0x3F, 0xE0, 0x07, 0xFC, 
  0x00, 0x7F, 0xC0, 0x03, 0xFE, 0x00, 0xFF, 0xC0, 0x01, 0xFF, 0x81, 0xFF, 0x80, 0x00, 0xFF, 0xFF, 
  0xFF, 0x00, 0x00, 0x7F, 0xFF, 0xFE, 0x00, 0x00, 0x3F, 0xFF, 0xF8, 0x00, 0x00, 0x0F, 0xFF, 0xE0, 
  0x00, 0x00, 0x00, 0xFF, 0x00, 0x00, 0x00, 0x00, 0x3F, 0x80, 0x00, 0x00, 0x07, 0xF8, 0x00, 0x00, 
  0x01, 0xFF, 0x80, 0x00, 0x00, 0x3F, 0xF8, 0x00, 0x00, 0x07, 0xFF, 0x80, 0x00, 0x01, 0xFF, 0xF8, 
  0x00, 0x00, 0x3F, 0xFF, 0x80, 0x00, 0x0F, 0xEF, 0xF8, 0x00, 0x03, 0xFC, 0xFF, 0x80, 0x00, 0xFF, 
  0x8F, 0xF8, 0x00, 0x3F, 0xF8, 0xFF, 0x80, 0x0F, 0xFF, 0x0F, 0xF8, 0x00, 0xFF, 0xE0, 0xFF, 0x80, 
  0x07, 0xFC, 0x0F, 0xF8, 0x00, 0x7F, 0x80, 0xFF, 0x80, 0x03, 0xE0, 0x0F, 0xF8, 0x00, 0x00, 0x00, 
  0xFF, 0x80, 0x00, 0x00, 0x0F, 0xF8, 0x00, 0x00, 0x00, 0xFF, 0x80, 0x00, 0x00, 0x0F, 0xF8, 0x00, 
  0x00, 0x00, 0xFF, 0x80, 0x00, 0x00, 0x0F, 0xF8, 0x00, 0x00, 0x00, 0xFF, 0x80, 0x00, 0x00, 0x0F, 
  0xF8, 0x00, 0x00, 0x00, 0xFF, 0x80, 0x00, 0x00, 0x0F, 0xF8, 0x00, 0x00, 0x00, 0xFF, 0x80, 0x00, 
  0x00, 0x0F, 0xF8, 0x00, 0x00, 0x00, 0xFF, 0x80, 0x00, 0x00, 0x0F, 0xF8, 0x00, 0x00, 0x00, 0xFF, 
  0x80, 0x00, 0x00, 0x0F, 0xF8, 0x00, 0x00, 0x00, 0xFF, 0x80, 0x00, 0x00, 0x0F, 0xF8, 0x00, 0x00, 
  0x00, 0xFF, 0x80, 0x00, 0x00, 0x0F, 0xF8, 0x00, 0x00, 0x00, 0xFF, 0x80, 0x00, 0x00, 0x0F, 0xF8, 
  0x00, 0x00, 0x00, 0xFF, 0x80, 0x00, 0x00, 0x0F, 0xF8, 0x00, 0x00, 0x00, 0xFF, 0x80, 0x00, 0x00, 
  0x0F, 0xF8, 0x00, 0x00, 0x00, 0xFF, 0x80, 0x00, 0x00, 0x0F, 0xF8, 0x00, 0x00, 0x00, 0xFF, 0x80, 
  0x00, 0x00, 0x0F, 0xF8, 0x00, 0x00, 0x00, 0xFF, 0x80, 0x00, 0x00, 0x0F, 0xF8, 0x00, 0x00, 0x00, 
  0xFF, 0x80, 0x00, 0x00, 0x0F, 0xF8, 0x00, 0x00, 0x00, 0xFF, 0x80, 0x00, 0x00, 0x1F, 0xF8, 0x00, 
  0x00, 0x01, 0xFF, 0x80, 0x00, 0x00, 0x1F, 0xF8, 0x00, 0x00, 0x01, 0xFF, 0xC0, 0x00, 0x00, 0x3F, 
  0xFE, 0x00, 0x00, 0x07, 0xFF, 0xF0, 0x01, 0xFF, 0xFF, 0xFF, 0xFF, 0x1F, 0xFF, 0xFF, 0xFF, 0xF1, 
  0xFF, 0xFF, 0xFF, 0xFF, 0x1F, 0xFF, 0xFF, 0xFF, 0xF0, 0x00, 0x00, 0x40, 0x00, 0x00, 0x00, 0xFF, 
  0xFE, 0x00, 0x00, 0x1F, 0xFF, 0xFF, 0x00, 0x01, 0xFF, 0xFF, 0xFF, 0x00, 0x0F, 0xFF, 0xFF, 0xFE, 
  0x00, 0x7F, 0xF0, 0x1F, 0xFC, 0x03, 0xFF, 0x80, 0x1F, 0xF8, 0x0F, 0xF8, 0x00, 0x3F, 0xF0, 0x7F, 
  0xE0, 0x00, 0xFF, 0xC1, 0xFF, 0x00, 0x01, 0xFF, 0x87, 0xFC, 0x00, 0x07, 0xFE, 0x1F, 0xE0, 0x00, 
  0x1F, 0xF8, 0x7F, 0x80, 0x00, 0x3F, 0xE1, 0xFE, 0x00, 0x00, 0xFF, 0xC7, 0xF8, 0x00, 0x03, 0xFF, 
  0x0F, 0xE0, 0x00, 0x0F, 0xFC, 0x3F, 0x80, 0x00, 0x3F, 0xF0, 0x3E, 0x00, 0x00, 0xFF, 0x80, 0x00, 
  0x00, 0x03, 0xFE, 0x00, 0x00, 0x00, 0x0F, 0xF8, 0x00, 0x00, 0x00, 0x7F, 0xE0, 0x00, 0x00, 0x01, 
  0xFF, 0x00, 0x00, 0x00, 0x07, 0xFC, 0x00, 0x00, 0x00, 0x3F, 0xE0, 0x00, 0x00, 0x00, 0xFF, 0x80, 
  0x00, 0x00, 0x03, 0xFC, 0x00, 0x00, 0x00, 0x1F, 0xF0, 0x00, 0x00, 0x00, 0x7F, 0x80, 0x00, 0x00, 
  0x03, 0xFC, 0x00, 0x00, 0x00, 0x1F, 0xF0, 0x00, 0x00, 0x00, 0x7F, 0x80, 0x00, 0x00, 0x03, 0xFC, 
  0x00, 0x00, 0x00, 0x1F, 0xE0, 0x00, 0x00, 0x00, 0x7F, 0x00, 0x00, 0x00, 0x03, 0xF8, 0x00, 0x00, 
  0x00, 0x1F, 0xC0, 0x00, 0x00, 0x00, 0xFE, 0x00, 0x00, 0x00, 0x07, 0xF8, 0x00, 0x00, 0x00, 0x3F, 
  0xC0, 0x00, 0x00, 0x00, 0xFE, 0x00, 0x00, 0x00, 0x07, 0xF0, 0x00, 0x00, 0x00, 0x3F, 0x80, 0x00, 
  0x00, 0x01, 0xFC, 0x00, 0x00, 0x00, 0x0F, 0xE0, 0x00, 0x00, 0x00, 0x7F, 0x00, 0x00, 0x00, 0x03, 
  0xF8, 0x00, 0x00, 0x00, 0x1F, 0xC0, 0x00, 0x03, 0xC0, 0x7E, 0x00, 0x00, 0x1F, 0x03, 0xF0, 0x00, 
  0x00, 0x7C, 0x1F, 0x80, 0x00, 0x01, 0xF0, 0xFC, 0x00, 0x00, 0x07, 0xC7, 0xF0, 0x00, 0x00, 0x3F, 
  0x3F, 0x80, 0x00, 0x01, 0xFD, 0xFC, 0x00, 0x00, 0x0F, 0xFF, 0xFF, 0xFF, 0xFF, 0xFF, 0xFF, 0xFF, 
  0xFF, 0xFF, 0xFF, 0xFF, 0xFF, 0xFF, 0xFF, 0xFB, 0xFF, 0xFF, 0xFF, 0xFF, 0xEF, 0xFF, 0xFF, 0xFF, 
  0xFF, 0xBF, 0xFF, 0xFF, 0xFF, 0xFE, 0xFF, 0xFF, 0xFF, 0xFF, 0xFB, 0xFF, 0xFF, 0xFF, 0xFF, 0xE0, 
  0x00, 0x00, 0x20, 0x00, 0x00, 0x00, 0x3F, 0xFF, 0xC0, 0x00, 0x03, 0xFF, 0xFF, 0xE0, 0x00, 0x1F, 
  0xFF, 0xFF, 0xF0, 0x00, 0x7F, 0xFF, 0xFF, 0xF8, 0x01, 0xFF, 0xC0, 0x7F, 0xF8, 0x07, 0xFE, 0x00, 
  0x3F, 0xF8, 0x1F, 0xF8, 0x00, 0x3F, 0xF0, 0x3F, 0xF0, 0x00, 0x3F, 0xF0, 0x7F, 0xC0, 0x00, 0x7F, 
  0xE0, 0xFF, 0x80, 0x00, 0xFF, 0xE3, 0xFE, 0x00, 0x00, 0xFF, 0xC7, 0xFC, 0x00, 0x01, 0xFF, 0x87, 
  0xF8, 0x00, 0x03, 0xFF, 0x0F, 0xF0, 0x00, 0x07, 0xFE, 0x0F, 0xE0, 0x00, 0x0F, 0xFC, 0x0F, 0xC0, 
  0x00, 0x1F, 0xF8, 0x07, 0x80, 0x00, 0x3F, 0xF0, 0x00, 0x00, 0x00, 0x7F, 0xC0, 0x00, 0x00, 0x01, 
  0xFF, 0x80, 0x00, 0x00, 0x03, 0xFE, 0x00, 0x00, 0x00, 0x07, 0xFC, 0x00, 0x00, 0x00, 0x1F, 0xF0, 
  0x00, 0x00, 0x00, 0x3F, 0xE0, 0x00, 0x00, 0x00, 0xFF, 0x80, 0x00, 0x00, 0x03, 0xFC, 0x00, 0x00, 
  0x00, 0x1F, 0xF0, 0x00, 0x00, 0x00, 0xFF, 0xC0, 0x00, 0x01, 0xFF, 0xFE, 0x00, 0x00, 0x03, 0xFF, 
  0xE0, 0x00, 0x00, 0x07, 0xFF, 0xFC, 0x00, 0x00, 0x0F, 0xFF, 0xFE, 0x00, 0x00, 0x1F, 0xFF, 0xFF, 
  0x00, 0x00, 0x00, 0x1F, 0xFF, 0x80, 0x00, 0x00, 0x07, 0xFF, 0x80, 0x00, 0x00, 0x07, 0xFF, 0x80, 
  0x00, 0x00, 0x03, 0xFF, 0x80, 0x00, 0x00, 0x03, 0xFF, 0x00, 0x00, 0x00, 0x07, 0xFF, 0x00, 0x00, 
  0x00, 0x07, 0xFE, 0x00, 0x00, 0x00, 0x0F, 0xFE, 0x00, 0x00, 0x00, 0x0F, 0xFC, 0x00, 0x00, 0x00, 
  0x1F, 0xF8, 0x00, 0x00, 0x00, 0x3F, 0xF0, 0x00, 0x00, 0x00, 0x7F, 0xE0, 0x00, 0x00, 0x00, 0xFF, 
  0xC0, 0x00, 0x00, 0x01, 0xFF, 0x82, 0x00, 0x00, 0x03, 0xFF, 0x3C, 0x00, 0x00, 0x07, 0xFE, 0xF8, 
  0x00, 0x00, 0x1F, 0xFD, 0xF8, 0x00, 0x00, 0x3F, 0xF3, 0xF0, 0x00, 0x00, 0x7F, 0xEF, 0xE0, 0x00, 
  0x01, 0xFF, 0xDF, 0xE0, 0x00, 0x03, 0xFF, 0x1F, 0xE0, 0x00, 0x0F, 0xFC, 0x3F, 0xE0, 0x00, 0x3F, 
  0xF8, 0x7F, 0xE0, 0x01, 0xFF, 0xE0, 0x7F, 0xF8, 0x1F, 0xFF, 0x80, 0x7F, 0xFF, 0xFF, 0xFC, 0x00, 
  0x7F, 0xFF, 0xFF, 0xF0, 0x00, 0x7F, 0xFF, 0xFF, 0x80, 0x00, 0x3F, 0xFF, 0xF8, 0x00, 0x00, 0x07, 
  0xFF, 0x00, 0x00, 0x00, 0x00, 0x00, 0x00, 0x3F, 0xE0, 0x00, 0x00, 0x00, 0x03, 0xFF, 0x00, 0x00, 
  0x00, 0x00, 0x1F, 0xF8, 0x00, 0x00, 0x00, 0x01, 0xFF, 0xC0, 0x00, 0x00, 0x00, 0x1F, 0xFE, 0x00, 
  0x00, 0x00, 0x00, 0xFF, 0xF0, 0x00, 0x00, 0x00, 0x0F, 0xFF, 0x80, 0x00, 0x00, 0x00, 0xFF, 0xFC, 
  0x00, 0x00, 0x00, 0x07, 0xFF, 0xE0, 0x00, 0x00, 0x00, 0x7D, 0xFF, 0x00, 0x00, 0x00, 0x03, 0xEF, 
  0xF8, 0x00, 0x00, 0x00, 0x3E, 0x7F, 0xC0, 0x00, 0x00, 0x03, 0xE3, 0xFE, 0x00, 0x00, 0x00, 0x1F, 
  0x1F, 0xF0, 0x00, 0x00, 0x01, 0xF0, 0xFF, 0x80, 0x00, 0x00, 0x1F, 0x87, 0xFC, 0x00, 0x00, 0x00, 
  0xF8, 0x3F, 0xE0, 0x00, 0x00, 0x0F, 0x81, 0xFF, 0x00, 0x00, 0x00, 0xFC, 0x0F, 0xF8, 0x00, 0x00, 
  0x07, 0xC0, 0x7F, 0xC0, 0x00, 0x00, 0x7E, 0x03, 0xFE, 0x00, 0x00, 0x03, 0xE0, 0x1F, 0xF0, 0x00, 
  0x00, 0x3E, 0x00, 0xFF, 0x80, 0x00, 0x03, 0xF0, 0x07, 0xFC, 0x00, 0x00, 0x1F, 0x00, 0x3F, 0xE0, 
  0x00, 0x01, 0xF8, 0x01, 0xFF, 0x00, 0x00, 0x1F, 0x80, 0x0F, 0xF8, 0x00, 0x00, 0xF8, 0x00, 0x7F, 
  0xC0, 0x00, 0x0F, 0xC0, 0x03, 0xFE, 0x00, 0x00, 0xFC, 0x00, 0x1F, 0xF0, 0x00, 0x07, 0xC0, 0x00, 
  0xFF, 0x80, 0x00, 0x7E, 0x00, 0x07, 0xFC, 0x00, 0x03, 0xE0, 0x00, 0x3F, 0xE0, 0x00, 0x3F, 0x00, 
  0x01, 0xFF, 0x00, 0x03, 0xF0, 0x00, 0x0F, 0xF8, 0x00, 0x1F, 0x00, 0x00, 0x7F, 0xC0, 0x01, 0xF8, 
  0x00, 0x03, 0xFE, 0x00, 0x1F, 0x80, 0x00, 0x1F, 0xF0, 0x00, 0xF8, 0x00, 0x00, 0xFF, 0x80, 0x0F, 
  0xC0, 0x00, 0x07, 0xFC, 0x00, 0xFF, 0xFF, 0xFF, 0xFF, 0xFF, 0xFF, 0xFF, 0xFF, 0xFF, 0xFF, 0xFF, 
  0xFF, 0xFF, 0xFF, 0xFF, 0xFF, 0xFF, 0xFF, 0xFF, 0xFF, 0xFF, 0xFF, 0xFF, 0xFF, 0xFF, 0xFF, 0xFF, 
  0xFF, 0x80, 0x00, 0x00, 0x1F, 0xF0, 0x00, 0x00, 0x00, 0x00, 0xFF, 0x80, 0x00, 0x00, 0x00, 0x07, 
  0xFC, 0x00, 0x00, 0x00, 0x00, 0x3F, 0xE0, 0x00, 0x00, 0x00, 0x01, 0xFF, 0x00, 0x00, 0x00, 0x00, 
  0x0F, 0xF8, 0x00, 0x00, 0x00, 0x00, 0x7F, 0xC0, 0x00, 0x00, 0x00, 0x03, 0xFE, 0x00, 0x00, 0x00, 
  0x00, 0x1F, 0xF0, 0x00, 0x00, 0x00, 0x01, 0xFF, 0xC0, 0x00, 0x00, 0x00, 0x0F, 0xFF, 0x00, 0x00, 
  0x00, 0x01, 0xFF, 0xFC, 0x00, 0x00, 0x03, 0xFF, 0xFF, 0xFF, 0x00, 0x00, 0x1F, 0xFF, 0xFF, 0xF8, 
  0x00, 0x00, 0xFF, 0xFF, 0xFF, 0xC0, 0x00, 0x07, 0xFF, 0xFF, 0xFE, 0x00, 0x07, 0xFF, 0xFF, 0xFF, 
  0xE0, 0x1F, 0xFF, 0xFF, 0xFF, 0x80, 0x7F, 0xFF, 0xFF, 0xFE, 0x01, 0xFF, 0xFF, 0xFF, 0xF8, 0x07, 
  0xFF, 0xFF, 0xFF, 0xE0, 0x1F, 0xFF, 0xFF, 0xFF, 0x80, 0x7F, 0xFF, 0xFF, 0xFE, 0x01, 0xFF, 0xFF, 
  0xFF, 0xF8, 0x07, 0xC0, 0x00, 0x07, 0xE0, 0x1E, 0x00, 0x00, 0x0F, 0x80, 0x78, 0x00, 0x00, 0x1E, 
  0x03, 0xE0, 0x00, 0x00, 0x78, 0x0F, 0x80, 0x00, 0x01, 0xE0, 0x3E, 0x00, 0x00, 0x07, 0x80, 0xF8, 
  0x00, 0x00, 0x00, 0x03, 0xE0, 0x00, 0x00, 0x00, 0x0F, 0x80, 0x00, 0x00, 0x00, 0x3E, 0x00, 0x00, 
  0x00, 0x00, 0xF8, 0x00, 0x00, 0x00, 0x03, 0xE0, 0x00, 0x00, 0x00, 0x0F, 0x00, 0x00, 0x00, 0x00, 
  0x3C, 0x00, 0x00, 0x00, 0x01, 0xF0, 0x00, 0x00, 0x00, 0x07, 0xC0, 0x00, 0x00, 0x00, 0x1F, 0x00, 
  0xF0, 0x00, 0x00, 0x7D, 0xFF, 0xFF, 0x00, 0x01, 0xFF, 0xFF, 0xFF, 0x00, 0x07, 0xFF, 0xFF, 0xFF, 
  0x00, 0x1F, 0xFF, 0xFF, 0xFF, 0x00, 0x7F, 0xC1, 0xFF, 0xFE, 0x01, 0xE0, 0x00, 0x7F, 0xFC, 0x00, 
  0x00, 0x00, 0x7F, 0xF8, 0x00, 0x00, 0x00, 0xFF, 0xE0, 0x00, 0x00, 0x01, 0xFF, 0xC0, 0x00, 0x00, 
  0x03, 0xFF, 0x00, 0x00, 0x00, 0x07, 0xFE, 0x00, 0x00, 0x00, 0x1F, 0xF8, 0x00, 0x00, 0x00, 0x7F, 
  0xE0, 0x00, 0x00, 0x01, 0xFF, 0xC0, 0x00, 0x00, 0x03, 0xFF, 0x00, 0x00, 0x00, 0x0F, 0xFC, 0x00, 
  0x00, 0x00, 0x3F, 0xF0, 0x00, 0x00, 0x00, 0xFF, 0xC0, 0x00, 0x00, 0x03, 0xFF, 0x00, 0x00, 0x00, 
  0x0F, 0xFC, 0x00, 0x00, 0x00, 0x3F, 0xF0, 0x00, 0x00, 0x00, 0xFF, 0xC0, 0x00, 0x00, 0x07, 0xFE, 
  0x3C, 0x00, 0x00, 0x1F, 0xF9, 0xF0, 0x00, 0x00, 0x7F, 0xE7, 0xE0, 0x00, 0x03, 0xFF, 0x3F, 0x80, 
  0x00, 0x0F, 0xFC, 0xFF, 0x00, 0x00, 0x7F, 0xE3, 0xFC, 0x00, 0x03, 0xFF, 0x87, 0xF8, 0x00, 0x1F, 
  0xFC, 0x1F, 0xF8, 0x00, 0xFF, 0xE0, 0x3F, 0xFE, 0x7F, 0xFF, 0x00, 0xFF, 0xFF, 0xFF, 0xF8, 0x01, 
  0xFF, 0xFF, 0xFF, 0xC0, 0x01, 0xFF, 0xFF, 0xFC, 0x00, 0x01, 0xFF, 0xFF, 0xC0, 0x00, 0x00, 0x7F, 
  0xE0, 0x00, 0x00, 0x00, 0x00, 0x02, 0x00, 0x00, 0x00, 0x01, 0xFF, 0xF8, 0x00, 0x00, 0x1F, 0xFF, 
  0xFC, 0x00, 0x00, 0x7F, 0xFF, 0xFE, 0x00, 0x03, 0xFF, 0xFF, 0xFE, 0x00, 0x0F, 0xFC, 0x0F, 0xFE, 
  0x00, 0x3F, 0xE0, 0x07, 0xFC, 0x00, 0xFF, 0x80, 0x07, 0xFC, 0x03, 0xFE, 0x00, 0x0F, 0xF8, 0x07, 
  0xF8, 0x00, 0x0F, 0xF0, 0x1F, 0xE0, 0x00, 0x1F, 0xE0, 0x7F, 0xC0, 0x00, 0x3F, 0x80, 0xFF, 0x00, 
  0x00, 0x7F, 0x03, 0xFE, 0x00, 0x00, 0xFC, 0x07, 0xFC, 0x00, 0x00, 0xE0, 0x0F, 0xF0, 0x00, 0x00, 
  0x00, 0x3F, 0xE0, 0x00, 0x00, 0x00, 0x7F, 0xC0, 0x00, 0x00, 0x00, 0xFF, 0x80, 0x00, 0x00, 0x03, 
  0xFF, 0x00, 0x00, 0x00, 0x07, 0xFC, 0x00, 0x00, 0x00, 0x0F, 0xF8, 0x00, 0x00, 0x00, 0x1F, 0xF0, 
  0x00, 0x00, 0x00, 0x7F, 0xE0, 0x00, 0x00, 0x00, 0xFF, 0xC0, 0x00, 0x00, 0x01, 0xFF, 0x80, 0xFF, 
  0x80, 0x03, 0xFF, 0x0F, 0xFF, 0xE0, 0x07, 0xFE, 0x7F, 0xFF, 0xF0, 0x0F, 0xFF, 0xFF, 0xFF, 0xF8, 
  0x1F, 0xFF, 0xFF, 0xFF, 0xF8, 0x3F, 0xFF, 0x80, 0x3F, 0xF8, 0x7F, 0xFC, 0x00, 0x3F, 0xF8, 0xFF, 
  0xF0, 0x00, 0x3F, 0xF1, 0xFF, 0x80, 0x00, 0x3F, 0xF3, 0xFF, 0x00, 0x00, 0x7F, 0xE7, 0xFE, 0x00, 
  0x00, 0x7F, 0xEF, 0xFC, 0x00, 0x00, 0xFF, 0xDF, 0xF8, 0x00, 0x01, 0xFF, 0xBF, 0xF0, 0x00, 0x01, 
  0xFF, 0x7F, 0xE0, 0x00, 0x03, 0xFE, 0xFF, 0xC0, 0x00, 0x07, 0xFF, 0xFF, 0x80, 0x00, 0x0F, 0xFD, 
  0xFF, 0x00, 0x00, 0x1F, 0xFB, 0xFE, 0x00, 0x00, 0x3F, 0xF7, 0xFC, 0x00, 0x00, 0x7F, 0xEF, 0xF8, 
  0x00, 0x00, 0xFF, 0x9F, 0xF8, 0x00, 0x01, 0xFF, 0x1F, 0xF0, 0x00, 0x03, 0xFE, 0x3F, 0xE0, 0x00, 
  0x07, 0xFC, 0x7F, 0xC0, 0x00, 0x0F, 0xF8, 0x7F, 0xC0, 0x00, 0x3F, 0xE0, 0xFF, 0x80, 0x00, 0x7F, 
  0xC0, 0xFF, 0x80, 0x00, 0xFF, 0x81, 0xFF, 0x00, 0x03, 0xFE, 0x01, 0xFF, 0x00, 0x07, 0xFC, 0x03, 
  0xFF, 0x00, 0x1F, 0xF0, 0x03, 0xFF, 0x00, 0x7F, 0xC0, 0x03, 0xFF, 0x83, 0xFF, 0x00, 0x03, 0xFF, 
  0xFF, 0xFC, 0x00, 0x03, 0xFF, 0xFF, 0xF0, 0x00, 0x01, 0xFF, 0xFF, 0xC0, 0x00, 0x00, 0xFF, 0xFE, 
  0x00, 0x00, 0x00, 0x3F, 0xC0, 0x00, 0x00, 0xFF, 0xFF, 0xFF, 0xFF, 0xFF, 0xFF, 0xFF, 0xFF, 0xFF, 
  0xFF, 0xFF, 0xFF, 0xFF, 0xFF, 0xFF, 0xFF, 0xFF, 0xFF, 0xFF, 0xFF, 0xFF, 0xFF, 0xFF, 0xFF, 0xDF, 
  0xFF, 0xFF, 0xFF, 0xFF, 0xBF, 0xFF, 0xFF, 0xFF, 0xFE, 0x7F, 0xFF, 0xFF, 0xFF, 0xFC, 0xFC, 0x00, 
  0x00, 0x07, 0xF9, 0xF0, 0x00, 0x00, 0x0F, 0xE3, 0xE0, 0x00, 0x00, 0x3F, 0xC7, 0x80, 0x00, 0x00, 
  0x7F, 0x8F, 0x00, 0x00, 0x00, 0xFE, 0x1E, 0x00, 0x00, 0x03, 0xFC, 0x3C, 0x00, 0x00, 0x07, 0xF8, 
  0x78, 0x00, 0x00, 0x0F, 0xE0, 0x00, 0x00, 0x00, 0x3F, 0xC0, 0x00, 0x00, 0x00, 0x7F, 0x00, 0x00, 
  0x00, 0x01, 0xFE, 0x00, 0x00, 0x00, 0x03, 0xFC, 0x00, 0x00, 0x00, 0x07, 0xF0, 0x00, 0x00, 0x00, 
  0x1F, 0xE0, 0x00, 0x00, 0x00, 0x3F, 0xC0, 0x00, 0x00, 0x00, 0xFF, 0x00, 0x00, 0x00, 0x01, 0xFE, 
  0x00, 0x00, 0x00, 0x03, 0xF8, 0x00, 0x00, 0x00, 0x0F, 0xF0, 0x00, 0x00, 0x00, 0x1F, 0xE0, 0x00, 
  0x00, 0x00, 0x7F, 0x80, 0x00, 0x00, 0x00, 0xFF, 0x00, 0x00, 0x00, 0x01, 0xFE, 0x00, 0x00, 0x00, 
  0x07, 0xF8, 0x00, 0x00, 0x00, 0x0F, 0xF0, 0x00, 0x00, 0x00, 0x1F, 0xE0, 0x00, 0x00, 0x00, 0x7F, 
  0x80, 0x00, 0x00, 0x00, 0xFF, 0x00, 0x00, 0x00, 0x03, 0xFC, 0x00, 0x00, 0x00, 0x07, 0xF8, 0x00, 
  0x00, 0x00, 0x0F, 0xF0, 0x00, 0x00, 0x00, 0x3F, 0xC0, 0x00, 0x00, 0x00, 0x7F, 0x80, 0x00, 0x00, 
  0x01, 0xFF, 0x00, 0x00, 0x00, 0x03, 0xFC, 0x00, 0x00, 0x00, 0x07, 0xF8, 0x00, 0x00, 0x00, 0x1F, 
  0xE0, 0x00, 0x00, 0x00, 0x3F, 0xC0, 0x00, 0x00, 0x00, 0xFF, 0x80, 0x00, 0x00, 0x01, 0xFE, 0x00, 
  0x00, 0x00, 0x03, 0xFC, 0x00, 0x00, 0x00, 0x0F, 0xF8, 0x00, 0x00, 0x00, 0x1F, 0xE0, 0x00, 0x00, 
  0x00, 0x3F, 0xC0, 0x00, 0x00, 0x00, 0xFF, 0x80, 0x00, 0x00, 0x01, 0xFE, 0x00, 0x00, 0x00, 0x07, 
  0xFC, 0x00, 0x00, 0x00, 0x0F, 0xF0, 0x00, 0x00, 0x00, 0x1F, 0xE0, 0x00, 0x00, 0x00, 0x7F, 0xC0, 
  0x00, 0x00, 0x00, 0xFF, 0x00, 0x00, 0x00, 0x03, 0xFE, 0x00, 0x00, 0x00, 0x07, 0xFC, 0x00, 0x00, 
  0x00, 0x00, 0x00, 0x18, 0x00, 0x00, 0x00, 0x0F, 0xFF, 0xF0, 0x00, 0x00, 0x3F, 0xFF, 0xFC, 0x00, 
  0x00, 0xFF, 0xFF, 0xFF, 0x00, 0x01, 0xFF, 0xFF, 0xFF, 0x80, 0x03, 0xFF, 0x00, 0xFF, 0xC0, 0x07, 
  0xFC, 0x00, 0x3F, 0xE0, 0x0F, 0xF8, 0x00, 0x1F, 0xF0, 0x1F, 0xF0, 0x00, 0x1F, 0xF0, 0x1F, 0xF0, 
  0x00, 0x0F, 0xF0, 0x3F, 0xE0, 0x00, 0x0F, 0xF8, 0x3F, 0xE0, 0x00, 0x07, 0xF8, 0x3F, 0xE0, 0x00, 
  0x07, 0xF8, 0x3F, 0xE0, 0x00, 0x07, 0xF8, 0x3F, 0xE0, 0x00, 0x07, 0xFC, 0x3F, 0xE0, 0x00, 0x07, 
  0xF8, 0x3F, 0xE0, 0x00, 0x07, 0xF8, 0x3F, 0xE0, 0x00, 0x07, 0xF8, 0x3F, 0xE0, 0x00, 0x07, 0xF8, 
  0x3F, 0xF0, 0x00, 0x0F, 0xF8, 0x3F, 0xF0, 0x00, 0x0F, 0xF0, 0x1F, 0xF8, 0x00, 0x0F, 0xF0, 0x1F, 
  0xFC, 0x00, 0x1F, 0xE0, 0x0F, 0xFE, 0x00, 0x3F, 0xE0, 0x0F, 0xFF, 0x80, 0x3F, 0x80, 0x07, 0xFF, 
  0xC0, 0xFF, 0x00, 0x03, 0xFF, 0xF1, 0xFE, 0x00, 0x01, 0xFF, 0xFF, 0xF8, 0x00, 0x00, 0xFF, 0xFF, 
  0xF0, 0x00, 0x00, 0x3F, 0xFF, 0xC0, 0x00, 0x00, 0x1F, 0xFF, 0xF0, 0x00, 0x00, 0x0F, 0xFF, 0xFC, 
  0x00, 0x00, 0x3F, 0xFF, 0xFF, 0x00, 0x00, 0xFF, 0xFF, 0xFF, 0x80, 0x01, 0xFE, 0x1F, 0xFF, 0xC0, 
  0x07, 0xFC, 0x07, 0xFF, 0xF0, 0x0F, 0xF8, 0x01, 0xFF, 0xF0, 0x1F, 0xF0, 0x00, 0xFF, 0xF8, 0x3F, 
  0xE0, 0x00, 0x3F, 0xFC, 0x3F, 0xE0, 0x00, 0x1F, 0xFE, 0x7F, 0xC0, 0x00, 0x0F, 0xFE, 0xFF, 0xC0, 
  0x00, 0x07, 0xFE, 0xFF, 0x80, 0x00, 0x03, 0xFF, 0xFF, 0x80, 0x00, 0x03, 0xFF, 0xFF, 0x80, 0x00, 
  0x01, 0xFF, 0xFF, 0x80, 0x00, 0x01, 0xFF, 0xFF, 0x80, 0x00, 0x01, 0xFF, 0xFF, 0x80, 0x00, 0x01, 
  0xFF, 0xFF, 0x80, 0x00, 0x01, 0xFF, 0xFF, 0x80, 0x00, 0x01, 0xFF, 0xFF, 0x80, 0x00, 0x01, 0xFE, 
  0xFF, 0x80, 0x00, 0x03, 0xFE, 0x7F, 0xC0, 0x00, 0x03, 0xFE, 0x7F, 0xC0, 0x00, 0x03, 0xFC, 0x3F, 
  0xE0, 0x00, 0x07, 0xFC, 0x3F, 0xF0, 0x00, 0x0F, 0xF8, 0x1F, 0xF8, 0x00, 0x1F, 0xF0, 0x0F, 0xFC, 
  0x00, 0x7F, 0xE0, 0x07, 0xFF, 0xC3, 0xFF, 0xC0, 0x03, 0xFF, 0xFF, 0xFF, 0x80, 0x00, 0xFF, 0xFF, 
  0xFE, 0x00, 0x00, 0x3F, 0xFF, 0xF0, 0x00, 0x00, 0x01, 0xFF, 0x00, 0x00, 0x00, 0x00, 0x20, 0x00, 
  0x00, 0x00, 0x1F, 0xFF, 0x00, 0x00, 0x00, 0xFF, 0xFF, 0x80, 0x00, 0x07, 0xFF, 0xFF, 0xC0, 0x00, 
  0x1F, 0xFF, 0xFF, 0xC0, 0x00, 0x7F, 0xF9, 0xFF, 0xE0, 0x01, 0xFF, 0x80, 0x7F, 0xC0, 0x07, 0xFC, 
  0x00, 0x7F, 0xC0, 0x1F, 0xF8, 0x00, 0x7F, 0xC0, 0x3F, 0xE0, 0x00, 0x7F, 0xC0, 0xFF, 0x80, 0x00, 
  0xFF, 0x81, 0xFF, 0x00, 0x00, 0xFF, 0x87, 0xFE, 0x00, 0x01, 0xFF, 0x0F, 0xF8, 0x00, 0x03, 0xFE, 
  0x1F, 0xF0, 0x00, 0x03, 0xFE, 0x3F, 0xE0, 0x00, 0x07, 0xFC, 0xFF, 0xC0, 0x00, 0x0F, 0xF9, 0xFF, 
  0x80, 0x00, 0x1F, 0xFB, 0xFF, 0x00, 0x00, 0x1F, 0xF7, 0xFE, 0x00, 0x00, 0x3F, 0xEF, 0xFC, 0x00, 
  0x00, 0x7F, 0xDF, 0xF8, 0x00, 0x00, 0xFF, 0xBF, 0xF0, 0x00, 0x01, 0xFF, 0x7F, 0xE0, 0x00, 0x03, 
  0xFF, 0xFF, 0xC0, 0x00, 0x07, 0xFF, 0xFF, 0x80, 0x00, 0x0F, 0xFD, 0xFF, 0x00, 0x00, 0x1F, 0xFB, 
  0xFF, 0x00, 0x00, 0x3F, 0xF7, 0xFE, 0x00, 0x00, 0xFF, 0xEF, 0xFE, 0x00, 0x03, 0xFF, 0xCF, 0xFC, 
  0x00, 0x07, 0xFF, 0x8F, 0xFC, 0x00, 0x3F, 0xFF, 0x1F, 0xFE, 0x00, 0xFF, 0xFE, 0x1F, 0xFF, 0xFF, 
  0xFF, 0xFC, 0x1F, 0xFF, 0xFF, 0xDF, 0xF8, 0x1F, 0xFF, 0xFE, 0x3F, 0xF0, 0x0F, 0xFF, 0xF8, 0x7F, 
  0xC0, 0x07, 0xFF, 0xC0, 0xFF, 0x80, 0x00, 0x38, 0x01, 0xFF, 0x00, 0x00, 0x00, 0x03, 0xFE, 0x00, 
  0x00, 0x00, 0x07, 0xFC, 0x00, 0x00, 0x00, 0x1F, 0xF8, 0x00, 0x00, 0x00, 0x3F, 0xE0, 0x00, 0x00, 
  0x00, 0x7F, 0xC0, 0x00, 0x00, 0x00, 0xFF, 0x80, 0x00, 0x00, 0x01, 0xFF, 0x00, 0x00, 0x00, 0x07, 
  0xFC, 0x00, 0x00, 0x00, 0x0F, 0xF8, 0x00, 0x00, 0x00, 0x1F, 0xE0, 0x00, 0x00, 0x00, 0x7F, 0xC0, 
  0x00, 0x00, 0x00, 0xFF, 0x80, 0x60, 0x00, 0x01, 0xFE, 0x01, 0xE0, 0x00, 0x07, 0xFC, 0x03, 0xC0, 
  0x00, 0x1F, 0xF0, 0x07, 0xC0, 0x00, 0x3F, 0xC0, 0x0F, 0xC0, 0x00, 0xFF, 0x80, 0x1F, 0xC0, 0x07, 
  0xFE, 0x00, 0x3F, 0xE0, 0x3F, 0xF8, 0x00, 0x3F, 0xFF, 0xFF, 0xC0, 0x00, 0x7F, 0xFF, 0xFF, 0x00, 
  0x00, 0x7F, 0xFF, 0xFC, 0x00, 0x00, 0x3F, 0xFF, 0xC0, 0x00, 0x00, 0x0F, 0xFC, 0x00, 0x00, 0x00, 
  0x1F, 0x0F, 0xFB, 0xFF, 0xFF, 0xFF, 0xFF, 0xFF, 0xFF, 0xFF, 0xFF, 0xFF, 0xFF, 0xFD, 0xFF, 0x0F, 
  0x80, 0x00, 0x00, 0x00, 0x00, 0x00, 0x00, 0x00, 0x00, 0x00, 0x00, 0x00, 0x00, 0x00, 0x00, 0x00, 
  0x00, 0x00, 0x00, 0x00, 0x00, 0x00, 0x00, 0x00, 0x00, 0x00, 0x00, 0x00, 0x00, 0x00, 0x00, 0x10, 
  0x1F, 0xC7, 0xFD, 0xFF, 0xFF, 0xFF, 0xFF, 0xFF, 0xFF, 0xFF, 0xFF, 0xFF, 0xF7, 0xFC, 0x7F, 0x01, 
  0x00, 0x03, 0xE0, 0x1F, 0xF0, 0x7F, 0xF0, 0xFF, 0xE1, 0xFF, 0xC3, 0xFF, 0x87, 0xFF, 0x0F, 0xFE, 
  0x1F, 0xFC, 0x3F, 0xF8, 0x3F, 0xE0, 0x1F, 0x00, 0x00, 0x00, 0x00, 0x00, 0x00, 0x00, 0x00, 0x00, 
  0x00, 0x00, 0x00, 0x00, 0x00, 0x00, 0x00, 0x00, 0x00, 0x00, 0x00, 0x00, 0x00, 0x00, 0x00, 0x00, 
  0x00, 0x00, 0x00, 0x00, 0x00, 0x00, 0x00, 0x00, 0x00, 0x00, 0x00, 0x00, 0x00, 0x00, 0x00, 0x00, 
  0x00, 0x04, 0x00, 0x7F, 0x01, 0xFF, 0x07, 0xFF, 0x0F, 0xFF, 0x1F, 0xFE, 0x3F, 0xFC, 0x7F, 0xF8, 
  0x7F, 0xF8, 0xFF, 0xE0, 0x7F, 0xC0, 0x7F, 0x80, 0x3F, 0x00, 0x7E, 0x00, 0xF8, 0x01, 0xF0, 0x07, 
  0xC0, 0x0F, 0x80, 0x3E, 0x01, 0xF8, 0x0F, 0xE0, 0x7F, 0x80, 0xFE, 0x01, 0xF0, 0x03, 0x00, 0x00, 
  0x00, 0x00, 0x00, 0x00, 0x08, 0x00, 0x00, 0x00, 0x00, 0xC0, 0x00, 0x00, 0x00, 0x1E, 0x00, 0x00, 
  0x00, 0x03, 0xF0, 0x00, 0x00, 0x00, 0x7F, 0x80, 0x00, 0x00, 0x0F, 0xFC, 0x00, 0x00, 0x00, 0xFF, 
  0xE0, 0x00, 0x00, 0x1F, 0xFC, 0x00, 0x00, 0x03, 0xFF, 0x80, 0x00, 0x00, 0x7F, 0xF0, 0x00, 0x00, 
  0x0F, 0xFE, 0x00, 0x00, 0x01, 0xFF, 0xC0, 0x00, 0x00, 0x3F, 0xFC, 0x00, 0x00, 0x03, 0xFF, 0x80, 
  0x00, 0x00, 0x7F, 0xF0, 0x00, 0x00, 0x0F, 0xFE, 0x00, 0x00, 0x01, 0xFF, 0xC0, 0x00, 0x00, 0x3F, 
  0xF8, 0x00, 0x00, 0x07, 0xFF, 0x80, 0x00, 0x00, 0xFF, 0xF0, 0x00, 0x00, 0x0F, 0xFE, 0x00, 0x00, 
  0x00, 0x7F, 0xC0, 0x00, 0x00, 0x03, 0xFF, 0x00, 0x00, 0x00, 0x0F, 0xFE, 0x00, 0x00, 0x00, 0x1F, 
  0xFC, 0x00, 0x00, 0x00, 0x3F, 0xF8, 0x00, 0x00, 0x00, 0x7F, 0xF0, 0x00, 0x00, 0x01, 0xFF, 0xE0, 
  0x00, 0x00, 0x03, 0xFF, 0x80, 0x00, 0x00, 0x07, 0xFF, 0x00, 0x00, 0x00, 0x0F, 0xFE, 0x00, 0x00, 
  0x00, 0x1F, 0xFC, 0x00, 0x00, 0x00, 0x3F, 0xF8, 0x00, 0x00, 0x00, 0x7F, 0xF0, 0x00, 0x00, 0x00, 
  0xFF, 0xE0, 0x00, 0x00, 0x03, 0xFF, 0xC0, 0x00, 0x00, 0x07, 0xFF, 0x00, 0x00, 0x00, 0x0F, 0xFC, 
  0x00, 0x00, 0x00, 0x1F, 0xE0, 0x00, 0x00, 0x00, 0x3F, 0x00, 0x00, 0x00, 0x00, 0x78, 0x00, 0x00, 
  0x00, 0x00, 0xC0, 0x00, 0x00, 0x00, 0x02, 0xFF, 0xFF, 0xFF, 0xFF, 0xFF, 0xFF, 0xFF, 0xFF, 0xFF, 
  0xFF, 0xFF, 0xFF, 0xFF, 0xFF, 0xFF, 0xFF, 0xFF, 0xFF, 0xFF, 0xFF, 0xFF, 0xFF, 0xFF, 0x80, 0x00, 
  0x00, 0x00, 0x00, 0x00, 0x00, 0x00, 0x00, 0x00, 0x00, 0x00, 0x00, 0x00, 0x00, 0x00, 0x00, 0x00, 
  0x00, 0x00, 0x00, 0x00, 0x00, 0x00, 0x00, 0x00, 0x00, 0x00, 0x00, 0x00, 0x00, 0x00, 0x00, 0x00, 
  0x00, 0x00, 0x00, 0x00, 0x00, 0x00, 0x00, 0x00, 0x00, 0x00, 0x00, 0x00, 0x00, 0x00, 0x00, 0x00, 
  0x00, 0xFF, 0xFF, 0xFF, 0xFF, 0xFF, 0xFF, 0xFF, 0xFF, 0xFF, 0xFF, 0xFF, 0xFF, 0xFF, 0xFF, 0xFF, 
  0xFF, 0xFF, 0xFF, 0xFF, 0xFF, 0xFF, 0xFF, 0xFF, 0xFF, 0xFF, 0xFF, 0xFF, 0xFC, 0x80, 0x00, 0x00, 
  0x00, 0x07, 0x00, 0x00, 0x00, 0x00, 0x3E, 0x00, 0x00, 0x00, 0x01, 0xFC, 0x00, 0x00, 0x00, 0x0F, 
  0xF0, 0x00, 0x00, 0x00, 0x7F, 0xE0, 0x00, 0x00, 0x01, 0xFF, 0xC0, 0x00, 0x00, 0x03, 0xFF, 0x80, 
  0x00, 0x00, 0x07, 0xFF, 0x00, 0x00, 0x00, 0x0F, 0xFE, 0x00, 0x00, 0x00, 0x3F, 0xFC, 0x00, 0x00, 
  0x00, 0x7F, 0xF0, 0x00, 0x00, 0x00, 0xFF, 0xE0, 0x00, 0x00, 0x01, 0xFF, 0xC0, 0x00, 0x00, 0x03, 
  0xFF, 0x80, 0x00, 0x00, 0x07, 0xFF, 0x00, 0x00, 0x00, 0x1F, 0xFE, 0x00, 0x00, 0x00, 0x3F, 0xF8, 
  0x00, 0x00, 0x00, 0x7F, 0xF0, 0x00, 0x00, 0x00, 0xFF, 0xE0, 0x00, 0x00, 0x01, 0xFF, 0x80, 0x00, 
  0x00, 0x03, 0xFC, 0x00, 0x00, 0x00, 0x7F, 0xE0, 0x00, 0x00, 0x07, 0xFF, 0x00, 0x00, 0x00, 0xFF, 
  0xE0, 0x00, 0x00, 0x1F, 0xFC, 0x00, 0x00, 0x03, 0xFF, 0x80, 0x00, 0x00, 0x7F, 0xF0, 0x00, 0x00, 
  0x0F, 0xFE, 0x00, 0x00, 0x01, 0xFF, 0xC0, 0x00, 0x00, 0x3F, 0xFC, 0x00, 0x00, 0x03, 0xFF, 0x80, 
  0x00, 0x00, 0x7F, 0xF0, 0x00, 0x00, 0x0F, 0xFE, 0x00, 0x00, 0x01, 0xFF, 0xC0, 0x00, 0x00, 0x3F, 
  0xF8, 0x00, 0x00, 0x07, 0xFF, 0x00, 0x00, 0x00, 0x7F, 0xF0, 0x00, 0x00, 0x03, 0xFE, 0x00, 0x00, 
  0x00, 0x1F, 0xC0, 0x00, 0x00, 0x00, 0xF8, 0x00, 0x00, 0x00, 0x07, 0x00, 0x00, 0x00, 0x00, 0x20, 
  0x00, 0x00, 0x00, 0x00, 0x00, 0x01, 0x80, 0x00, 0x00, 0x1F, 0xFF, 0xE0, 0x00, 0x1F, 0xFF, 0xFF, 
  0x80, 0x07, 0xFF, 0xFF, 0xF8, 0x03, 0xFF, 0xFF, 0xFF, 0xC0, 0xFF, 0xF0, 0x0F, 0xFC, 0x1F, 0xF8, 
  0x00, 0xFF, 0xC7, 0xFE, 0x00, 0x07, 0xFC, 0xFF, 0xC0, 0x00, 0xFF, 0x9F, 0xF0, 0x00, 0x0F, 0xFB, 
  0xFE, 0x00, 0x01, 0xFF, 0x7F, 0x80, 0x00, 0x3F, 0xFF, 0xF0, 0x00, 0x03, 0xFE, 0xFE, 0x00, 0x00, 
  0x7F, 0xCF, 0xC0, 0x00, 0x0F, 0xF8, 0x78, 0x00, 0x01, 0xFF, 0x00, 0x00, 0x00, 0x3F, 0xE0, 0x00, 
  0x00, 0x0F, 0xFC, 0x00, 0x00, 0x01, 0xFF, 0x80, 0x00, 0x00, 0x3F, 0xF0, 0x00, 0x00, 0x07, 0xFE, 
  0x00, 0x00, 0x01, 0xFF, 0x80, 0x00, 0x00, 0x3F, 0xF0, 0x00, 0x00, 0x0F, 0xFE, 0x00, 0x00, 0x01, 
  0xFF, 0x80, 0x00, 0x00, 0x7F, 0xE0, 0x00, 0x00, 0x1F, 0xFC, 0x00, 0x00, 0x07, 0xFF, 0x00, 0x00, 
  0x01, 0xFF, 0xC0, 0x00, 0x00, 0x7F, 0xF0, 0x00, 0x00, 0x3F, 0xF8, 0x00, 0x00, 0x1F, 0xFE, 0x00, 
  0x00, 0x07, 0xFF, 0x00, 0x00, 0x00, 0xFF, 0xC0, 0x00, 0x00, 0x1F, 0xC0, 0x00, 0x00, 0x03, 0xF0, 
  0x00, 0x00, 0x00, 0x7E, 0x00, 0x00, 0x00, 0x0F, 0xC0, 0x00, 0x00, 0x01, 0xF8, 0x00, 0x00, 0x00, 
  0x3F, 0x00, 0x00, 0x00, 0x07, 0xE0, 0x00, 0x00, 0x00, 0xFC, 0x00, 0x00, 0x00, 0x1F, 0x00, 0x00, 
  0x00, 0x03, 0xE0, 0x00, 0x00, 0x00, 0x00, 0x00, 0x00, 0x00, 0x00, 0x00, 0x00, 0x00, 0x00, 0x00, 
  0x00, 0x00, 0x00, 0x00, 0x00, 0x00, 0x00, 0x00, 0x00, 0x00, 0x00, 0x00, 0x00, 0x00, 0x00, 0x00, 
  0x04, 0x00, 0x00, 0x00, 0x07, 0xF0, 0x00, 0x00, 0x01, 0xFF, 0x00, 0x00, 0x00, 0x7F, 0xF0, 0x00, 
  0x00, 0x0F, 0xFE, 0x00, 0x00, 0x01, 0xFF, 0xC0, 0x00, 0x00, 0x3F, 0xF8, 0x00, 0x00, 0x07, 0xFF, 
  0x00, 0x00, 0x00, 0xFF, 0xE0, 0x00, 0x00, 0x1F, 0xFC, 0x00, 0x00, 0x01, 0xFF, 0x00, 0x00, 0x00, 
  0x1F, 0xC0, 0x00, 0x00, 0x00, 0x40, 0x00, 0x00, 0x00, 0x00, 0x00, 0x00, 0x0F, 0xF0, 0x00, 0x00, 
  0x00, 0x00, 0x00, 0x00, 0x1F, 0xFF, 0xFE, 0x00, 0x00, 0x00, 0x00, 0x00, 0x07, 0xFF, 0xFF, 0xFE, 
  0x00, 0x00, 0x00, 0x00, 0x01, 0xFF, 0xFF, 0xFF, 0xFC, 0x00, 0x00, 0x00, 0x00, 0x3F, 0xFF, 0xFF, 
  0xFF, 0xF8, 0x00, 0x00, 0x00, 0x07, 0xFF, 0xC0, 0x00, 0xFF, 0xE0, 0x00, 0x00, 0x00, 0xFF, 0xE0, 
  0x00, 0x00, 0xFF, 0xC0, 0x00, 0x00, 0x0F, 0xFC, 0x00, 0x00, 0x01, 0xFF, 0x00, 0x00, 0x00, 0xFF, 
  0x80, 0x00, 0x00, 0x03, 0xFC, 0x00, 0x00, 0x1F, 0xF0, 0x00, 0x00, 0x00, 0x07, 0xF0, 0x00, 0x01, 
  0xFF, 0x00, 0x00, 0x00, 0x00, 0x1F, 0xC0, 0x00, 0x1F, 0xF0, 0x00, 0x00, 0x00, 0x00, 0x7E, 0x00, 
  0x01, 0xFE, 0x00, 0x00, 0x00, 0x00, 0x01, 0xF8, 0x00, 0x1F, 0xE0, 0x00, 0x00, 0x00, 0x00, 0x0F, 
  0xE0, 0x00, 0xFE, 0x00, 0x00, 0x00, 0x00, 0x00, 0x3F, 0x00, 0x0F, 0xE0, 0x00, 0x00, 0x00, 0x00, 
  0x00, 0xFC, 0x00, 0xFF, 0x00, 0x00, 0x3F, 0xE0, 0x00, 0x07, 0xE0, 0x0F, 0xF0, 0x00, 0x0F, 0xFF, 
  0xC3, 0xC0, 0x1F, 0x00, 0x7F, 0x00, 0x01, 0xFF, 0xFF, 0xFC, 0x00, 0xFC, 0x07, 0xF0, 0x00, 0x3F, 
  0xFF, 0xFF, 0xE0, 0x07, 0xE0, 0x3F, 0x80, 0x03, 0xFE, 0x03, 0xFF, 0x00, 0x1F, 0x03, 0xF8, 0x00, 
  0x3F, 0xC0, 0x07, 0xF8, 0x00, 0xF8, 0x3F, 0xC0, 0x03, 0xFC, 0x00, 0x3F, 0xC0, 0x07, 0xE1, 0xFC, 
  0x00, 0x3F, 0xC0, 0x01, 0xFC, 0x00, 0x3F, 0x0F, 0xE0, 0x03, 0xFE, 0x00, 0x1F, 0xE0, 0x01, 0xF8, 
  0xFE, 0x00, 0x3F, 0xE0, 0x00, 0xFF, 0x00, 0x0F, 0xC7, 0xF0, 0x01, 0xFE, 0x00, 0x07, 0xF8, 0x00, 
  0x7E, 0x3F, 0x80, 0x1F, 0xF0, 0x00, 0x3F, 0xC0, 0x01, 0xF3, 0xF8, 0x00, 0xFF, 0x00, 0x01, 0xFC, 
  0x00, 0x1F, 0x9F, 0xC0, 0x0F, 0xF8, 0x00, 0x1F, 0xE0, 0x00, 0xFC, 0xFE, 0x00, 0x7F, 0xC0, 0x00, 
  0xFF, 0x00, 0x07, 0xEF, 0xE0, 0x07, 0xFC, 0x00, 0x07, 0xF8, 0x00, 0x3F, 0x7F, 0x00, 0x3F, 0xE0, 
  0x00, 0x3F, 0xC0, 0x01, 0xFB, 0xF8, 0x01, 0xFF, 0x00, 0x01, 0xFE, 0x00, 0x0F, 0xDF, 0xC0, 0x0F, 
  0xF0, 0x00, 0x0F, 0xE0, 0x00, 0x7C, 0xFE, 0x00, 0xFF, 0x80, 0x00, 0xFF, 0x00, 0x03, 0xE7, 0xF0, 
  0x07, 0xFC, 0x00, 0x07, 0xF8, 0x00, 0x1F, 0x7F, 0x80, 0x3F, 0xE0, 0x00, 0x3F, 0xC0, 0x01, 0xFB, 
  0xFC, 0x01, 0xFF, 0x00, 0x01, 0xFE, 0x00, 0x0F, 0xDF, 0xC0, 0x0F, 0xF8, 0x00, 0x0F, 0xE0, 0x00, 
  0x7C, 0xFE, 0x00, 0x7F, 0xC0, 0x00, 0xFF, 0x00, 0x03, 0xE7, 0xF0, 0x03, 0xFE, 0x00, 0x07, 0xF8, 
  0x00, 0x3F, 0x3F, 0x80, 0x1F, 0xF0, 0x00, 0x3F, 0xC0, 0x01, 0xF1, 0xFC, 0x00, 0xFF, 0x80, 0x03, 
  0xFE, 0x00, 0x1F, 0x8F, 0xE0, 0x07, 0xFC, 0x00, 0x1F, 0xF0, 0x00, 0xF8, 0x7F, 0x00, 0x1F, 0xE0, 
  0x00, 0xFF, 0x80, 0x0F, 0xC1, 0xFC, 0x00, 0xFF, 0x80, 0x0F, 0xFC, 0x00, 0xFC, 0x0F, 0xE0, 0x03, 
  0xFC, 0x00, 0xF7, 0xF0, 0x07, 0xC0, 0x7F, 0x00, 0x1F, 0xF0, 0x0F, 0x9F, 0x80, 0xFE, 0x03, 0xF8, 
  0x00, 0x7F, 0xE1, 0xF8, 0xFF, 0x0F, 0xE0, 0x1F, 0xC0, 0x01, 0xFF, 0xFF, 0x83, 0xFF, 0xFE, 0x00, 
  0xFE, 0x00, 0x07, 0xFF, 0xF8, 0x0F, 0xFF, 0xE0, 0x03, 0xF8, 0x00, 0x1F, 0xFF, 0x80, 0x3F, 0xFC, 
  0x00, 0x1F, 0xC0, 0x00, 0x3F, 0xF0, 0x00, 0x7F, 0xC0, 0x00, 0xFE, 0x00, 0x00, 0x00, 0x00, 0x00, 
  0x00, 0x00, 0x03, 0xF8, 0x00, 0x00, 0x00, 0x00, 0x00, 0x00, 0x00, 0x1F, 0xC0, 0x00, 0x00, 0x00, 
  0x00, 0x00, 0x00, 0x00, 0xFF, 0x00, 0x00, 0x00, 0x00, 0x00, 0x00, 0x00, 0x03, 0xFC, 0x00, 0x00, 
  0x00, 0x00, 0x00, 0x00, 0x00, 0x0F, 0xE0, 0x00, 0x00, 0x00, 0x00, 0x00, 0x00, 0x00, 0x7F, 0x80, 
  0x00, 0x00, 0x00, 0x00, 0x00, 0x00, 0x01, 0xFE, 0x00, 0x00, 0x00, 0x00, 0x00, 0x00, 0x00, 0x07, 
  0xF8, 0x00, 0x00, 0x00, 0x00, 0x0C, 0x00, 0x00, 0x3F, 0xE0, 0x00, 0x00, 0x00, 0x01, 0xE0, 0x00, 
  0x00, 0xFF, 0xC0, 0x00, 0x00, 0x00, 0x3F, 0x80, 0x00, 0x03, 0xFF, 0x80, 0x00, 0x00, 0x07, 0xF8, 
  0x00, 0x00, 0x07, 0xFF, 0x00, 0x00, 0x01, 0xFF, 0x80, 0x00, 0x00, 0x1F, 0xFF, 0x00, 0x00, 0x7F, 
  0xF0, 0x00, 0x00, 0x00, 0x3F, 0xFF, 0xF3, 0xFF, 0xFE, 0x00, 0x00, 0x00, 0x00, 0xFF, 0xFF, 0xFF, 
  0xFF, 0xC0, 0x00, 0x00, 0x00, 0x00, 0xFF, 0xFF, 0xFF, 0xF8, 0x00, 0x00, 0x00, 0x00, 0x00, 0xFF, 
  0xFF, 0xFC, 0x00, 0x00, 0x00, 0x00, 0x00, 0x00, 0x7F, 0xFE, 0x00, 0x00, 0x00, 0x00, 0x00, 0x00, 
  0x00, 0x1F, 0xE0, 0x00, 0x00, 0x00, 0x00, 0x00, 0x01, 0xFF, 0x00, 0x00, 0x00, 0x00, 0x00, 0x00, 
  0x0F, 0xFC, 0x00, 0x00, 0x00, 0x00, 0x00, 0x00, 0x7F, 0xE0, 0x00, 0x00, 0x00, 0x00, 0x00, 0x07, 
  0xFF, 0x00, 0x00, 0x00, 0x00, 0x00, 0x00, 0x3F, 0xFC, 0x00, 0x00, 0x00, 0x00, 0x00, 0x01, 0xFF, 
  0xE0, 0x00, 0x00, 0x00, 0x00, 0x00, 0x1F, 0xFF, 0x00, 0x00, 0x00, 0x00, 0x00, 0x00, 0xFF, 0xFC, 
  0x00, 0x00, 0x00, 0x00, 0x00, 0x0F, 0xBF, 0xE0, 0x00, 0x00, 0x00, 0x00, 0x00, 0x7D, 0xFF, 0x80, 
  0x00, 0x00, 0x00, 0x00, 0x03, 0xEF, 0xFC, 0x00, 0x00, 0x00, 0x00, 0x00, 0x3F, 0x3F, 0xE0, 0x00, 
  0x00, 0x00, 0x00, 0x01, 0xF1, 0xFF, 0x80, 0x00, 0x00, 0x00, 0x00, 0x0F, 0x8F, 0xFC, 0x00, 0x00, 
  0x00, 0x00, 0x00, 0xFC, 0x3F, 0xE0, 0x00, 0x00, 0x00, 0x00, 0x07, 0xC1, 0xFF, 0x80, 0x00, 0x00, 
  0x00, 0x00, 0x7E, 0x0F, 0xFC, 0x00, 0x00, 0x00, 0x00, 0x03, 0xF0, 0x3F, 0xE0, 0x00, 0x00, 0x00, 
  0x00, 0x1F, 0x01, 0xFF, 0x80, 0x00, 0x00, 0x00, 0x01, 0xF8, 0x0F, 0xFC, 0x00, 0x00, 0x00, 0x00, 
  0x0F, 0xC0, 0x3F, 0xF0, 0x00, 0x00, 0x00, 0x00, 0x7C, 0x01, 0xFF, 0x80, 0x00, 0x00, 0x00, 0x07, 
  0xE0, 0x0F, 0xFC, 0x00, 0x00, 0x00, 0x00, 0x3E, 0x00, 0x3F, 0xF0, 0x00, 0x00, 0x00, 0x03, 0xF0, 
  0x01, 0xFF, 0x80, 0x00, 0x00, 0x00, 0x1F, 0x80, 0x0F, 0xFC, 0x00, 0x00, 0x00, 0x00, 0xF8, 0x00, 
  0x3F, 0xF0, 0x00, 0x00, 0x00, 0x0F, 0xC0, 0x01, 0xFF, 0x80, 0x00, 0x00, 0x00, 0x7E, 0x00, 0x07, 
  0xFC, 0x00, 0x00, 0x00, 0x03, 0xE0, 0x00, 0x3F, 0xF0, 0x00, 0x00, 0x00, 0x3F, 0x00, 0x01, 0xFF, 
  0x80, 0x00, 0x00, 0x01, 0xF8, 0x00, 0x07, 0xFE, 0x00, 0x00, 0x00, 0x1F, 0x80, 0x00, 0x3F, 0xF0, 
  0x00, 0x00, 0x00, 0xFC, 0x00, 0x01, 0xFF, 0x80, 0x00, 0x00, 0x07, 0xC0, 0x00, 0x07, 0xFE, 0x00, 
  0x00, 0x00, 0x7F, 0xFF, 0xFF, 0xFF, 0xF0, 0x00, 0x00, 0x03, 0xFF, 0xFF, 0xFF, 0xFF, 0x80, 0x00, 
  0x00, 0x1F, 0xFF, 0xFF, 0xFF, 0xFE, 0x00, 0x00, 0x01, 0xFF, 0xFF, 0xFF, 0xFF, 0xF0, 0x00, 0x00, 
  0x0F, 0xFF, 0xFF, 0xFF, 0xFF, 0x80, 0x00, 0x00, 0x7C, 0x00, 0x00, 0x07, 0xFE, 0x00, 0x00, 0x07, 
  0xE0, 0x00, 0x00, 0x3F, 0xF0, 0x00, 0x00, 0x3F, 0x00, 0x00, 0x01, 0xFF, 0xC0, 0x00, 0x03, 0xF0, 
  0x00, 0x00, 0x07, 0xFE, 0x00, 0x00, 0x1F, 0x80, 0x00, 0x00, 0x3F, 0xF0, 0x00, 0x00, 0xFC, 0x00, 
  0x00, 0x01, 0xFF, 0xC0, 0x00, 0x0F, 0xC0, 0x00, 0x00, 0x07, 0xFE, 0x00, 0x00, 0x7E, 0x00, 0x00, 
  0x00, 0x3F, 0xF0, 0x00, 0x03, 0xE0, 0x00, 0x00, 0x00, 0xFF, 0xC0, 0x00, 0x3F, 0x00, 0x00, 0x00, 
  0x07, 0xFE, 0x00, 0x01, 0xF8, 0x00, 0x00, 0x00, 0x3F, 0xF0, 0x00, 0x1F, 0xC0, 0x00, 0x00, 0x01, 
  0xFF, 0xC0, 0x00, 0xFE, 0x00, 0x00, 0x00, 0x0F, 0xFE, 0x00, 0x0F, 0xF0, 0x00, 0x00, 0x00, 0x7F, 
  0xF8, 0x00, 0x7F, 0x80, 0x00, 0x00, 0x03, 0xFF, 0xC0, 0x07, 0xFE, 0x00, 0x00, 0x00, 0x3F, 0xFF, 
  0x87, 0xFF, 0xFF, 0xC0, 0x00, 0x7F, 0xFF, 0xFF, 0xFF, 0xFF, 0xFE, 0x00, 0x03, 0xFF, 0xFF, 0xFF, 
  0xFF, 0xFF, 0xF0, 0x00, 0x1F, 0xFF, 0xFF, 0xFF, 0xFF, 0xFF, 0x80, 0x00, 0xFF, 0xFF, 0xFF, 0x80, 
  0xFF, 0xFF, 0xFF, 0xF0, 0x00, 0x00, 0x7F, 0xFF, 0xFF, 0xFF, 0xF0, 0x00, 0x3F, 0xFF, 0xFF, 0xFF, 
  0xFF, 0x00, 0x1F, 0xFF, 0xFF, 0xFF, 0xFF, 0xE0, 0x00, 0xFF, 0xFF, 0xFF, 0xFF, 0xF8, 0x00, 0x0F, 
  0xFE, 0x00, 0x3F, 0xFF, 0x00, 0x07, 0xFF, 0x00, 0x03, 0xFF, 0x80, 0x01, 0xFF, 0x80, 0x00, 0xFF, 
  0xE0, 0x00, 0xFF, 0xC0, 0x00, 0x3F, 0xF8, 0x00, 0x7F, 0xE0, 0x00, 0x0F, 0xFC, 0x00, 0x3F, 0xF0, 
  0x00, 0x07, 0xFE, 0x00, 0x1F, 0xF8, 0x00, 0x03, 0xFF, 0x80, 0x0F, 0xFC, 0x00, 0x01, 0xFF, 0xC0, 
  0x07, 0xFE, 0x00, 0x00, 0x7F, 0xE0, 0x03, 0xFF, 0x00, 0x00, 0x3F, 0xF0, 0x01, 0xFF, 0x80, 0x00, 
  0x1F, 0xF8, 0x00, 0xFF, 0xC0, 0x00, 0x0F, 0xFC, 0x00, 0x7F, 0xE0, 0x00, 0x07, 0xFE, 0x00, 0x3F, 
  0xF0, 0x00, 0x03, 0xFF, 0x00, 0x1F, 0xF8, 0x00, 0x03, 0xFF, 0x80, 0x0F, 0xFC, 0x00, 0x01, 0xFF, 
  0x80, 0x07, 0xFE, 0x00, 0x00, 0xFF, 0xC0, 0x03, 0xFF, 0x00, 0x00, 0xFF, 0xC0, 0x01, 0xFF, 0x80, 
  0x00, 0x7F, 0xE0, 0x00, 0xFF, 0xC0, 0x00, 0x7F, 0xE0, 0x00, 0x7F, 0xE0, 0x00, 0xFF, 0xE0, 0x00, 
  0x3F, 0xF0, 0x03, 0xFF, 0xC0, 0x00, 0x1F, 0xFF, 0xFF, 0xFF, 0xC0, 0x00, 0x0F, 0xFF, 0xFF, 0xFF, 
  0x00, 0x00, 0x07, 0xFF, 0xFF, 0xFF, 0xC0, 0x00, 0x03, 0xFF, 0xFF, 0xFF, 0xFC, 0x00, 0x01, 0xFF, 
  0x80, 0x7F, 0xFF, 0x80, 0x00, 0xFF, 0xC0, 0x00, 0xFF, 0xE0, 0x00, 0x7F, 0xE0, 0x00, 0x1F, 0xF8, 
  0x00, 0x3F, 0xF0, 0x00, 0x07, 0xFE, 0x00, 0x1F, 0xF8, 0x00, 0x01, 0xFF, 0x80, 0x0F, 0xFC, 0x00, 
  0x00, 0x7F, 0xE0, 0x07, 0xFE, 0x00, 0x00, 0x3F, 0xF0, 0x03, 0xFF, 0x00, 0x00, 0x1F, 0xFC, 0x01, 
  0xFF, 0x80, 0x00, 0x07, 0xFE, 0x00, 0xFF, 0xC0, 0x00, 0x03, 0xFF, 0x00, 0x7F, 0xE0, 0x00, 0x01, 
  0xFF, 0x80, 0x3F, 0xF0, 0x00, 0x00, 0xFF, 0xE0, 0x1F, 0xF8, 0x00, 0x00, 0x7F, 0xF0, 0x0F, 0xFC, 
  0x00, 0x00, 0x3F, 0xF8, 0x07, 0xFE, 0x00, 0x00, 0x1F, 0xFC, 0x03, 0xFF, 0x00, 0x00, 0x0F, 0xFE, 
  0x01, 0xFF, 0x80, 0x00, 0x07, 0xFF, 0x00, 0xFF, 0xC0, 0x00, 0x03, 0xFF, 0x00, 0x7F, 0xE0, 0x00, 
  0x01, 0xFF, 0x80, 0x3F, 0xF0, 0x00, 0x01, 0xFF, 0xC0, 0x1F, 0xF8, 0x00, 0x00, 0xFF, 0xC0, 0x0F, 
  0xFC, 0x00, 0x00, 0xFF, 0xE0, 0x07, 0xFE, 0x00, 0x00, 0xFF, 0xE0, 0x07, 0xFF, 0x00, 0x00, 0xFF, 
  0xF0, 0x03, 0xFF, 0x80, 0x01, 0xFF, 0xF0, 0x07, 0xFF, 0xFF, 0xFF, 0xFF, 0xF0, 0x7F, 0xFF, 0xFF, 
  0xFF, 0xFF, 0xE0, 0x3F, 0xFF, 0xFF, 0xFF, 0xFF, 0xC0, 0x1F, 0xFF, 0xFF, 0xFF, 0xFF, 0x80, 0x0F, 
  0xFF, 0xFF, 0xFF, 0xFC, 0x00, 0x00, 0x00, 0x00, 0x00, 0x14, 0x00, 0x00, 0x00, 0x00, 0xFF, 0xFF, 
  0xC0, 0x00, 0x00, 0x3F, 0xFF, 0xFF, 0xC0, 0x00, 0x07, 0xFF, 0xFF, 0xFF, 0x80, 0x00, 0xFF, 0xFF, 
  0xFF, 0xFE, 0x00, 0x0F, 0xFF, 0x83, 0xFF, 0xF8, 0x01, 0xFF, 0xC0, 0x01, 0xFF, 0xC0, 0x1F, 0xFC, 
  0x00, 0x07, 0xFF, 0x01, 0xFF, 0x80, 0x00, 0x1F, 0xF8, 0x0F, 0xF8, 0x00, 0x00, 0xFF, 0xC0, 0xFF, 
  0x80, 0x00, 0x03, 0xFE, 0x0F, 0xFC, 0x00, 0x00, 0x1F, 0xF0, 0xFF, 0xC0, 0x00, 0x00, 0x7F, 0x87, 
  0xFE, 0x00, 0x00, 0x03, 0xF8, 0x7F, 0xE0, 0x00, 0x00, 0x1F, 0x83, 0xFF, 0x00, 0x00, 0x00, 0xF8, 
  0x3F, 0xF0, 0x00, 0x00, 0x00, 0x01, 0xFF, 0x80, 0x00, 0x00, 0x00, 0x0F, 0xFC, 0x00, 0x00, 0x00, 
  0x00, 0xFF, 0xE0, 0x00, 0x00, 0x00, 0x07, 0xFE, 0x00, 0x00, 0x00, 0x00, 0x3F, 0xF0, 0x00, 0x00, 
  0x00, 0x01, 0xFF, 0x80, 0x00, 0x00, 0x00, 0x1F, 0xFC, 0x00, 0x00, 0x00, 0x00, 0xFF, 0xE0, 0x00, 
  0x00, 0x00, 0x07, 0xFF, 0x00, 0x00, 0x00, 0x00, 0x3F, 0xF8, 0x00, 0x00, 0x00, 0x01, 0xFF, 0xC0, 
  0x00, 0x00, 0x00, 0x0F, 0xFE, 0x00, 0x00, 0x00, 0x00, 0x7F, 0xF0, 0x00, 0x00, 0x00, 0x03, 0xFF, 
  0x80, 0x00, 0x00, 0x00, 0x1F, 0xFC, 0x00, 0x00, 0x00, 0x00, 0xFF, 0xE0, 0x00, 0x00, 0x00, 0x07, 
  0xFF, 0x00, 0x00, 0x00, 0x00, 0x3F, 0xF8, 0x00, 0x00, 0x00, 0x01, 0xFF, 0xC0, 0x00, 0x00, 0x00, 
  0x0F, 0xFE, 0x00, 0x00, 0x00, 0x00, 0x7F, 0xF0, 0x00, 0x00, 0x00, 0x03, 0xFF, 0x80, 0x00, 0x00, 
  0x00, 0x1F, 0xFC, 0x00, 0x00, 0x00, 0x00, 0x7F, 0xE0, 0x00, 0x00, 0x00, 0x03, 0xFF, 0x00, 0x00, 
  0x00, 0x00, 0x1F, 0xFC, 0x00, 0x00, 0x00, 0x00, 0xFF, 0xE0, 0x00, 0x00, 0x00, 0x03, 0xFF, 0x00, 
  0x00, 0x00, 0x00, 0x1F, 0xFC, 0x00, 0x00, 0x00, 0x00, 0xFF, 0xE0, 0x00, 0x00, 0x00, 0x03, 0xFF, 
  0x00, 0x00, 0x00, 0x00, 0x1F, 0xFC, 0x00, 0x00, 0x00, 0x00, 0xFF, 0xE0, 0x00, 0x00, 0x00, 0x83, 
  0xFF, 0x80, 0x00, 0x00, 0x06, 0x0F, 0xFE, 0x00, 0x00, 0x00, 0x70, 0x7F, 0xF8, 0x00, 0x00, 0x07, 
  0x81, 0xFF, 0xE0, 0x00, 0x00, 0x7C, 0x07, 0xFF, 0x80, 0x00, 0x0F, 0xE0, 0x1F, 0xFF, 0x00, 0x01, 
  0xFF, 0x00, 0x7F, 0xFF, 0x00, 0x7F, 0xF0, 0x01, 0xFF, 0xFF, 0xFF, 0xFF, 0x00, 0x07, 0xFF, 0xFF, 
  0xFF, 0xF0, 0x00, 0x0F, 0xFF, 0xFF, 0xFF, 0x00, 0x00, 0x1F, 0xFF, 0xFF, 0xE0, 0x00, 0x00, 0x3F, 
  0xFF, 0xF8, 0x00, 0x00, 0x00, 0x0F, 0xFC, 0x00, 0x00, 0xFF, 0xFF, 0xFF, 0xFE, 0x00, 0x00, 0x01, 
  0xFF, 0xFF, 0xFF, 0xFF, 0xE0, 0x00, 0x03, 0xFF, 0xFF, 0xFF, 0xFF, 0xF8, 0x00, 0x07, 0xFF, 0xFF, 
  0xFF, 0xFF, 0xFC, 0x00, 0x00, 0xFF, 0xFF, 0xFF, 0xFF, 0xFE, 0x00, 0x00, 0x3F, 0xF8, 0x00, 0x7F, 
  0xFF, 0x00, 0x00, 0x7F, 0xF0, 0x00, 0x1F, 0xFF, 0x00, 0x00, 0x7F, 0xE0, 0x00, 0x0F, 0xFF, 0x00, 
  0x00, 0xFF, 0xC0, 0x00, 0x0F, 0xFF, 0x00, 0x01, 0xFF, 0x80, 0x00, 0x07, 0xFF, 0x00, 0x03, 0xFF, 
  0x00, 0x00, 0x07, 0xFF, 0x00, 0x07, 0xFE, 0x00, 0x00, 0x0F, 0xFE, 0x00, 0x0F, 0xFC, 0x00, 0x00, 
  0x0F, 0xFE, 0x00, 0x1F, 0xF8, 0x00, 0x00, 0x0F, 0xFC, 0x00, 0x3F, 0xF0, 0x00, 0x00, 0x1F, 0xFC, 
  0x00, 0x7F, 0xE0, 0x00, 0x00, 0x1F, 0xF8, 0x00, 0xFF, 0xC0, 0x00, 0x00, 0x3F, 0xF8, 0x01, 0xFF, 
  0x80, 0x00, 0x00, 0x7F, 0xF0, 0x03, 0xFF, 0x00, 0x00, 0x00, 0x7F, 0xE0, 0x07, 0xFE, 0x00, 0x00, 
  0x00, 0xFF, 0xE0, 0x0F, 0xFC, 0x00, 0x00, 0x01, 0xFF, 0xC0, 0x1F, 0xF8, 0x00, 0x00, 0x03, 0xFF, 
  0x80, 0x3F, 0xF0, 0x00, 0x00, 0x03, 0xFF, 0x00, 0x7F, 0xE0, 0x00, 0x00, 0x07, 0xFE, 0x00, 0xFF, 
  0xC0, 0x00, 0x00, 0x0F, 0xFE, 0x01, 0xFF, 0x80, 0x00, 0x00, 0x1F, 0xFC, 0x03, 0xFF, 0x00, 0x00, 
  0x00, 0x3F, 0xF8, 0x07, 0xFE, 0x00, 0x00, 0x00, 0x7F, 0xF0, 0x0F, 0xFC, 0x00, 0x00, 0x00, 0xFF, 
  0xE0, 0x1F, 0xF8, 0x00, 0x00, 0x01, 0xFF, 0xC0, 0x3F, 0xF0, 0x00, 0x00, 0x03, 0xFF, 0x80, 0x7F, 
  0xE0, 0x00, 0x00, 0x07, 0xFF, 0x00, 0xFF, 0xC0, 0x00, 0x00, 0x0F, 0xFE, 0x01, 0xFF, 0x80, 0x00, 
  0x00, 0x1F, 0xFC, 0x03, 0xFF, 0x00, 0x00, 0x00, 0x3F, 0xF8, 0x07, 0xFE, 0x00, 0x00, 0x00, 0x7F, 
  0xF0, 0x0F, 0xFC, 0x00, 0x00, 0x00, 0xFF, 0xE0, 0x1F, 0xF8, 0x00, 0x00, 0x01, 0xFF, 0x80, 0x3F, 
  0xF0, 0x00, 0x00, 0x07, 0xFF, 0x00, 0x7F, 0xE0, 0x00, 0x00, 0x0F, 0xFE, 0x00, 0xFF, 0xC0, 0x00, 
  0x00, 0x1F, 0xFC, 0x01, 0xFF, 0x80, 0x00, 0x00, 0x3F, 0xF8, 0x03, 0xFF, 0x00, 0x00, 0x00, 0x7F, 
  0xE0, 0x07, 0xFE, 0x00, 0x00, 0x01, 0xFF, 0xC0, 0x0F, 0xFC, 0x00, 0x00, 0x03, 0xFF, 0x80, 0x1F, 
  0xF8, 0x00, 0x00, 0x07, 0xFE, 0x00, 0x3F, 0xF0, 0x00, 0x00, 0x1F, 0xFC, 0x00, 0x7F, 0xE0, 0x00, 
  0x00, 0x3F, 0xF0, 0x00, 0xFF, 0xC0, 0x00, 0x00, 0xFF, 0xE0, 0x01, 0xFF, 0x80, 0x00, 0x03, 0xFF, 
  0x80, 0x03, 0xFF, 0x00, 0x00, 0x07, 0xFE, 0x00, 0x07, 0xFE, 0x00, 0x00, 0x1F, 0xFC, 0x00, 0x0F, 
  0xFC, 0x00, 0x00, 0x7F, 0xF0, 0x00, 0x1F, 0xF8, 0x00, 0x03, 0xFF, 0xC0, 0x00, 0x7F, 0xF0, 0x00, 
  0x0F, 0xFF, 0x00, 0x00, 0xFF, 0xE0, 0x00, 0xFF, 0xFC, 0x00, 0x07, 0xFF, 0xFF, 0xFF, 0xFF, 0xE0, 
  0x01, 0xFF, 0xFF, 0xFF, 0xFF, 0xFF, 0x80, 0x03, 0xFF, 0xFF, 0xFF, 0xFF, 0xFC, 0x00, 0x07, 0xFF, 
  0xFF, 0xFF, 0xFF, 0xC0, 0x00, 0x0F, 0xFF, 0xFF, 0xFF, 0xF8, 0x00, 0x00, 0x00, 0xFF, 0xFF, 0xFF, 
  0xFF, 0xFF, 0xF1, 0xFF, 0xFF, 0xFF, 0xFF, 0xFF, 0xE3, 0xFF, 0xFF, 0xFF, 0xFF, 0xFF, 0xC7, 0xFF, 
  0xFF, 0xFF, 0xFF, 0xFF, 0x80, 0xFF, 0xFF, 0xFF, 0xFF, 0xFF, 0x00, 0x3F, 0xF8, 0x00, 0x03, 0xFE, 
  0x00, 0x7F, 0xF0, 0x00, 0x01, 0xFC, 0x00, 0x7F, 0xE0, 0x00, 0x01, 0xF8, 0x00, 0xFF, 0xC0, 0x00, 
  0x03, 0xF0, 0x01, 0xFF, 0x80, 0x00, 0x03, 0xE0, 0x03, 0xFF, 0x00, 0x00, 0x07, 0xC0, 0x07, 0xFE, 
  0x00, 0x00, 0x0F, 0x80, 0x0F, 0xFC, 0x00, 0x00, 0x1F, 0x00, 0x1F, 0xF8, 0x00, 0x00, 0x3E, 0x00, 
  0x3F, 0xF0, 0x00, 0x00, 0x7C, 0x00, 0x7F, 0xE0, 0x00, 0x00, 0x00, 0x00, 0xFF, 0xC0, 0x00, 0x00, 
  0x00, 0x01, 0xFF, 0x80, 0x00, 0x00, 0x00, 0x03, 0xFF, 0x00, 0x00, 0x00, 0x00, 0x07, 0xFE, 0x00, 
  0x00, 0x00, 0x00, 0x0F, 0xFC, 0x00, 0x00, 0x00, 0x00, 0x1F, 0xF8, 0x00, 0x00, 0x00, 0x00, 0x3F, 
  0xF0, 0x00, 0x00, 0x00, 0x00, 0x7F, 0xE0, 0x00, 0x00, 0x00, 0x00, 0xFF, 0xC0, 0x00, 0x00, 0x00, 
  0x01, 0xFF, 0x80, 0x00, 0x00, 0x00, 0x03, 0xFF, 0x00, 0x00, 0x00, 0x00, 0x07, 0xFF, 0xFF, 0xFF, 
  0xE0, 0x00, 0x0F, 0xFF, 0xFF, 0xFF, 0xC0, 0x00, 0x1F, 0xFF, 0xFF, 0xFF, 0x80, 0x00, 0x3F, 0xFF, 
  0xFF, 0xFF, 0x00, 0x00, 0x7F, 0xE0, 0x00, 0x00, 0x00, 0x00, 0xFF, 0xC0, 0x00, 0x00, 0x00, 0x01, 
  0xFF, 0x80, 0x00, 0x00, 0x00, 0x03, 0xFF, 0x00, 0x00, 0x00, 0x00, 0x07, 0xFE, 0x00, 0x00, 0x00, 
  0x00, 0x0F, 0xFC, 0x00, 0x00, 0x00, 0x00, 0x1F, 0xF8, 0x00, 0x00, 0x00, 0x00, 0x3F, 0xF0, 0x00, 
  0x00, 0x00, 0x00, 0x7F, 0xE0, 0x00, 0x00, 0x00, 0x00, 0xFF, 0xC0, 0x00, 0x00, 0x00, 0x01, 0xFF, 
  0x80, 0x00, 0x00, 0x00, 0x03, 0xFF, 0x00, 0x00, 0x00, 0x00, 0x07, 0xFE, 0x00, 0x00, 0x00, 0x00, 
  0x0F, 0xFC, 0x00, 0x00, 0x00, 0x00, 0x1F, 0xF8, 0x00, 0x00, 0x00, 0x00, 0x3F, 0xF0, 0x00, 0x00, 
  0x0F, 0x80, 0x7F, 0xE0, 0x00, 0x00, 0x1F, 0x00, 0xFF, 0xC0, 0x00, 0x00, 0x3E, 0x01, 0xFF, 0x80, 
  0x00, 0x00, 0x7C, 0x03, 0xFF, 0x00, 0x00, 0x00, 0xF8, 0x07, 0xFE, 0x00, 0x00, 0x03, 0xF0, 0x0F, 
  0xFC, 0x00, 0x00, 0x07, 0xE0, 0x1F, 0xF8, 0x00, 0x00, 0x0F, 0xC0, 0x3F, 0xF0, 0x00, 0x00, 0x3F, 
  0x80, 0xFF, 0xE0, 0x00, 0x01, 0xFF, 0x07, 0xFF, 0xFF, 0xFF, 0xFF, 0xFF, 0xFF, 0xFF, 0xFF, 0xFF, 
  0xFF, 0xFF, 0xFF, 0xFF, 0xFF, 0xFF, 0xFF, 0xFF, 0xFF, 0xFF, 0xFF, 0xFF, 0xFF, 0xFF, 0xFF, 0xFF, 
  0xFF, 0xFF, 0xFF, 0xE0, 0xFF, 0xFF, 0xFF, 0xFF, 0xFF, 0xFF, 0xFF, 0xFF, 0xFF, 0xFF, 0xFF, 0xFF, 
  0xFF, 0xFF, 0xFF, 0xFF, 0xFF, 0xFF, 0xFF, 0xFF, 0xFF, 0xFF, 0x07, 0xFF, 0xFF, 0xFF, 0xFF, 0xF0, 
  0x1F, 0xFC, 0x00, 0x01, 0xFF, 0x01, 0xFF, 0xC0, 0x00, 0x07, 0xF0, 0x0F, 0xFC, 0x00, 0x00, 0x3F, 
  0x00, 0xFF, 0xC0, 0x00, 0x03, 0xF0, 0x0F, 0xFC, 0x00, 0x00, 0x1F, 0x00, 0xFF, 0xC0, 0x00, 0x01, 
  0xF0, 0x0F, 0xFC, 0x00, 0x00, 0x1F, 0x00, 0xFF, 0xC0, 0x00, 0x01, 0xF0, 0x0F, 0xFC, 0x00, 0x00, 
  0x1F, 0x00, 0xFF, 0xC0, 0x00, 0x00, 0xF0, 0x0F, 0xFC, 0x00, 0x00, 0x00, 0x00, 0xFF, 0xC0, 0x00, 
  0x00, 0x00, 0x0F, 0xFC, 0x00, 0x00, 0x00, 0x00, 0xFF, 0xC0, 0x00, 0x00, 0x00, 0x0F, 0xFC, 0x00, 
  0x00, 0x00, 0x00, 0xFF, 0xC0, 0x00, 0x00, 0x00, 0x0F, 0xFC, 0x00, 0x00, 0x00, 0x00, 0xFF, 0xC0, 
  0x00, 0x00, 0x00, 0x0F, 0xFC, 0x00, 0x00, 0x00, 0x00, 0xFF, 0xC0, 0x00, 0x00, 0x00, 0x0F, 0xFC, 
  0x00, 0x00, 0x00, 0x00, 0xFF, 0xC0, 0x00, 0x00, 0x00, 0x0F, 0xFC, 0x00, 0x00, 0x00, 0x00, 0xFF, 
  0xC0, 0x00, 0x00, 0x00, 0x0F, 0xFF, 0xFF, 0xFF, 0xC0, 0x00, 0xFF, 0xFF, 0xFF, 0xFC, 0x00, 0x0F, 
  0xFF, 0xFF, 0xFF, 0xC0, 0x00, 0xFF, 0xFF, 0xFF, 0xFC, 0x00, 0x0F, 0xFC, 0x00, 0x00, 0x00, 0x00, 
  0xFF, 0xC0, 0x00, 0x00, 0x00, 0x0F, 0xFC, 0x00, 0x00, 0x00, 0x00, 0xFF, 0xC0, 0x00, 0x00, 0x00, 
  0x0F, 0xFC, 0x00, 0x00, 0x00, 0x00, 0xFF, 0xC0, 0x00, 0x00, 0x00, 0x0F, 0xFC, 0x00, 0x00, 0x00, 
  0x00, 0xFF, 0xC0, 0x00, 0x00, 0x00, 0x0F, 0xFC, 0x00, 0x00, 0x00, 0x00, 0xFF, 0xC0, 0x00, 0x00, 
  0x00, 0x0F, 0xFC, 0x00, 0x00, 0x00, 0x00, 0xFF, 0xC0, 0x00, 0x00, 0x00, 0x0F, 0xFC, 0x00, 0x00, 
  0x00, 0x00, 0xFF, 0xC0, 0x00, 0x00, 0x00, 0x0F, 0xFC, 0x00, 0x00, 0x00, 0x00, 0xFF, 0xC0, 0x00, 
  0x00, 0x00, 0x0F, 0xFC, 0x00, 0x00, 0x00, 0x00, 0xFF, 0xC0, 0x00, 0x00, 0x00, 0x0F, 0xFC, 0x00, 
  0x00, 0x00, 0x00, 0xFF, 0xC0, 0x00, 0x00, 0x00, 0x0F, 0xFC, 0x00, 0x00, 0x00, 0x00, 0xFF, 0xE0, 
  0x00, 0x00, 0x00, 0x1F, 0xFE, 0x00, 0x00, 0x00, 0x03, 0xFF, 0xF8, 0x00, 0x00, 0x0F, 0xFF, 0xFF, 
  0xFF, 0x00, 0x00, 0xFF, 0xFF, 0xFF, 0xF0, 0x00, 0x0F, 0xFF, 0xFF, 0xFF, 0x00, 0x00, 0xFF, 0xFF, 
  0xFF, 0xF0, 0x00, 0x00, 0x00, 0x00, 0x00, 0x0E, 0x00, 0x00, 0x00, 0x00, 0x00, 0x0F, 0xFF, 0xFE, 
  0x00, 0x00, 0x00, 0x01, 0xFF, 0xFF, 0xFF, 0x80, 0x00, 0x00, 0x0F, 0xFF, 0xFF, 0xFF, 0xC0, 0x00, 
  0x00, 0x7F, 0xFF, 0xFF, 0xFF, 0xE0, 0x00, 0x01, 0xFF, 0xF8, 0x1F, 0xFF, 0xE0, 0x00, 0x0F, 0xFF, 
  0x00, 0x03, 0xFF, 0xC0, 0x00, 0x3F, 0xF8, 0x00, 0x03, 0xFF, 0xC0, 0x00, 0xFF, 0xC0, 0x00, 0x03, 
  0xFF, 0x80, 0x03, 0xFF, 0x00, 0x00, 0x03, 0xFF, 0x80, 0x0F, 0xFC, 0x00, 0x00, 0x07, 0xFF, 0x00, 
  0x1F, 0xF0, 0x00, 0x00, 0x07, 0xFC, 0x00, 0x7F, 0xE0, 0x00, 0x00, 0x0F, 0xF8, 0x01, 0xFF, 0x80, 
  0x00, 0x00, 0x0F, 0xE0, 0x03, 0xFF, 0x00, 0x00, 0x00, 0x1F, 0x80, 0x0F, 0xFC, 0x00, 0x00, 0x00, 
  0x3E, 0x00, 0x1F, 0xF8, 0x00, 0x00, 0x00, 0x00, 0x00, 0x7F, 0xE0, 0x00, 0x00, 0x00, 0x00, 0x00, 
  0xFF, 0xC0, 0x00, 0x00, 0x00, 0x00, 0x01, 0xFF, 0x80, 0x00, 0x00, 0x00, 0x00, 0x07, 0xFF, 0x00, 
  0x00, 0x00, 0x00, 0x00, 0x0F, 0xFC, 0x00, 0x00, 0x00, 0x00, 0x00, 0x1F, 0xF8, 0x00, 0x00, 0x00, 
  0x00, 0x00, 0x3F, 0xF0, 0x00, 0x00, 0x00, 0x00, 0x00, 0xFF, 0xE0, 0x00, 0x00, 0x00, 0x00, 0x01, 
  0xFF, 0xC0, 0x00, 0x00, 0x00, 0x00, 0x03, 0xFF, 0x80, 0x00, 0x00, 0x00, 0x00, 0x07, 0xFF, 0x00, 
  0x00, 0x00, 0x00, 0x00, 0x0F, 0xFE, 0x00, 0x00, 0x00, 0x00, 0x00, 0x1F, 0xFC, 0x00, 0x00, 0x00, 
  0x00, 0x00, 0x3F, 0xF8, 0x00, 0x00, 0x00, 0x00, 0x00, 0x7F, 0xF0, 0x00, 0x00, 0x00, 0x00, 0x00, 
  0xFF, 0xE0, 0x00, 0x00, 0x00, 0x00, 0x01, 0xFF, 0xC0, 0x00, 0x00, 0x00, 0x00, 0x03, 0xFF, 0x80, 
  0x00, 0x03, 0xFF, 0xFF, 0xFF, 0xFF, 0x00, 0x00, 0x07, 0xFF, 0xFF, 0xFF, 0xFE, 0x00, 0x00, 0x0F, 
  0xFF, 0xFF, 0xFF, 0xFC, 0x00, 0x00, 0x1F, 0xFF, 0xFF, 0xFF, 0xF8, 0x00, 0x00, 0x01, 0xFF, 0xF8, 
  0x7F, 0xF0, 0x00, 0x00, 0x01, 0xFF, 0xE0, 0x7F, 0xE0, 0x00, 0x00, 0x01, 0xFF, 0x80, 0xFF, 0xC0, 
  0x00, 0x00, 0x03, 0xFF, 0x01, 0xFF, 0xC0, 0x00, 0x00, 0x07, 0xFE, 0x03, 0xFF, 0x80, 0x00, 0x00, 
  0x0F, 0xFC, 0x03, 0xFF, 0x00, 0x00, 0x00, 0x1F, 0xF8, 0x07, 0xFE, 0x00, 0x00, 0x00, 0x3F, 0xF0, 
  0x0F, 0xFE, 0x00, 0x00, 0x00, 0x7F, 0xE0, 0x0F, 0xFC, 0x00, 0x00, 0x00, 0xFF, 0xC0, 0x1F, 0xFC, 
  0x00, 0x00, 0x01, 0xFF, 0x80, 0x1F, 0xF8, 0x00, 0x00, 0x03, 0xFF, 0x00, 0x3F, 0xF8, 0x00, 0x00, 
  0x07, 0xFE, 0x00, 0x3F, 0xF8, 0x00, 0x00, 0x0F, 0xFC, 0x00, 0x3F, 0xF0, 0x00, 0x00, 0x1F, 0xF8, 
  0x00, 0x7F, 0xF0, 0x00, 0x00, 0x3F, 0xF0, 0x00, 0x7F, 0xF8, 0x00, 0x00, 0x7F, 0xE0, 0x00, 0x7F, 
  0xF8, 0x00, 0x00, 0xFF, 0xC0, 0x00, 0x7F, 0xFE, 0x00, 0x01, 0xFF, 0x80, 0x00, 0x3F, 0xFF, 0xC0, 
  0x3F, 0xFF, 0x00, 0x00, 0x3F, 0xFF, 0xFF, 0xFF, 0xFE, 0x00, 0x00, 0x1F, 0xFF, 0xFF, 0xFF, 0xF0, 
  0x00, 0x00, 0x0F, 0xFF, 0xFF, 0xFF, 0x80, 0x00, 0x00, 0x03, 0xFF, 0xFF, 0xF0, 0x00, 0x00, 0x00, 
  0x00, 0x3F, 0xFC, 0x00, 0x00, 0x00, 0xFF, 0xFF, 0xFF, 0xC0, 0x0F, 0xFF, 0xFF, 0xFF, 0xFF, 0xFF, 
  0xFF, 0x00, 0x3F, 0xFF, 0xFF, 0xFF, 0xFF, 0xFF, 0xFC, 0x00, 0xFF, 0xFF, 0xFF, 0xFF, 0xFF, 0xFF, 
  0xF0, 0x03, 0xFF, 0xFF, 0xFF, 0x0F, 0xFF, 0xFC, 0x00, 0x00, 0xFF, 0xFF, 0xC0, 0x07, 0xFF, 0x80, 
  0x00, 0x00, 0x7F, 0xFC, 0x00, 0x1F, 0xFE, 0x00, 0x00, 0x01, 0xFF, 0xE0, 0x00, 0x3F, 0xF0, 0x00, 
  0x00, 0x03, 0xFF, 0x00, 0x00, 0xFF, 0xC0, 0x00, 0x00, 0x0F, 0xFC, 0x00, 0x03, 0xFF, 0x00, 0x00, 
  0x00, 0x3F, 0xF0, 0x00, 0x0F, 0xFC, 0x00, 0x00, 0x00, 0xFF, 0xC0, 0x00, 0x3F, 0xF0, 0x00, 0x00, 
  0x03, 0xFF, 0x00, 0x00, 0xFF, 0xC0, 0x00, 0x00, 0x0F, 0xFC, 0x00, 0x03, 0xFF, 0x00, 0x00, 0x00, 
  0x3F, 0xF0, 0x00, 0x0F, 0xFC, 0x00, 0x00, 0x00, 0xFF, 0xC0, 0x00, 0x3F, 0xF0, 0x00, 0x00, 0x03, 
  0xFF, 0x00, 0x00, 0xFF, 0xC0, 0x00, 0x00, 0x0F, 0xFC, 0x00, 0x03, 0xFF, 0x00, 0x00, 0x00, 0x3F, 
  0xF0, 0x00, 0x0F, 0xFC, 0x00, 0x00, 0x00, 0xFF, 0xC0, 0x00, 0x3F, 0xF0, 0x00, 0x00, 0x03, 0xFF, 
  0x00, 0x00, 0xFF, 0xC0, 0x00, 0x00, 0x0F, 0xFC, 0x00, 0x03, 0xFF, 0x00, 0x00, 0x00, 0x3F, 0xF0, 
  0x00, 0x0F, 0xFC, 0x00, 0x00, 0x00, 0xFF, 0xC0, 0x00, 0x3F, 0xF0, 0x00, 0x00, 0x03, 0xFF, 0x00, 
  0x00, 0xFF, 0xC0, 0x00, 0x00, 0x0F, 0xFC, 0x00, 0x03, 0xFF, 0x00, 0x00, 0x00, 0x3F, 0xF0, 0x00, 
  0x0F, 0xFC, 0x00, 0x00, 0x00, 0xFF, 0xC0, 0x00, 0x3F, 0xFF, 0xFF, 0xFF, 0xFF, 0xFF, 0x00, 0x00, 
  0xFF, 0xFF, 0xFF, 0xFF, 0xFF, 0xFC, 0x00, 0x03, 0xFF, 0xFF, 0xFF, 0xFF, 0xFF, 0xF0, 0x00, 0x0F, 
  0xFF, 0xFF, 0xFF, 0xFF, 0xFF, 0xC0, 0x00, 0x3F, 0xFF, 0xFF, 0xFF, 0xFF, 0xFF, 0x00, 0x00, 0xFF, 
  0xC0, 0x00, 0x00, 0x0F, 0xFC, 0x00, 0x03, 0xFF, 0x00, 0x00, 0x00, 0x3F, 0xF0, 0x00, 0x0F, 0xFC, 
  0x00, 0x00, 0x00, 0xFF, 0xC0, 0x00, 0x3F, 0xF0, 0x00, 0x00, 0x03, 0xFF, 0x00, 0x00, 0xFF, 0xC0, 
  0x00, 0x00, 0x0F, 0xFC, 0x00, 0x03, 0xFF, 0x00, 0x00, 0x00, 0x3F, 0xF0, 0x00, 0x0F, 0xFC, 0x00, 
  0x00, 0x00, 0xFF, 0xC0, 0x00, 0x3F, 0xF0, 0x00, 0x00, 0x03, 0xFF, 0x00, 0x00, 0xFF, 0xC0, 0x00, 
  0x00, 0x0F, 0xFC, 0x00, 0x03, 0xFF, 0x00, 0x00, 0x00, 0x3F, 0xF0, 0x00, 0x0F, 0xFC, 0x00, 0x00, 
  0x00, 0xFF, 0xC0, 0x00, 0x3F, 0xF0, 0x00, 0x00, 0x03, 0xFF, 0x00, 0x00, 0xFF, 0xC0, 0x00, 0x00, 
  0x0F, 0xFC, 0x00, 0x03, 0xFF, 0x00, 0x00, 0x00, 0x3F, 0xF0, 0x00, 0x0F, 0xFC, 0x00, 0x00, 0x00, 
  0xFF, 0xC0, 0x00, 0x3F, 0xF0, 0x00, 0x00, 0x03, 0xFF, 0x00, 0x00, 0xFF, 0xC0, 0x00, 0x00, 0x0F, 
  0xFC, 0x00, 0x03, 0xFF, 0x00, 0x00, 0x00, 0x3F, 0xF0, 0x00, 0x0F, 0xFC, 0x00, 0x00, 0x00, 0xFF, 
  0xC0, 0x00, 0x3F, 0xF0, 0x00, 0x00, 0x03, 0xFF, 0x00, 0x00, 0xFF, 0xC0, 0x00, 0x00, 0x0F, 0xFC, 
  0x00, 0x03, 0xFF, 0x00, 0x00, 0x00, 0x3F, 0xF0, 0x00, 0x1F, 0xFE, 0x00, 0x00, 0x01, 0xFF, 0xC0, 
  0x00, 0x7F, 0xF8, 0x00, 0x00, 0x07, 0xFF, 0x80, 0x07, 0xFF, 0xF8, 0x00, 0x00, 0x7F, 0xFF, 0x83, 
  0xFF, 0xFF, 0xFF, 0x00, 0x3F, 0xFF, 0xFF, 0xFF, 0xFF, 0xFF, 0xFC, 0x00, 0xFF, 0xFF, 0xFF, 0xFF, 
  0xFF, 0xFF, 0xF0, 0x03, 0xFF, 0xFF, 0xFF, 0xFF, 0xFF, 0xFF, 0xC0, 0x0F, 0xFF, 0xFF, 0xFC, 0xFF, 
  0xFF, 0xFF, 0xFF, 0xFF, 0xFF, 0xFF, 0xFF, 0xFF, 0xFF, 0xFF, 0xFF, 0xFF, 0x0F, 0xFF, 0xFC, 0x00, 
  0xFF, 0xF8, 0x00, 0x1F, 0xFE, 0x00, 0x03, 0xFF, 0x00, 0x00, 0xFF, 0xC0, 0x00, 0x3F, 0xF0, 0x00, 
  0x0F, 0xFC, 0x00, 0x03, 0xFF, 0x00, 0x00, 0xFF, 0xC0, 0x00, 0x3F, 0xF0, 0x00, 0x0F, 0xFC, 0x00, 
  0x03, 0xFF, 0x00, 0x00, 0xFF, 0xC0, 0x00, 0x3F, 0xF0, 0x00, 0x0F, 0xFC, 0x00, 0x03, 0xFF, 0x00, 
  0x00, 0xFF, 0xC0, 0x00, 0x3F, 0xF0, 0x00, 0x0F, 0xFC, 0x00, 0x03, 0xFF, 0x00, 0x00, 0xFF, 0xC0, 
  0x00, 0x3F, 0xF0, 0x00, 0x0F, 0xFC, 0x00, 0x03, 0xFF, 0x00, 0x00, 0xFF, 0xC0, 0x00, 0x3F, 0xF0, 
  0x00, 0x0F, 0xFC, 0x00, 0x03, 0xFF, 0x00, 0x00, 0xFF, 0xC0, 0x00, 0x3F, 0xF0, 0x00, 0x0F, 0xFC, 
  0x00, 0x03, 0xFF, 0x00, 0x00, 0xFF, 0xC0, 0x00, 0x3F, 0xF0, 0x00, 0x0F, 0xFC, 0x00, 0x03, 0xFF, 
  0x00, 0x00, 0xFF, 0xC0, 0x00, 0x3F, 0xF0, 0x00, 0x0F, 0xFC, 0x00, 0x03, 0xFF, 0x00, 0x00, 0xFF, 
  0xC0, 0x00, 0x3F, 0xF0, 0x00, 0x0F, 0xFC, 0x00, 0x03, 0xFF, 0x00, 0x00, 0xFF, 0xC0, 0x00, 0x3F, 
  0xF0, 0x00, 0x0F, 0xFC, 0x00, 0x03, 0xFF, 0x00, 0x00, 0xFF, 0xC0, 0x00, 0x3F, 0xF0, 0x00, 0x1F, 
  0xFE, 0x00, 0x07, 0xFF, 0x80, 0x07, 0xFF, 0xF8, 0x3F, 0xFF, 0xFF, 0xFF, 0xFF, 0xFF, 0xFF, 0xFF, 
  0xFF, 0xFF, 0xFF, 0xFF, 0xFF, 0xC0, 0x0F, 0xFF, 0xFF, 0xFC, 0x3F, 0xFF, 0xFF, 0xF0, 0xFF, 0xFF, 
  0xFF, 0xC3, 0xFF, 0xFF, 0xFF, 0x00, 0xFF, 0xFF, 0xC0, 0x00, 0x7F, 0xFC, 0x00, 0x01, 0xFF, 0xE0, 
  0x00, 0x03, 0xFF, 0x00, 0x00, 0x0F, 0xFC, 0x00, 0x00, 0x3F, 0xF0, 0x00, 0x00, 0xFF, 0xC0, 0x00, 
  0x03, 0xFF, 0x00, 0x00, 0x0F, 0xFC, 0x00, 0x00, 0x3F, 0xF0, 0x00, 0x00, 0xFF, 0xC0, 0x00, 0x03, 
  0xFF, 0x00, 0x00, 0x0F, 0xFC, 0x00, 0x00, 0x3F, 0xF0, 0x00, 0x00, 0xFF, 0xC0, 0x00, 0x03, 0xFF, 
  0x00, 0x00, 0x0F, 0xFC, 0x00, 0x00, 0x3F, 0xF0, 0x00, 0x00, 0xFF, 0xC0, 0x00, 0x03, 0xFF, 0x00, 
  0x00, 0x0F, 0xFC, 0x00, 0x00, 0x3F, 0xF0, 0x00, 0x00, 0xFF, 0xC0, 0x00, 0x03, 0xFF, 0x00, 0x00, 
  0x0F, 0xFC, 0x00, 0x00, 0x3F, 0xF0, 0x00, 0x00, 0xFF, 0xC0, 0x00, 0x03, 0xFF, 0x00, 0x00, 0x0F, 
  0xFC, 0x00, 0x00, 0x3F, 0xF0, 0x00, 0x00, 0xFF, 0xC0, 0x00, 0x03, 0xFF, 0x00, 0x00, 0x0F, 0xFC, 
  0x00, 0x00, 0x3F, 0xF0, 0x00, 0x00, 0xFF, 0xC0, 0x00, 0x03, 0xFF, 0x00, 0x00, 0x0F, 0xFC, 0x00, 
  0x00, 0x3F, 0xF0, 0x00, 0x00, 0xFF, 0xC0, 0x00, 0x03, 0xFF, 0x00, 0x00, 0x0F, 0xFC, 0x00, 0x00, 
  0x3F, 0xF0, 0x00, 0x00, 0xFF, 0xC0, 0x00, 0x03, 0xFF, 0x00, 0x00, 0x0F, 0xFC, 0x00, 0x00, 0x3F, 
  0xF0, 0x00, 0x00, 0xFF, 0xC0, 0x00, 0x03, 0xFF, 0x00, 0x00, 0x0F, 0xFC, 0x00, 0x00, 0x3F, 0xF0, 
  0x00, 0x00, 0xFF, 0xC0, 0x00, 0x03, 0xFF, 0x00, 0x00, 0x0F, 0xFC, 0x00, 0x00, 0x3F, 0xF0, 0x00, 
  0x00, 0xFF, 0xC0, 0x00, 0x03, 0xFF, 0x00, 0x00, 0x0F, 0xFC, 0x00, 0x00, 0x3F, 0xF0, 0x00, 0x00, 
  0xFF, 0xC0, 0x00, 0x03, 0xFF, 0x00, 0x00, 0x0F, 0xFC, 0x00, 0x00, 0x3F, 0xF0, 0x00, 0x00, 0xFF, 
  0xC0, 0x00, 0x03, 0xFE, 0x00, 0x00, 0x1F, 0xF8, 0x00, 0x00, 0x7F, 0xE0, 0x00, 0x01, 0xFF, 0x80, 
  0x00, 0x0F, 0xFC, 0x00, 0x00, 0x3F, 0xF0, 0x00, 0x01, 0xFF, 0x80, 0x00, 0x0F, 0xFE, 0x00, 0x00, 
  0x7F, 0xF0, 0x00, 0x07, 0xFF, 0x80, 0x03, 0xFF, 0xFC, 0x00, 0x0F, 0xFF, 0xC0, 0x00, 0x3F, 0xFC, 
  0x00, 0x00, 0xFF, 0x80, 0x00, 0x00, 0xFF, 0xFF, 0xFF, 0xC0, 0x1F, 0xFF, 0xFE, 0x3F, 0xFF, 0xFF, 
  0xF0, 0x07, 0xFF, 0xFF, 0x8F, 0xFF, 0xFF, 0xFC, 0x01, 0xFF, 0xFF, 0xE3, 0xFF, 0xFF, 0xFF, 0x00, 
  0x7F, 0xFF, 0xF8, 0x0F, 0xFF, 0xFC, 0x00, 0x03, 0xFF, 0xF0, 0x00, 0x7F, 0xF8, 0x00, 0x00, 0x7F, 
  0xF0, 0x00, 0x1F, 0xFE, 0x00, 0x00, 0x1F, 0xF8, 0x00, 0x03, 0xFF, 0x00, 0x00, 0x07, 0xFC, 0x00, 
  0x00, 0xFF, 0xC0, 0x00, 0x01, 0xFE, 0x00, 0x00, 0x3F, 0xF0, 0x00, 0x00, 0xFF, 0x00, 0x00, 0x0F, 
  0xFC, 0x00, 0x00, 0x3F, 0x80, 0x00, 0x03, 0xFF, 0x00, 0x00, 0x1F, 0xC0, 0x00, 0x00, 0xFF, 0xC0, 
  0x00, 0x0F, 0xE0, 0x00, 0x00, 0x3F, 0xF0, 0x00, 0x07, 0xF0, 0x00, 0x00, 0x0F, 0xFC, 0x00, 0x03, 
  0xF8, 0x00, 0x00, 0x03, 0xFF, 0x00, 0x00, 0xFC, 0x00, 0x00, 0x00, 0xFF, 0xC0, 0x00, 0x7E, 0x00, 
  0x00, 0x00, 0x3F, 0xF0, 0x00, 0x3F, 0x00, 0x00, 0x00, 0x0F, 0xFC, 0x00, 0x1F, 0x80, 0x00, 0x00, 
  0x03, 0xFF, 0x00, 0x0F, 0xC0, 0x00, 0x00, 0x00, 0xFF, 0xC0, 0x07, 0xF0, 0x00, 0x00, 0x00, 0x3F, 
  0xF0, 0x03, 0xF8, 0x00, 0x00, 0x00, 0x0F, 0xFC, 0x01, 0xFC, 0x00, 0x00, 0x00, 0x03, 0xFF, 0x00, 
  0x7E, 0x00, 0x00, 0x00, 0x00, 0xFF, 0xC0, 0x3F, 0x00, 0x00, 0x00, 0x00, 0x3F, 0xF0, 0x1F, 0x80, 
  0x00, 0x00, 0x00, 0x0F, 0xFC, 0x0F, 0xF0, 0x00, 0x00, 0x00, 0x03, 0xFF, 0x07, 0xFE, 0x00, 0x00, 
  0x00, 0x00, 0xFF, 0xC3, 0xFF, 0x80, 0x00, 0x00, 0x00, 0x3F, 0xF1, 0xFF, 0xF0, 0x00, 0x00, 0x00, 
  0x0F, 0xFC, 0xFF, 0xFE, 0x00, 0x00, 0x00, 0x03, 0xFF, 0x3F, 0xFF, 0x80, 0x00, 0x00, 0x00, 0xFF, 
  0xDF, 0xFF, 0xF0, 0x00, 0x00, 0x00, 0x3F, 0xFF, 0xDF, 0xFE, 0x00, 0x00, 0x00, 0x0F, 0xFF, 0xE7, 
  0xFF, 0xC0, 0x00, 0x00, 0x03, 0xFF, 0xF0, 0xFF, 0xF0, 0x00, 0x00, 0x00, 0xFF, 0xF8, 0x1F, 0xFE, 
  0x00, 0x00, 0x00, 0x3F, 0xFC, 0x03, 0xFF, 0xC0, 0x00, 0x00, 0x0F, 0xFC, 0x00, 0xFF, 0xF0, 0x00, 
  0x00, 0x03, 0xFF, 0x00, 0x1F, 0xFE, 0x00, 0x00, 0x00, 0xFF, 0xC0, 0x03, 0xFF, 0xC0, 0x00, 0x00, 
  0x3F, 0xF0, 0x00, 0xFF, 0xF8, 0x00, 0x00, 0x0F, 0xFC, 0x00, 0x1F, 0xFE, 0x00, 0x00, 0x03, 0xFF, 
  0x00, 0x03, 0xFF, 0xC0, 0x00, 0x00, 0xFF, 0xC0, 0x00, 0xFF, 0xF8, 0x00, 0x00, 0x3F, 0xF0, 0x00, 
  0x1F, 0xFE, 0x00, 0x00, 0x0F, 0xFC, 0x00, 0x03, 0xFF, 0xC0, 0x00, 0x03, 0xFF, 0x00, 0x00, 0xFF, 
  0xF8, 0x00, 0x00, 0xFF, 0xC0, 0x00, 0x1F, 0xFF, 0x00, 0x00, 0x3F, 0xF0, 0x00, 0x03, 0xFF, 0xC0, 
  0x00, 0x0F, 0xFC, 0x00, 0x00, 0xFF, 0xF8, 0x00, 0x03, 0xFF, 0x00, 0x00, 0x1F, 0xFF, 0x00, 0x00, 
  0xFF, 0xC0, 0x00, 0x03, 0xFF, 0xE0, 0x00, 0x3F, 0xF0, 0x00, 0x00, 0x7F, 0xF8, 0x00, 0x0F, 0xFE, 
  0x00, 0x00, 0x1F, 0xFF, 0x00, 0x07, 0xFF, 0x80, 0x00, 0x03, 0xFF, 0xF0, 0x07, 0xFF, 0xF8, 0x00, 
  0x00, 0x7F, 0xFE, 0x3F, 0xFF, 0xFF, 0xF0, 0x00, 0x0F, 0xFF, 0xFF, 0xFF, 0xFF, 0xFC, 0x00, 0x01, 
  0xFF, 0xFF, 0xFF, 0xFF, 0xFF, 0x00, 0x00, 0x1F, 0xFF, 0xFF, 0xFF, 0xFF, 0xC0, 0x00, 0x00, 0xFF, 
  0xC0, 0xFF, 0xFF, 0xFF, 0xC0, 0x00, 0x01, 0xFF, 0xFF, 0xFF, 0x80, 0x00, 0x03, 0xFF, 0xFF, 0xFF, 
  0x00, 0x00, 0x07, 0xFF, 0xFF, 0xFE, 0x00, 0x00, 0x00, 0xFF, 0xFF, 0xC0, 0x00, 0x00, 0x00, 0x7F, 
  0xFC, 0x00, 0x00, 0x00, 0x00, 0x7F, 0xF8, 0x00, 0x00, 0x00, 0x00, 0x7F, 0xE0, 0x00, 0x00, 0x00, 
  0x00, 0xFF, 0xC0, 0x00, 0x00, 0x00, 0x01, 0xFF, 0x80, 0x00, 0x00, 0x00, 0x03, 0xFF, 0x00, 0x00, 
  0x00, 0x00, 0x07, 0xFE, 0x00, 0x00, 0x00, 0x00, 0x0F, 0xFC, 0x00, 0x00, 0x00, 0x00, 0x1F, 0xF8, 
  0x00, 0x00, 0x00, 0x00, 0x3F, 0xF0, 0x00, 0x00, 0x00, 0x00, 0x7F, 0xE0, 0x00, 0x00, 0x00, 0x00, 
  0xFF, 0xC0, 0x00, 0x00, 0x00, 0x01, 0xFF, 0x80, 0x00, 0x00, 0x00, 0x03, 0xFF, 0x00, 0x00, 0x00, 
  0x00, 0x07, 0xFE, 0x00, 0x00, 0x00, 0x00, 0x0F, 0xFC, 0x00, 0x00, 0x00, 0x00, 0x1F, 0xF8, 0x00, 
  0x00, 0x00, 0x00, 0x3F, 0xF0, 0x00, 0x00, 0x00, 0x00, 0x7F, 0xE0, 0x00, 0x00, 0x00, 0x00, 0xFF, 
  0xC0, 0x00, 0x00, 0x00, 0x01, 0xFF, 0x80, 0x00, 0x00, 0x00, 0x03, 0xFF, 0x00, 0x00, 0x00, 0x00, 
  0x07, 0xFE, 0x00, 0x00, 0x00, 0x00, 0x0F, 0xFC, 0x00, 0x00, 0x00, 0x00, 0x1F, 0xF8, 0x00, 0x00, 
  0x00, 0x00, 0x3F, 0xF0, 0x00, 0x00, 0x00, 0x00, 0x7F, 0xE0, 0x00, 0x00, 0x00, 0x00, 0xFF, 0xC0, 
  0x00, 0x00, 0x00, 0x01, 0xFF, 0x80, 0x00, 0x00, 0x00, 0x03, 0xFF, 0x00, 0x00, 0x00, 0x00, 0x07, 
  0xFE, 0x00, 0x00, 0x00, 0x00, 0x0F, 0xFC, 0x00, 0x00, 0x00, 0x00, 0x1F, 0xF8, 0x00, 0x00, 0x00, 
  0x00, 0x3F, 0xF0, 0x00, 0x00, 0x00, 0x00, 0x7F, 0xE0, 0x00, 0x00, 0x00, 0x00, 0xFF, 0xC0, 0x00, 
  0x00, 0x00, 0x01, 0xFF, 0x80, 0x00, 0x00, 0x00, 0x03, 0xFF, 0x00, 0x00, 0x00, 0x00, 0x07, 0xFE, 
  0x00, 0x00, 0x00, 0xF0, 0x0F, 0xFC, 0x00, 0x00, 0x01, 0xE0, 0x1F, 0xF8, 0x00, 0x00, 0x07, 0xC0, 
  0x3F, 0xF0, 0x00, 0x00, 0x0F, 0x80, 0x7F, 0xE0, 0x00, 0x00, 0x1F, 0x00, 0xFF, 0xC0, 0x00, 0x00, 
  0x3E, 0x01, 0xFF, 0x80, 0x00, 0x00, 0x7C, 0x03, 0xFF, 0x00, 0x00, 0x01, 0xF8, 0x07, 0xFE, 0x00, 
  0x00, 0x03, 0xF0, 0x0F, 0xFC, 0x00, 0x00, 0x07, 0xE0, 0x1F, 0xF8, 0x00, 0x00, 0x1F, 0xC0, 0x7F, 
  0xF0, 0x00, 0x00, 0x7F, 0x80, 0xFF, 0xE0, 0x00, 0x01, 0xFF, 0x07, 0xFF, 0xFF, 0xFF, 0xFF, 0xFF, 
  0xFF, 0xFF, 0xFF, 0xFF, 0xFF, 0xFF, 0xFF, 0xFF, 0xFF, 0xFF, 0xFF, 0xFF, 0xFF, 0xFF, 0xFF, 0xFF, 
  0xFF, 0xFF, 0xFF, 0xFF, 0xFF, 0xFF, 0xFF, 0xE0, 0xFF, 0xFF, 0xF8, 0x00, 0x00, 0x00, 0x03, 0xFF, 
  0xFF, 0xFF, 0xFF, 0xFE, 0x00, 0x00, 0x00, 0x01, 0xFF, 0xFF, 0xFF, 0xFF, 0xFF, 0xC0, 0x00, 0x00, 
  0x00, 0x7F, 0xFF, 0xFF, 0xFF, 0xFF, 0xF0, 0x00, 0x00, 0x00, 0x1F, 0xFF, 0xFF, 0x0F, 0xFF, 0xFC, 
  0x00, 0x00, 0x00, 0x0F, 0xFF, 0xFC, 0x00, 0x7F, 0xFF, 0x80, 0x00, 0x00, 0x03, 0xFF, 0xFC, 0x00, 
  0x1F, 0xFF, 0xE0, 0x00, 0x00, 0x00, 0xFF, 0xFE, 0x00, 0x03, 0xFF, 0xF8, 0x00, 0x00, 0x00, 0x7D, 
  0xFF, 0x00, 0x00, 0xFF, 0xFF, 0x00, 0x00, 0x00, 0x1F, 0x7F, 0xC0, 0x00, 0x3F, 0xFF, 0xC0, 0x00, 
  0x00, 0x07, 0xDF, 0xF0, 0x00, 0x0F, 0xDF, 0xF0, 0x00, 0x00, 0x03, 0xE7, 0xFC, 0x00, 0x03, 0xF7, 
  0xFE, 0x00, 0x00, 0x00, 0xF9, 0xFF, 0x00, 0x00, 0xFD, 0xFF, 0x80, 0x00, 0x00, 0x7E, 0x7F, 0xC0, 
  0x00, 0x3F, 0x3F, 0xF0, 0x00, 0x00, 0x1F, 0x1F, 0xF0, 0x00, 0x0F, 0xCF, 0xFC, 0x00, 0x00, 0x07, 
  0xC7, 0xFC, 0x00, 0x03, 0xF3, 0xFF, 0x00, 0x00, 0x03, 0xF1, 0xFF, 0x00, 0x00, 0xFC, 0x7F, 0xE0, 
  0x00, 0x00, 0xF8, 0x7F, 0xC0, 0x00, 0x3F, 0x1F, 0xF8, 0x00, 0x00, 0x3E, 0x1F, 0xF0, 0x00, 0x0F, 
  0xC3, 0xFE, 0x00, 0x00, 0x1F, 0x87, 0xFC, 0x00, 0x03, 0xF0, 0xFF, 0xC0, 0x00, 0x07, 0xC1, 0xFF, 
  0x00, 0x00, 0xFC, 0x3F, 0xF0, 0x00, 0x01, 0xF0, 0x7F, 0xC0, 0x00, 0x3F, 0x07, 0xFC, 0x00, 0x00, 
  0xFC, 0x1F, 0xF0, 0x00, 0x0F, 0xC1, 0xFF, 0x80, 0x00, 0x3E, 0x07, 0xFC, 0x00, 0x03, 0xF0, 0x7F, 
  0xE0, 0x00, 0x0F, 0x81, 0xFF, 0x00, 0x00, 0xFC, 0x0F, 0xF8, 0x00, 0x07, 0xC0, 0x7F, 0xC0, 0x00, 
  0x3F, 0x03, 0xFF, 0x00, 0x01, 0xF0, 0x1F, 0xF0, 0x00, 0x0F, 0xC0, 0xFF, 0xC0, 0x00, 0x7C, 0x07, 
  0xFC, 0x00, 0x03, 0xF0, 0x1F, 0xF8, 0x00, 0x3E, 0x01, 0xFF, 0x00, 0x00, 0xFC, 0x07, 0xFE, 0x00, 
  0x0F, 0x80, 0x7F, 0xC0, 0x00, 0x3F, 0x01, 0xFF, 0x80, 0x07, 0xE0, 0x1F, 0xF0, 0x00, 0x0F, 0xC0, 
  0x3F, 0xF0, 0x01, 0xF0, 0x07, 0xFC, 0x00, 0x03, 0xF0, 0x0F, 0xFC, 0x00, 0x7C, 0x01, 0xFF, 0x00, 
  0x00, 0xFC, 0x01, 0xFF, 0x00, 0x3F, 0x00, 0x7F, 0xC0, 0x00, 0x3F, 0x00, 0x7F, 0xE0, 0x0F, 0x80, 
  0x1F, 0xF0, 0x00, 0x0F, 0xC0, 0x1F, 0xF8, 0x03, 0xE0, 0x07, 0xFC, 0x00, 0x03, 0xF0, 0x03, 0xFE, 
  0x01, 0xF8, 0x01, 0xFF, 0x00, 0x00, 0xFC, 0x00, 0xFF, 0xC0, 0x7C, 0x00, 0x7F, 0xC0, 0x00, 0x3F, 
  0x00, 0x3F, 0xF0, 0x1F, 0x00, 0x1F, 0xF0, 0x00, 0x0F, 0xC0, 0x07, 0xFC, 0x0F, 0xC0, 0x07, 0xFC, 
  0x00, 0x03, 0xF0, 0x01, 0xFF, 0x83, 0xE0, 0x01, 0xFF, 0x00, 0x00, 0xFC, 0x00, 0x7F, 0xE0, 0xF8, 
  0x00, 0x7F, 0xC0, 0x00, 0x3F, 0x00, 0x0F, 0xFC, 0x7E, 0x00, 0x1F, 0xF0, 0x00, 0x0F, 0xC0, 0x03, 
  0xFF, 0x1F, 0x00, 0x07, 0xFC, 0x00, 0x03, 0xF0, 0x00, 0x7F, 0xC7, 0xC0, 0x01, 0xFF, 0x00, 0x00, 
  0xFC, 0x00, 0x1F, 0xFB, 0xE0, 0x00, 0x7F, 0xC0, 0x00, 0x3F, 0x00, 0x07, 0xFE, 0xF8, 0x00, 0x1F, 
  0xF0, 0x00, 0x0F, 0xC0, 0x00, 0xFF, 0xBE, 0x00, 0x07, 0xFC, 0x00, 0x03, 0xF0, 0x00, 0x3F, 0xFF, 
  0x00, 0x01, 0xFF, 0x00, 0x00, 0xFC, 0x00, 0x0F, 0xFF, 0xC0, 0x00, 0x7F, 0xC0, 0x00, 0x3F, 0x00, 
  0x01, 0xFF, 0xF0, 0x00, 0x1F, 0xF0, 0x00, 0x0F, 0xC0, 0x00, 0x7F, 0xF8, 0x00, 0x07, 0xFC, 0x00, 
  0x03, 0xF0, 0x00, 0x1F, 0xFE, 0x00, 0x01, 0xFF, 0x00, 0x00, 0xFC, 0x00, 0x03, 0xFF, 0x80, 0x00, 
  0xFF, 0xC0, 0x00, 0x3F, 0x00, 0x00, 0xFF, 0xC0, 0x00, 0x3F, 0xF0, 0x00, 0x1F, 0xC0, 0x00, 0x3F, 
  0xF0, 0x00, 0x0F, 0xFE, 0x00, 0x07, 0xF8, 0x00, 0x07, 0xFC, 0x00, 0x03, 0xFF, 0x80, 0x07, 0xFF, 
  0x00, 0x01, 0xFE, 0x00, 0x03, 0xFF, 0xF8, 0x3F, 0xFF, 0xFC, 0x00, 0x3F, 0x80, 0x0F, 0xFF, 0xFF, 
  0xFF, 0xFF, 0xFF, 0x00, 0x0F, 0xE0, 0x03, 0xFF, 0xFF, 0xFF, 0xFF, 0xFF, 0xC0, 0x03, 0xF0, 0x00, 
  0xFF, 0xFF, 0xFF, 0xFF, 0xFF, 0xF0, 0x00, 0x7C, 0x00, 0x3F, 0xFF, 0xFF, 0xC0, 0xFF, 0xFF, 0x80, 
  0x00, 0x01, 0xFF, 0xFF, 0xFF, 0xFF, 0xF8, 0x00, 0x00, 0x1F, 0xFF, 0xFF, 0xFF, 0xFF, 0xC0, 0x00, 
  0x01, 0xFF, 0xFF, 0xFF, 0xFF, 0xFE, 0x00, 0x00, 0x1F, 0xFF, 0xFF, 0x07, 0xFF, 0xE0, 0x00, 0x00, 
  0x1F, 0xFF, 0x00, 0x1F, 0xFF, 0x00, 0x00, 0x00, 0x7F, 0xC0, 0x01, 0xFF, 0xF8, 0x00, 0x00, 0x03, 
  0xF8, 0x00, 0x0F, 0xFF, 0x80, 0x00, 0x00, 0x1F, 0x80, 0x00, 0xFF, 0xFC, 0x00, 0x00, 0x01, 0xF0, 
  0x00, 0x0F, 0xFF, 0xE0, 0x00, 0x00, 0x1F, 0x00, 0x00, 0xFF, 0xFE, 0x00, 0x00, 0x01, 0xF0, 0x00, 
  0x0F, 0xFF, 0xF0, 0x00, 0x00, 0x1F, 0x00, 0x00, 0xFF, 0xFF, 0x80, 0x00, 0x01, 0xF0, 0x00, 0x0F, 
  0xFF, 0xF8, 0x00, 0x00, 0x1F, 0x00, 0x00, 0xFD, 0xFF, 0xC0, 0x00, 0x01, 0xF0, 0x00, 0x0F, 0xDF, 
  0xFE, 0x00, 0x00, 0x1F, 0x00, 0x00, 0xFC, 0xFF, 0xE0, 0x00, 0x01, 0xF0, 0x00, 0x0F, 0xC7, 0xFF, 
  0x00, 0x00, 0x1F, 0x00, 0x00, 0xFC, 0x7F, 0xF8, 0x00, 0x01, 0xF0, 0x00, 0x0F, 0xC3, 0xFF, 0x80, 
  0x00, 0x1F, 0x00, 0x00, 0xFC, 0x1F, 0xFC, 0x00, 0x01, 0xF0, 0x00, 0x0F, 0xC1, 0xFF, 0xE0, 0x00, 
  0x1F, 0x00, 0x00, 0xFC, 0x0F, 0xFE, 0x00, 0x01, 0xF0, 0x00, 0x0F, 0xC0, 0x7F, 0xF0, 0x00, 0x1F, 
  0x00, 0x00, 0xFC, 0x07, 0xFF, 0x80, 0x01, 0xF0, 0x00, 0x0F, 0xC0, 0x3F, 0xF8, 0x00, 0x1F, 0x00, 
  0x00, 0xFC, 0x01, 0xFF, 0xC0, 0x01, 0xF0, 0x00, 0x0F, 0xC0, 0x1F, 0xFE, 0x00, 0x1F, 0x00, 0x00, 
  0xFC, 0x00, 0xFF, 0xE0, 0x01, 0xF0, 0x00, 0x0F, 0xC0, 0x07, 0xFF, 0x00, 0x1F, 0x00, 0x00, 0xFC, 
  0x00, 0x7F, 0xF0, 0x01, 0xF0, 0x00, 0x0F, 0xC0, 0x03, 0xFF, 0x80, 0x1F, 0x00, 0x00, 0xFC, 0x00, 
  0x1F, 0xFC, 0x01, 0xF0, 0x00, 0x0F, 0xC0, 0x01, 0xFF, 0xC0, 0x1F, 0x00, 0x00, 0xFC, 0x00, 0x0F, 
  0xFE, 0x01, 0xF0, 0x00, 0x0F, 0xC0, 0x00, 0x7F, 0xF0, 0x1F, 0x00, 0x00, 0xFC, 0x00, 0x07, 0xFF, 
  0x01, 0xF0, 0x00, 0x0F, 0xC0, 0x00, 0x3F, 0xF8, 0x1F, 0x00, 0x00, 0xFC, 0x00, 0x01, 0xFF, 0xC1, 
  0xF0, 0x00, 0x0F, 0xC0, 0x00, 0x1F, 0xFC, 0x1F, 0x00, 0x00, 0xFC, 0x00, 0x00, 0xFF, 0xE1, 0xF0, 
  0x00, 0x0F, 0xC0, 0x00, 0x07, 0xFF, 0x1F, 0x00, 0x00, 0xFC, 0x00, 0x00, 0x7F, 0xF1, 0xF0, 0x00, 
  0x0F, 0xC0, 0x00, 0x03, 0xFF, 0x9F, 0x00, 0x00, 0xFC, 0x00, 0x00, 0x1F, 0xFD, 0xF0, 0x00, 0x0F, 
  0xC0, 0x00, 0x01, 0xFF, 0xDF, 0x00, 0x00, 0xFC, 0x00, 0x00, 0x0F, 0xFF, 0xF0, 0x00, 0x0F, 0xC0, 
  0x00, 0x00, 0x7F, 0xFF, 0x00, 0x00, 0xFC, 0x00, 0x00, 0x07, 0xFF, 0xF0, 0x00, 0x0F, 0xC0, 0x00, 
  0x00, 0x3F, 0xFF, 0x00, 0x00, 0xFC, 0x00, 0x00, 0x01, 0xFF, 0xF0, 0x00, 0x0F, 0xC0, 0x00, 0x00, 
  0x1F, 0xFF, 0x00, 0x00, 0xFC, 0x00, 0x00, 0x00, 0xFF, 0xF0, 0x00, 0x0F, 0xC0, 0x00, 0x00, 0x07, 
  0xFF, 0x00, 0x01, 0xFC, 0x00, 0x00, 0x00, 0x7F, 0xF0, 0x00, 0x1F, 0xE0, 0x00, 0x00, 0x03, 0xFF, 
  0x00, 0x07, 0xFF, 0x00, 0x00, 0x00, 0x1F, 0xF0, 0x0F, 0xFF, 0xFF, 0xC0, 0x00, 0x01, 0xFF, 0x00, 
  0xFF, 0xFF, 0xFC, 0x00, 0x00, 0x0F, 0xF0, 0x0F, 0xFF, 0xFF, 0xC0, 0x00, 0x00, 0x7F, 0x00, 0xFF, 
  0xFF, 0xFC, 0x00, 0x00, 0x07, 0xF0, 0x00, 0x00, 0x00, 0x00, 0x78, 0x00, 0x00, 0x00, 0x00, 0x00, 
  0xFF, 0xFF, 0xC0, 0x00, 0x00, 0x00, 0x1F, 0xFF, 0xFF, 0xE0, 0x00, 0x00, 0x01, 0xFF, 0xFF, 0xFF, 
  0xE0, 0x00, 0x00, 0x1F, 0xFF, 0xFF, 0xFF, 0xC0, 0x00, 0x00, 0xFF, 0xFC, 0x0F, 0xFF, 0xC0, 0x00, 
  0x07, 0xFF, 0x00, 0x03, 0xFF, 0x80, 0x00, 0x3F, 0xF8, 0x00, 0x03, 0xFF, 0x00, 0x01, 0xFF, 0x80, 
  0x00, 0x07, 0xFE, 0x00, 0x0F, 0xFC, 0x00, 0x00, 0x0F, 0xFC, 0x00, 0x7F, 0xE0, 0x00, 0x00, 0x1F, 
  0xF8, 0x01, 0xFF, 0x80, 0x00, 0x00, 0x7F, 0xE0, 0x0F, 0xFC, 0x00, 0x00, 0x00, 0xFF, 0xC0, 0x7F, 
  0xF0, 0x00, 0x00, 0x01, 0xFF, 0x01, 0xFF, 0x80, 0x00, 0x00, 0x07, 0xFE, 0x07, 0xFE, 0x00, 0x00, 
  0x00, 0x1F, 0xF8, 0x3F, 0xF0, 0x00, 0x00, 0x00, 0x3F, 0xF0, 0xFF, 0xC0, 0x00, 0x00, 0x00, 0xFF, 
  0xC7, 0xFF, 0x00, 0x00, 0x00, 0x03, 0xFF, 0x1F, 0xFC, 0x00, 0x00, 0x00, 0x0F, 0xFE, 0x7F, 0xE0, 
  0x00, 0x00, 0x00, 0x1F, 0xF9, 0xFF, 0x80, 0x00, 0x00, 0x00, 0x7F, 0xE7, 0xFE, 0x00, 0x00, 0x00, 
  0x01, 0xFF, 0xBF, 0xF8, 0x00, 0x00, 0x00, 0x07, 0xFF, 0xFF, 0xE0, 0x00, 0x00, 0x00, 0x1F, 0xFF, 
  0xFF, 0x80, 0x00, 0x00, 0x00, 0x7F, 0xFF, 0xFE, 0x00, 0x00, 0x00, 0x01, 0xFF, 0xFF, 0xF8, 0x00, 
  0x00, 0x00, 0x07, 0xFF, 0xFF, 0xE0, 0x00, 0x00, 0x00, 0x1F, 0xFF, 0xFF, 0x80, 0x00, 0x00, 0x00, 
  0x3F, 0xFF, 0xFE, 0x00, 0x00, 0x00, 0x00, 0xFF, 0xFF, 0xF8, 0x00, 0x00, 0x00, 0x03, 0xFF, 0xFF, 
  0xE0, 0x00, 0x00, 0x00, 0x0F, 0xFF, 0xFF, 0x80, 0x00, 0x00, 0x00, 0x3F, 0xFF, 0xFE, 0x00, 0x00, 
  0x00, 0x01, 0xFF, 0xFF, 0xF8, 0x00, 0x00, 0x00, 0x07, 0xFF, 0xFF, 0xE0, 0x00, 0x00, 0x00, 0x1F, 
  0xFF, 0xFF, 0x80, 0x00, 0x00, 0x00, 0x7F, 0xFF, 0xFE, 0x00, 0x00, 0x00, 0x01, 0xFF, 0xFF, 0xF8, 
  0x00, 0x00, 0x00, 0x07, 0xFF, 0x7F, 0xE0, 0x00, 0x00, 0x00, 0x1F, 0xFD, 0xFF, 0x80, 0x00, 0x00, 
  0x00, 0x7F, 0xE7, 0xFE, 0x00, 0x00, 0x00, 0x01, 0xFF, 0x9F, 0xFC, 0x00, 0x00, 0x00, 0x0F, 0xFE, 
  0x7F, 0xF0, 0x00, 0x00, 0x00, 0x3F, 0xF0, 0xFF, 0xC0, 0x00, 0x00, 0x00, 0xFF, 0xC3, 0xFF, 0x00, 
  0x00, 0x00, 0x03, 0xFF, 0x07, 0xFE, 0x00, 0x00, 0x00, 0x1F, 0xF8, 0x1F, 0xF8, 0x00, 0x00, 0x00, 
  0x7F, 0xE0, 0x7F, 0xE0, 0x00, 0x00, 0x01, 0xFF, 0x00, 0xFF, 0xC0, 0x00, 0x00, 0x0F, 0xFC, 0x01, 
  0xFF, 0x80, 0x00, 0x00, 0x3F, 0xE0, 0x07, 0xFE, 0x00, 0x00, 0x01, 0xFF, 0x80, 0x0F, 0xFC, 0x00, 
  0x00, 0x0F, 0xFC, 0x00, 0x1F, 0xF8, 0x00, 0x00, 0x7F, 0xE0, 0x00, 0x3F, 0xF0, 0x00, 0x03, 0xFF, 
  0x00, 0x00, 0x7F, 0xF0, 0x00, 0x3F, 0xF8, 0x00, 0x00, 0xFF, 0xF8, 0x07, 0xFF, 0xC0, 0x00, 0x01, 
  0xFF, 0xFF, 0xFF, 0xFE, 0x00, 0x00, 0x01, 0xFF, 0xFF, 0xFF, 0xE0, 0x00, 0x00, 0x01, 0xFF, 0xFF, 
  0xFE, 0x00, 0x00, 0x00, 0x01, 0xFF, 0xFF, 0xE0, 0x00, 0x00, 0x00, 0x00, 0x3F, 0xF0, 0x00, 0x00, 
  0x00, 0xFF, 0xFF, 0xFF, 0xF0, 0x00, 0x03, 0xFF, 0xFF, 0xFF, 0xFF, 0x00, 0x0F, 0xFF, 0xFF, 0xFF, 
  0xFF, 0x80, 0x3F, 0xFF, 0xFF, 0xFF, 0xFF, 0x80, 0x07, 0xFF, 0xFF, 0xFF, 0xFF, 0x00, 0x07, 0xFF, 
  0x00, 0x1F, 0xFF, 0x00, 0x1F, 0xFC, 0x00, 0x1F, 0xFC, 0x00, 0x3F, 0xF0, 0x00, 0x3F, 0xF8, 0x00, 
  0xFF, 0xC0, 0x00, 0x7F, 0xF0, 0x03, 0xFF, 0x00, 0x00, 0xFF, 0xC0, 0x0F, 0xFC, 0x00, 0x03, 0xFF, 
  0x80, 0x3F, 0xF0, 0x00, 0x07, 0xFE, 0x00, 0xFF, 0xC0, 0x00, 0x1F, 0xFC, 0x03, 0xFF, 0x00, 0x00, 
  0x7F, 0xF0, 0x0F, 0xFC, 0x00, 0x01, 0xFF, 0xC0, 0x3F, 0xF0, 0x00, 0x03, 0xFF, 0x00, 0xFF, 0xC0, 
  0x00, 0x0F, 0xFC, 0x03, 0xFF, 0x00, 0x00, 0x3F, 0xF0, 0x0F, 0xFC, 0x00, 0x00, 0xFF, 0xC0, 0x3F, 
  0xF0, 0x00, 0x03, 0xFF, 0x00, 0xFF, 0xC0, 0x00, 0x0F, 0xFC, 0x03, 0xFF, 0x00, 0x00, 0x3F, 0xF0, 
  0x0F, 0xFC, 0x00, 0x00, 0xFF, 0xC0, 0x3F, 0xF0, 0x00, 0x07, 0xFF, 0x00, 0xFF, 0xC0, 0x00, 0x1F, 
  0xF8, 0x03, 0xFF, 0x00, 0x00, 0x7F, 0xE0, 0x0F, 0xFC, 0x00, 0x01, 0xFF, 0x80, 0x3F, 0xF0, 0x00, 
  0x0F, 0xFC, 0x00, 0xFF, 0xC0, 0x00, 0x3F, 0xF0, 0x03, 0xFF, 0x00, 0x01, 0xFF, 0x80, 0x0F, 0xFC, 
  0x00, 0x0F, 0xFC, 0x00, 0x3F, 0xF0, 0x00, 0xFF, 0xE0, 0x00, 0xFF, 0xC0, 0x0F, 0xFF, 0x00, 0x03, 
  0xFF, 0xFF, 0xFF, 0xF8, 0x00, 0x0F, 0xFF, 0xFF, 0xFF, 0x80, 0x00, 0x3F, 0xFF, 0xFF, 0xF8, 0x00, 
  0x00, 0xFF, 0xFF, 0xFF, 0x00, 0x00, 0x03, 0xFF, 0x00, 0x00, 0x00, 0x00, 0x0F, 0xFC, 0x00, 0x00, 
  0x00, 0x00, 0x3F, 0xF0, 0x00, 0x00, 0x00, 0x00, 0xFF, 0xC0, 0x00, 0x00, 0x00, 0x03, 0xFF, 0x00, 
  0x00, 0x00, 0x00, 0x0F, 0xFC, 0x00, 0x00, 0x00, 0x00, 0x3F, 0xF0, 0x00, 0x00, 0x00, 0x00, 0xFF, 
  0xC0, 0x00, 0x00, 0x00, 0x03, 0xFF, 0x00, 0x00, 0x00, 0x00, 0x0F, 0xFC, 0x00, 0x00, 0x00, 0x00, 
  0x3F, 0xF0, 0x00, 0x00, 0x00, 0x00, 0xFF, 0xC0, 0x00, 0x00, 0x00, 0x03, 0xFF, 0x00, 0x00, 0x00, 
  0x00, 0x0F, 0xFC, 0x00, 0x00, 0x00, 0x00, 0x3F, 0xF0, 0x00, 0x00, 0x00, 0x00, 0xFF, 0xC0, 0x00, 
  0x00, 0x00, 0x03, 0xFF, 0x00, 0x00, 0x00, 0x00, 0x1F, 0xFC, 0x00, 0x00, 0x00, 0x00, 0x7F, 0xF8, 
  0x00, 0x00, 0x00, 0x07, 0xFF, 0xF0, 0x00, 0x00, 0x03, 0xFF, 0xFF, 0xFF, 0xC0, 0x00, 0x0F, 0xFF, 
  0xFF, 0xFF, 0x00, 0x00, 0x3F, 0xFF, 0xFF, 0xFC, 0x00, 0x00, 0xFF, 0xFF, 0xFF, 0xF0, 0x00, 0x00, 
  0x00, 0x00, 0x00, 0x78, 0x00, 0x00, 0x00, 0x00, 0x00, 0xFF, 0xFF, 0xC0, 0x00, 0x00, 0x00, 0x1F, 
  0xFF, 0xFF, 0xE0, 0x00, 0x00, 0x01, 0xFF, 0xFF, 0xFF, 0xE0, 0x00, 0x00, 0x1F, 0xFF, 0xFF, 0xFF, 
  0xC0, 0x00, 0x00, 0xFF, 0xFC, 0x0F, 0xFF, 0xC0, 0x00, 0x07, 0xFF, 0x00, 0x03, 0xFF, 0x80, 0x00, 
  0x3F, 0xF8, 0x00, 0x03, 0xFF, 0x00, 0x01, 0xFF, 0x80, 0x00, 0x07, 0xFE, 0x00, 0x0F, 0xFC, 0x00, 
  0x00, 0x0F, 0xFC, 0x00, 0x7F, 0xE0, 0x00, 0x00, 0x1F, 0xF8, 0x01, 0xFF, 0x80, 0x00, 0x00, 0x7F, 
  0xE0, 0x0F, 0xFC, 0x00, 0x00, 0x00, 0xFF, 0xC0, 0x7F, 0xF0, 0x00, 0x00, 0x01, 0xFF, 0x01, 0xFF, 
  0x80, 0x00, 0x00, 0x07, 0xFE, 0x07, 0xFE, 0x00, 0x00, 0x00, 0x1F, 0xF8, 0x3F, 0xF0, 0x00, 0x00, 
  0x00, 0x3F, 0xF0, 0xFF, 0xC0, 0x00, 0x00, 0x00, 0xFF, 0xC7, 0xFF, 0x00, 0x00, 0x00, 0x03, 0xFF, 
  0x1F, 0xFC, 0x00, 0x00, 0x00, 0x0F, 0xFE, 0x7F, 0xE0, 0x00, 0x00, 0x00, 0x1F, 0xF9, 0xFF, 0x80, 
  0x00, 0x00, 0x00, 0x7F, 0xE7, 0xFE, 0x00, 0x00, 0x00, 0x01, 0xFF, 0xBF, 0xF8, 0x00, 0x00, 0x00, 
  0x07, 0xFF, 0xFF, 0xE0, 0x00, 0x00, 0x00, 0x1F, 0xFF, 0xFF, 0x80, 0x00, 0x00, 0x00, 0x7F, 0xFF, 
  0xFE, 0x00, 0x00, 0x00, 0x01, 0xFF, 0xFF, 0xF8, 0x00, 0x00, 0x00, 0x07, 0xFF, 0xFF, 0xE0, 0x00, 
  0x00, 0x00, 0x1F, 0xFF, 0xFF, 0x80, 0x00, 0x00, 0x00, 0x3F, 0xFF, 0xFE, 0x00, 0x00, 0x00, 0x00, 
  0xFF, 0xFF, 0xF8, 0x00, 0x00, 0x00, 0x03, 0xFF, 0xFF, 0xE0, 0x00, 0x00, 0x00, 0x0F, 0xFF, 0xFF, 
  0x80, 0x00, 0x00, 0x00, 0x3F, 0xFF, 0xFE, 0x00, 0x00, 0x00, 0x01, 0xFF, 0xFF, 0xF8, 0x00, 0x00, 
  0x00, 0x07, 0xFF, 0xFF, 0xE0, 0x00, 0x00, 0x00, 0x1F, 0xFF, 0xFF, 0x80, 0x00, 0x00, 0x00, 0x7F, 
  0xFF, 0xFE, 0x00, 0x00, 0x00, 0x01, 0xFF, 0xFF, 0xF8, 0x00, 0x00, 0x00, 0x07, 0xFF, 0xFF, 0xE0, 
  0x00, 0x00, 0x00, 0x1F, 0xF9, 0xFF, 0x80, 0x00, 0x00, 0x00, 0x7F, 0xE7, 0xFE, 0x00, 0x00, 0x00, 
  0x01, 0xFF, 0x9F, 0xFC, 0x00, 0x00, 0x00, 0x0F, 0xFE, 0x7F, 0xF0, 0x00, 0x00, 0x00, 0x3F, 0xF0, 
  0xFF, 0xC0, 0x00, 0x00, 0x00, 0xFF, 0xC3, 0xFF, 0x00, 0x00, 0x00, 0x03, 0xFF, 0x07, 0xFE, 0x00, 
  0x00, 0x00, 0x1F, 0xF8, 0x1F, 0xF8, 0x00, 0x00, 0x00, 0x7F, 0xE0, 0x7F, 0xE0, 0x00, 0x00, 0x01, 
  0xFF, 0x00, 0xFF, 0xC0, 0x00, 0x00, 0x0F, 0xFC, 0x01, 0xFF, 0x80, 0x00, 0x00, 0x3F, 0xE0, 0x07, 
  0xFE, 0x00, 0x00, 0x01, 0xFF, 0x80, 0x0F, 0xFC, 0x00, 0x00, 0x0F, 0xFC, 0x00, 0x1F, 0xF8, 0x00, 
  0x00, 0x7F, 0xE0, 0x00, 0x3F, 0xF0, 0x00, 0x03, 0xFF, 0x00, 0x00, 0x7F, 0xF0, 0x00, 0x3F, 0xF8, 
  0x00, 0x00, 0xFF, 0xF8, 0x03, 0xFF, 0xC0, 0x00, 0x01, 0xFF, 0xFF, 0xFF, 0xFE, 0x00, 0x00, 0x01, 
  0xFF, 0xFF, 0xFF, 0xE0, 0x00, 0x00, 0x01, 0xFF, 0xFF, 0xFE, 0x00, 0x00, 0x00, 0x01, 0xFF, 0xFF, 
  0xC0, 0x00, 0x00, 0x00, 0x00, 0x3F, 0xF8, 0x00, 0x00, 0x00, 0x00, 0x00, 0x7F, 0xF0, 0x00, 0x00, 
  0x00, 0x00, 0x01, 0xFF, 0xC0, 0x00, 0x00, 0x00, 0x00, 0x07, 0xFF, 0x00, 0x00, 0x00, 0x00, 0x00, 
  0x1F, 0xFC, 0x00, 0x00, 0x00, 0x00, 0x00, 0x7F, 0xF0, 0x00, 0x00, 0x00, 0x00, 0x00, 0xFF, 0xC0, 
  0x00, 0x00, 0x00, 0x00, 0x03, 0xFF, 0x80, 0x00, 0x00, 0x00, 0x00, 0x0F, 0xFE, 0x00, 0x00, 0x00, 
  0x00, 0x00, 0x1F, 0xFC, 0x00, 0x00, 0x00, 0x00, 0x00, 0x7F, 0xF0, 0x00, 0x00, 0x00, 0x00, 0x00, 
  0xFF, 0xE0, 0x00, 0x00, 0x00, 0x00, 0x01, 0xFF, 0xC0, 0x00, 0x00, 0x00, 0x00, 0x03, 0xFF, 0x80, 
  0x00, 0x00, 0x00, 0x00, 0x0F, 0xFF, 0x80, 0x00, 0x00, 0x00, 0x00, 0x0F, 0xFF, 0xF8, 0x00, 0x00, 
  0x00, 0x00, 0x1F, 0xFF, 0xE0, 0x00, 0x00, 0x00, 0x00, 0x1F, 0xFF, 0x80, 0x00, 0x00, 0x00, 0x00, 
  0x1F, 0xFE, 0x00, 0x00, 0x00, 0x00, 0x00, 0x03, 0xF8, 0x00, 0xFF, 0xFF, 0xFF, 0xE8, 0x00, 0x00, 
  0x01, 0xFF, 0xFF, 0xFF, 0xFF, 0xC0, 0x00, 0x03, 0xFF, 0xFF, 0xFF, 0xFF, 0xF0, 0x00, 0x07, 0xFF, 
  0xFF, 0xFF, 0xFF, 0xF8, 0x00, 0x00, 0xFF, 0xFF, 0xFF, 0xFF, 0xF8, 0x00, 0x00, 0x3F, 0xF8, 0x00, 
  0x7F, 0xF8, 0x00, 0x00, 0x7F, 0xF0, 0x00, 0x3F, 0xF8, 0x00, 0x00, 0x7F, 0xE0, 0x00, 0x3F, 0xF8, 
  0x00, 0x00, 0xFF, 0xC0, 0x00, 0x3F, 0xF8, 0x00, 0x01, 0xFF, 0x80, 0x00, 0x3F, 0xF0, 0x00, 0x03, 
  0xFF, 0x00, 0x00, 0x7F, 0xF0, 0x00, 0x07, 0xFE, 0x00, 0x00, 0xFF, 0xE0, 0x00, 0x0F, 0xFC, 0x00, 
  0x00, 0xFF, 0xC0, 0x00, 0x1F, 0xF8, 0x00, 0x01, 0xFF, 0x80, 0x00, 0x3F, 0xF0, 0x00, 0x03, 0xFF, 
  0x00, 0x00, 0x7F, 0xE0, 0x00, 0x07, 0xFF, 0x00, 0x00, 0xFF, 0xC0, 0x00, 0x0F, 0xFE, 0x00, 0x01, 
  0xFF, 0x80, 0x00, 0x1F, 0xFC, 0x00, 0x03, 0xFF, 0x00, 0x00, 0x3F, 0xF0, 0x00, 0x07, 0xFE, 0x00, 
  0x00, 0x7F, 0xE0, 0x00, 0x0F, 0xFC, 0x00, 0x00, 0xFF, 0xC0, 0x00, 0x1F, 0xF8, 0x00, 0x01, 0xFF, 
  0x80, 0x00, 0x3F, 0xF0, 0x00, 0x07, 0xFF, 0x00, 0x00, 0x7F, 0xE0, 0x00, 0x0F, 0xFC, 0x00, 0x00, 
  0xFF, 0xC0, 0x00, 0x1F, 0xF8, 0x00, 0x01, 0xFF, 0x80, 0x00, 0x7F, 0xE0, 0x00, 0x03, 0xFF, 0x00, 
  0x00, 0xFF, 0x80, 0x00, 0x07, 0xFE, 0x00, 0x03, 0xFE, 0x00, 0x00, 0x0F, 0xFC, 0x00, 0x1F, 0xF8, 
  0x00, 0x00, 0x1F, 0xF8, 0x00, 0xFF, 0xE0, 0x00, 0x00, 0x3F, 0xFF, 0xFF, 0xFF, 0x00, 0x00, 0x00, 
  0x7F, 0xFF, 0xFF, 0xF8, 0x00, 0x00, 0x00, 0xFF, 0xFF, 0xFF, 0xC0, 0x00, 0x00, 0x01, 0xFF, 0xFF, 
  0xFF, 0xC0, 0x00, 0x00, 0x03, 0xFF, 0x01, 0xFF, 0xC0, 0x00, 0x00, 0x07, 0xFE, 0x03, 0xFF, 0x80, 
  0x00, 0x00, 0x0F, 0xFC, 0x03, 0xFF, 0x80, 0x00, 0x00, 0x1F, 0xF8, 0x07, 0xFF, 0x00, 0x00, 0x00, 
  0x3F, 0xF0, 0x07, 0xFF, 0x00, 0x00, 0x00, 0x7F, 0xE0, 0x07, 0xFF, 0x00, 0x00, 0x00, 0xFF, 0xC0, 
  0x0F, 0xFE, 0x00, 0x00, 0x01, 0xFF, 0x80, 0x0F, 0xFE, 0x00, 0x00, 0x03, 0xFF, 0x00, 0x1F, 0xFE, 
  0x00, 0x00, 0x07, 0xFE, 0x00, 0x1F, 0xFC, 0x00, 0x00, 0x0F, 0xFC, 0x00, 0x1F, 0xFC, 0x00, 0x00, 
  0x1F, 0xF8, 0x00, 0x3F, 0xF8, 0x00, 0x00, 0x3F, 0xF0, 0x00, 0x3F, 0xF8, 0x00, 0x00, 0x7F, 0xE0, 
  0x00, 0x7F, 0xF8, 0x00, 0x00, 0xFF, 0xC0, 0x00, 0x7F, 0xF0, 0x00, 0x01, 0xFF, 0x80, 0x00, 0xFF, 
  0xF0, 0x00, 0x03, 0xFF, 0x00, 0x00, 0xFF, 0xF0, 0x00, 0x07, 0xFE, 0x00, 0x00, 0xFF, 0xE0, 0x00, 
  0x0F, 0xFC, 0x00, 0x01, 0xFF, 0xE0, 0x00, 0x1F, 0xF8, 0x00, 0x01, 0xFF, 0xE0, 0x00, 0x3F, 0xF0, 
  0x00, 0x03, 0xFF, 0xE0, 0x00, 0xFF, 0xF0, 0x00, 0x03, 0xFF, 0xE0, 0x03, 0xFF, 0xF0, 0x00, 0x03, 
  0xFF, 0xE1, 0xFF, 0xFF, 0xFF, 0x80, 0x03, 0xFF, 0xFF, 0xFF, 0xFF, 0xFF, 0x00, 0x03, 0xFF, 0xFF, 
  0xFF, 0xFF, 0xFE, 0x00, 0x01, 0xFF, 0xFF, 0xFF, 0xFF, 0xFC, 0x00, 0x00, 0x7F, 0xE0, 0x00, 0x00, 
  0x08, 0x00, 0x00, 0x00, 0x0F, 0xFF, 0xE0, 0x00, 0x00, 0xFF, 0xFF, 0xF8, 0x00, 0x07, 0xFF, 0xFF, 
  0xF8, 0x00, 0x3F, 0xFF, 0xFF, 0xFC, 0x00, 0xFF, 0xE0, 0x3F, 0xFC, 0x03, 0xFE, 0x00, 0x1F, 0xFC, 
  0x07, 0xF8, 0x00, 0x1F, 0xF8, 0x1F, 0xE0, 0x00, 0x1F, 0xF0, 0x7F, 0xC0, 0x00, 0x3F, 0xF0, 0xFF, 
  0x00, 0x00, 0x3F, 0xE3, 0xFE, 0x00, 0x00, 0x7F, 0xC7, 0xFC, 0x00, 0x00, 0x7F, 0x0F, 0xF8, 0x00, 
  0x00, 0xFE, 0x1F, 0xF0, 0x00, 0x01, 0xF8, 0x3F, 0xE0, 0x00, 0x03, 0xC0, 0x7F, 0xC0, 0x00, 0x00, 
  0x00, 0xFF, 0x80, 0x00, 0x00, 0x01, 0xFF, 0x00, 0x00, 0x00, 0x03, 0xFF, 0x00, 0x00, 0x00, 0x07, 
  0xFE, 0x00, 0x00, 0x00, 0x0F, 0xFE, 0x00, 0x00, 0x00, 0x0F, 0xFE, 0x00, 0x00, 0x00, 0x1F, 0xFF, 
  0x00, 0x00, 0x00, 0x1F, 0xFF, 0x00, 0x00, 0x00, 0x3F, 0xFF, 0x80, 0x00, 0x00, 0x3F, 0xFF, 0xC0, 
  0x00, 0x00, 0x3F, 0xFF, 0xF0, 0x00, 0x00, 0x3F, 0xFF, 0xF8, 0x00, 0x00, 0x3F, 0xFF, 0xFC, 0x00, 
  0x00, 0x3F, 0xFF, 0xFE, 0x00, 0x00, 0x1F, 0xFF, 0xFF, 0x00, 0x00, 0x1F, 0xFF, 0xFF, 0x00, 0x00, 
  0x0F, 0xFF, 0xFF, 0x00, 0x00, 0x07, 0xFF, 0xFF, 0x80, 0x00, 0x01, 0xFF, 0xFF, 0x80, 0x00, 0x00, 
  0xFF, 0xFF, 0x00, 0x00, 0x00, 0x7F, 0xFF, 0x00, 0x00, 0x00, 0x3F, 0xFF, 0x00, 0x00, 0x00, 0x3F, 
  0xFE, 0x00, 0x00, 0x00, 0x1F, 0xFC, 0x00, 0x00, 0x00, 0x1F, 0xFC, 0x00, 0x00, 0x00, 0x3F, 0xF8, 
  0x00, 0x00, 0x00, 0x3F, 0xF0, 0x00, 0x00, 0x00, 0x7F, 0xE3, 0xC0, 0x00, 0x00, 0x7F, 0xDF, 0x80, 
  0x00, 0x00, 0xFF, 0xBF, 0x00, 0x00, 0x01, 0xFF, 0xFE, 0x00, 0x00, 0x03, 0xFF, 0xFC, 0x00, 0x00, 
  0x07, 0xFF, 0xFC, 0x00, 0x00, 0x0F, 0xF7, 0xF8, 0x00, 0x00, 0x1F, 0xEF, 0xF8, 0x00, 0x00, 0x7F, 
  0xDF, 0xF0, 0x00, 0x00, 0xFF, 0x3F, 0xF0, 0x00, 0x03, 0xFE, 0x3F, 0xF0, 0x00, 0x0F, 0xF8, 0x7F, 
  0xF0, 0x00, 0x3F, 0xE0, 0x7F, 0xF8, 0x01, 0xFF, 0x80, 0x7F, 0xFF, 0xFF, 0xFE, 0x00, 0x7F, 0xFF, 
  0xFF, 0xF0, 0x00, 0x3F, 0xFF, 0xFF, 0xC0, 0x00, 0x1F, 0xFF, 0xFC, 0x00, 0x00, 0x03, 0xFF, 0x00, 
  0x00, 0x00, 0x7F, 0xFF, 0xFF, 0xFF, 0xFF, 0xFF, 0xCF, 0xFF, 0xFF, 0xFF, 0xFF, 0xFF, 0xF9, 0xFF, 
  0xFF, 0xFF, 0xFF, 0xFF, 0xFF, 0x3F, 0xFF, 0xFF, 0xFF, 0xFF, 0xFF, 0xE7, 0xFF, 0xFF, 0xFF, 0xFF, 
  0xFF, 0xFC, 0xFF, 0x00, 0x1F, 0xF8, 0x00, 0x7F, 0x9F, 0xC0, 0x03, 0xFF, 0x00, 0x07, 0xF3, 0xF0, 
  0x00, 0x7F, 0xE0, 0x00, 0x7E, 0x7E, 0x00, 0x0F, 0xFC, 0x00, 0x07, 0xCF, 0x80, 0x01, 0xFF, 0x80, 
  0x00, 0xF9, 0xF0, 0x00, 0x3F, 0xF0, 0x00, 0x1F, 0x3E, 0x00, 0x07, 0xFE, 0x00, 0x03, 0xE7, 0xC0, 
  0x00, 0xFF, 0xC0, 0x00, 0x7C, 0xF8, 0x00, 0x1F, 0xF8, 0x00, 0x07, 0xFE, 0x00, 0x03, 0xFF, 0x00, 
  0x00, 0xFF, 0xC0, 0x00, 0x7F, 0xE0, 0x00, 0x1F, 0x00, 0x00, 0x0F, 0xFC, 0x00, 0x00, 0x00, 0x00, 
  0x01, 0xFF, 0x80, 0x00, 0x00, 0x00, 0x00, 0x3F, 0xF0, 0x00, 0x00, 0x00, 0x00, 0x07, 0xFE, 0x00, 
  0x00, 0x00, 0x00, 0x00, 0xFF, 0xC0, 0x00, 0x00, 0x00, 0x00, 0x1F, 0xF8, 0x00, 0x00, 0x00, 0x00, 
  0x03, 0xFF, 0x00, 0x00, 0x00, 0x00, 0x00, 0x7F, 0xE0, 0x00, 0x00, 0x00, 0x00, 0x0F, 0xFC, 0x00, 
  0x00, 0x00, 0x00, 0x01, 0xFF, 0x80, 0x00, 0x00, 0x00, 0x00, 0x3F, 0xF0, 0x00, 0x00, 0x00, 0x00, 
  0x07, 0xFE, 0x00, 0x00, 0x00, 0x00, 0x00, 0xFF, 0xC0, 0x00, 0x00, 0x00, 0x00, 0x1F, 0xF8, 0x00, 
  0x00, 0x00, 0x00, 0x03, 0xFF, 0x00, 0x00, 0x00, 0x00, 0x00, 0x7F, 0xE0, 0x00, 0x00, 0x00, 0x00, 
  0x0F, 0xFC, 0x00, 0x00, 0x00, 0x00, 0x01, 0xFF, 0x80, 0x00, 0x00, 0x00, 0x00, 0x3F, 0xF0, 0x00, 
  0x00, 0x00, 0x00, 0x07, 0xFE, 0x00, 0x00, 0x00, 0x00, 0x00, 0xFF, 0xC0, 0x00, 0x00, 0x00, 0x00, 
  0x1F, 0xF8, 0x00, 0x00, 0x00, 0x00, 0x03, 0xFF, 0x00, 0x00, 0x00, 0x00, 0x00, 0x7F, 0xE0, 0x00, 
  0x00, 0x00, 0x00, 0x0F, 0xFC, 0x00, 0x00, 0x00, 0x00, 0x01, 0xFF, 0x80, 0x00, 0x00, 0x00, 0x00, 
  0x3F, 0xF0, 0x00, 0x00, 0x00, 0x00, 0x07, 0xFE, 0x00, 0x00, 0x00, 0x00, 0x00, 0xFF, 0xC0, 0x00, 
  0x00, 0x00, 0x00, 0x1F, 0xF8, 0x00, 0x00, 0x00, 0x00, 0x03, 0xFF, 0x00, 0x00, 0x00, 0x00, 0x00, 
  0x7F, 0xE0, 0x00, 0x00, 0x00, 0x00, 0x0F, 0xFC, 0x00, 0x00, 0x00, 0x00, 0x01, 0xFF, 0x80, 0x00, 
  0x00, 0x00, 0x00, 0x3F, 0xF0, 0x00, 0x00, 0x00, 0x00, 0x07, 0xFE, 0x00, 0x00, 0x00, 0x00, 0x00, 
  0xFF, 0xC0, 0x00, 0x00, 0x00, 0x00, 0x1F, 0xFC, 0x00, 0x00, 0x00, 0x00, 0x03, 0xFF, 0x80, 0x00, 
  0x00, 0x00, 0x00, 0xFF, 0xF8, 0x00, 0x00, 0x00, 0x00, 0x3F, 0xFF, 0x80, 0x00, 0x00, 0x01, 0xFF, 
  0xFF, 0xFF, 0xC0, 0x00, 0x00, 0x3F, 0xFF, 0xFF, 0xF8, 0x00, 0x00, 0x07, 0xFF, 0xFF, 0xFF, 0x00, 
  0x00, 0x00, 0xFF, 0xFF, 0xFF, 0xE0, 0x00, 0xFF, 0xFF, 0xFF, 0xC0, 0x03, 0xFF, 0xFF, 0xFF, 0xFF, 
  0xFF, 0xF8, 0x00, 0x7F, 0xFF, 0xFF, 0xFF, 0xFF, 0xFF, 0x00, 0x0F, 0xFF, 0xFF, 0xFF, 0xFF, 0xFF, 
  0xE0, 0x01, 0xFF, 0xFF, 0xF0, 0x7F, 0xFF, 0xC0, 0x00, 0x03, 0xFF, 0xE0, 0x03, 0xFF, 0xE0, 0x00, 
  0x00, 0x1F, 0xF0, 0x00, 0x3F, 0xF8, 0x00, 0x00, 0x01, 0xFC, 0x00, 0x07, 0xFF, 0x00, 0x00, 0x00, 
  0x1F, 0x80, 0x00, 0xFF, 0xC0, 0x00, 0x00, 0x03, 0xE0, 0x00, 0x1F, 0xF8, 0x00, 0x00, 0x00, 0x7C, 
  0x00, 0x03, 0xFF, 0x00, 0x00, 0x00, 0x0F, 0x80, 0x00, 0x7F, 0xE0, 0x00, 0x00, 0x01, 0xF0, 0x00, 
  0x0F, 0xFC, 0x00, 0x00, 0x00, 0x3E, 0x00, 0x01, 0xFF, 0x80, 0x00, 0x00, 0x07, 0xC0, 0x00, 0x3F, 
  0xF0, 0x00, 0x00, 0x00, 0xF8, 0x00, 0x07, 0xFE, 0x00, 0x00, 0x00, 0x1F, 0x00, 0x00, 0xFF, 0xC0, 
  0x00, 0x00, 0x03, 0xE0, 0x00, 0x1F, 0xF8, 0x00, 0x00, 0x00, 0x7C, 0x00, 0x03, 0xFF, 0x00, 0x00, 
  0x00, 0x0F, 0x80, 0x00, 0x7F, 0xE0, 0x00, 0x00, 0x01, 0xF0, 0x00, 0x0F, 0xFC, 0x00, 0x00, 0x00, 
  0x3E, 0x00, 0x01, 0xFF, 0x80, 0x00, 0x00, 0x07, 0xC0, 0x00, 0x3F, 0xF0, 0x00, 0x00, 0x00, 0xF8, 
  0x00, 0x07, 0xFE, 0x00, 0x00, 0x00, 0x1F, 0x00, 0x00, 0xFF, 0xC0, 0x00, 0x00, 0x03, 0xE0, 0x00, 
  0x1F, 0xF8, 0x00, 0x00, 0x00, 0x7C, 0x00, 0x03, 0xFF, 0x00, 0x00, 0x00, 0x0F, 0x80, 0x00, 0x7F, 
  0xE0, 0x00, 0x00, 0x01, 0xF0, 0x00, 0x0F, 0xFC, 0x00, 0x00, 0x00, 0x3E, 0x00, 0x01, 0xFF, 0x80, 
  0x00, 0x00, 0x07, 0xC0, 0x00, 0x3F, 0xF0, 0x00, 0x00, 0x00, 0xF8, 0x00, 0x07, 0xFE, 0x00, 0x00, 
  0x00, 0x1F, 0x00, 0x00, 0xFF, 0xC0, 0x00, 0x00, 0x03, 0xE0, 0x00, 0x1F, 0xF8, 0x00, 0x00, 0x00, 
  0x7C, 0x00, 0x03, 0xFF, 0x00, 0x00, 0x00, 0x0F, 0x80, 0x00, 0x7F, 0xE0, 0x00, 0x00, 0x01, 0xF0, 
  0x00, 0x0F, 0xFC, 0x00, 0x00, 0x00, 0x3E, 0x00, 0x01, 0xFF, 0x80, 0x00, 0x00, 0x07, 0xC0, 0x00, 
  0x3F, 0xF0, 0x00, 0x00, 0x00, 0xF8, 0x00, 0x07, 0xFE, 0x00, 0x00, 0x00, 0x1F, 0x00, 0x00, 0xFF, 
  0xC0, 0x00, 0x00, 0x03, 0xE0, 0x00, 0x1F, 0xF8, 0x00, 0x00, 0x00, 0x7C, 0x00, 0x03, 0xFF, 0x00, 
  0x00, 0x00, 0x0F, 0x80, 0x00, 0x7F, 0xE0, 0x00, 0x00, 0x01, 0xF0, 0x00, 0x0F, 0xFC, 0x00, 0x00, 
  0x00, 0x3E, 0x00, 0x01, 0xFF, 0x80, 0x00, 0x00, 0x07, 0xC0, 0x00, 0x1F, 0xF8, 0x00, 0x00, 0x01, 
  0xF8, 0x00, 0x03, 0xFF, 0x00, 0x00, 0x00, 0x3F, 0x00, 0x00, 0x7F, 0xE0, 0x00, 0x00, 0x07, 0xE0, 
  0x00, 0x0F, 0xFC, 0x00, 0x00, 0x00, 0xF8, 0x00, 0x01, 0xFF, 0xC0, 0x00, 0x00, 0x3F, 0x00, 0x00, 
  0x1F, 0xF8, 0x00, 0x00, 0x07, 0xE0, 0x00, 0x03, 0xFF, 0x80, 0x00, 0x01, 0xF8, 0x00, 0x00, 0x3F, 
  0xF8, 0x00, 0x00, 0x7F, 0x00, 0x00, 0x07, 0xFF, 0xC0, 0x00, 0x3F, 0xC0, 0x00, 0x00, 0x7F, 0xFE, 
  0x00, 0x1F, 0xF0, 0x00, 0x00, 0x07, 0xFF, 0xFF, 0xFF, 0xFC, 0x00, 0x00, 0x00, 0x7F, 0xFF, 0xFF, 
  0xFF, 0x00, 0x00, 0x00, 0x03, 0xFF, 0xFF, 0xFF, 0xC0, 0x00, 0x00, 0x00, 0x3F, 0xFF, 0xFF, 0xE0, 
  0x00, 0x00, 0x00, 0x00, 0xFF, 0xFF, 0xF0, 0x00, 0x00, 0x00, 0x00, 0x00, 0x7F, 0xC0, 0x00, 0x00, 
  0x00, 0xFF, 0xFF, 0xFF, 0x80, 0x07, 0xFF, 0xFF, 0xFF, 0xFF, 0xFF, 0xE0, 0x01, 0xFF, 0xFF, 0xFF, 
  0xFF, 0xFF, 0xF8, 0x00, 0x7F, 0xFF, 0xFF, 0xFF, 0xFF, 0xFE, 0x00, 0x1F, 0xFF, 0xFF, 0x0F, 0xFF, 
  0xF0, 0x00, 0x00, 0x3F, 0xFC, 0x01, 0xFF, 0xF0, 0x00, 0x00, 0x03, 0xFC, 0x00, 0x3F, 0xFC, 0x00, 
  0x00, 0x00, 0xFF, 0x00, 0x07, 0xFF, 0x00, 0x00, 0x00, 0x3F, 0x80, 0x01, 0xFF, 0xC0, 0x00, 0x00, 
  0x0F, 0xE0, 0x00, 0x3F, 0xF0, 0x00, 0x00, 0x03, 0xF0, 0x00, 0x0F, 0xFC, 0x00, 0x00, 0x00, 0xFC, 
  0x00, 0x03, 0xFF, 0x00, 0x00, 0x00, 0x3F, 0x00, 0x00, 0x7F, 0xE0, 0x00, 0x00, 0x1F, 0x80, 0x00, 
  0x1F, 0xF8, 0x00, 0x00, 0x07, 0xE0, 0x00, 0x07, 0xFE, 0x00, 0x00, 0x01, 0xF0, 0x00, 0x00, 0xFF, 
  0xC0, 0x00, 0x00, 0xFC, 0x00, 0x00, 0x3F, 0xF0, 0x00, 0x00, 0x3F, 0x00, 0x00, 0x0F, 0xFC, 0x00, 
  0x00, 0x0F, 0x80, 0x00, 0x01, 0xFF, 0x80, 0x00, 0x07, 0xE0, 0x00, 0x00, 0x7F, 0xE0, 0x00, 0x01, 
  0xF8, 0x00, 0x00, 0x1F, 0xF8, 0x00, 0x00, 0x7C, 0x00, 0x00, 0x03, 0xFF, 0x00, 0x00, 0x3F, 0x00, 
  0x00, 0x00, 0xFF, 0xC0, 0x00, 0x0F, 0xC0, 0x00, 0x00, 0x3F, 0xF0, 0x00, 0x03, 0xE0, 0x00, 0x00, 
  0x07, 0xFE, 0x00, 0x01, 0xF8, 0x00, 0x00, 0x01, 0xFF, 0x80, 0x00, 0x7E, 0x00, 0x00, 0x00, 0x7F, 
  0xE0, 0x00, 0x1F, 0x00, 0x00, 0x00, 0x0F, 0xFC, 0x00, 0x0F, 0xC0, 0x00, 0x00, 0x03, 0xFF, 0x00, 
  0x03, 0xF0, 0x00, 0x00, 0x00, 0xFF, 0xC0, 0x00, 0xF8, 0x00, 0x00, 0x00, 0x1F, 0xF8, 0x00, 0x7E, 
  0x00, 0x00, 0x00, 0x07, 0xFE, 0x00, 0x1F, 0x80, 0x00, 0x00, 0x00, 0xFF, 0x80, 0x07, 0xC0, 0x00, 
  0x00, 0x00, 0x3F, 0xF0, 0x03, 0xF0, 0x00, 0x00, 0x00, 0x0F, 0xFC, 0x00, 0xFC, 0x00, 0x00, 0x00, 
  0x01, 0xFF, 0x00, 0x7E, 0x00, 0x00, 0x00, 0x00, 0x7F, 0xE0, 0x1F, 0x80, 0x00, 0x00, 0x00, 0x1F, 
  0xF8, 0x07, 0xC0, 0x00, 0x00, 0x00, 0x03, 0xFE, 0x03, 0xF0, 0x00, 0x00, 0x00, 0x00, 0xFF, 0xC0, 
  0xFC, 0x00, 0x00, 0x00, 0x00, 0x3F, 0xF0, 0x3E, 0x00, 0x00, 0x00, 0x00, 0x07, 0xFC, 0x1F, 0x80, 
  0x00, 0x00, 0x00, 0x01, 0xFF, 0x87, 0xE0, 0x00, 0x00, 0x00, 0x00, 0x7F, 0xE1, 0xF0, 0x00, 0x00, 
  0x00, 0x00, 0x0F, 0xF8, 0x7C, 0x00, 0x00, 0x00, 0x00, 0x03, 0xFE, 0x3F, 0x00, 0x00, 0x00, 0x00, 
  0x00, 0xFF, 0xCF, 0x80, 0x00, 0x00, 0x00, 0x00, 0x1F, 0xF3, 0xE0, 0x00, 0x00, 0x00, 0x00, 0x07, 
  0xFD, 0xF8, 0x00, 0x00, 0x00, 0x00, 0x01, 0xFF, 0x7C, 0x00, 0x00, 0x00, 0x00, 0x00, 0x3F, 0xFF, 
  0x00, 0x00, 0x00, 0x00, 0x00, 0x0F, 0xFF, 0xC0, 0x00, 0x00, 0x00, 0x00, 0x03, 0xFF, 0xE0, 0x00, 
  0x00, 0x00, 0x00, 0x00, 0x7F, 0xF8, 0x00, 0x00, 0x00, 0x00, 0x00, 0x1F, 0xFE, 0x00, 0x00, 0x00, 
  0x00, 0x00, 0x03, 0xFF, 0x00, 0x00, 0x00, 0x00, 0x00, 0x00, 0xFF, 0xC0, 0x00, 0x00, 0x00, 0x00, 
  0x00, 0x3F, 0xF0, 0x00, 0x00, 0x00, 0x00, 0x00, 0x07, 0xF8, 0x00, 0x00, 0x00, 0x00, 0x00, 0x01, 
  0xFE, 0x00, 0x00, 0x00, 0x00, 0x00, 0x00, 0x7F, 0x00, 0x00, 0x00, 0x00, 0xFF, 0xFF, 0xFF, 0x00, 
  0x00, 0x00, 0x00, 0x00, 0x1F, 0xFF, 0xFF, 0xFF, 0xFF, 0xFF, 0x00, 0x00, 0x3F, 0x80, 0x00, 0x1F, 
  0xFF, 0xFF, 0xFF, 0xFF, 0xFF, 0x00, 0x00, 0x3F, 0x80, 0x00, 0x1F, 0xFF, 0xFF, 0xFF, 0xFF, 0xFF, 
  0x00, 0x00, 0x3F, 0xC0, 0x00, 0x1F, 0xFF, 0xFF, 0x1F, 0xFF, 0xF0, 0x00, 0x00, 0x7F, 0xC0, 0x00, 
  0x00, 0xFF, 0xF0, 0x07, 0xFF, 0xC0, 0x00, 0x00, 0x7F, 0xC0, 0x00, 0x00, 0x7F, 0xC0, 0x03, 0xFF, 
  0xC0, 0x00, 0x00, 0x7F, 0xE0, 0x00, 0x00, 0x3F, 0xC0, 0x03, 0xFF, 0x80, 0x00, 0x00, 0x7F, 0xE0, 
  0x00, 0x00, 0x3F, 0x80, 0x01, 0xFF, 0x80, 0x00, 0x00, 0xFF, 0xE0, 0x00, 0x00, 0x3F, 0x80, 0x01, 
  0xFF, 0x80, 0x00, 0x00, 0xFF, 0xE0, 0x00, 0x00, 0x3F, 0x00, 0x01, 0xFF, 0xC0, 0x00, 0x00, 0xFF, 
  0xF0, 0x00, 0x00, 0x3F, 0x00, 0x00, 0xFF, 0xC0, 0x00, 0x01, 0xFF, 0xF0, 0x00, 0x00, 0x3F, 0x00, 
  0x00, 0xFF, 0xC0, 0x00, 0x01, 0xFF, 0xF0, 0x00, 0x00, 0x7E, 0x00, 0x00, 0xFF, 0xC0, 0x00, 0x01, 
  0xFF, 0xF8, 0x00, 0x00, 0x7E, 0x00, 0x00, 0xFF, 0xE0, 0x00, 0x01, 0xFF, 0xF8, 0x00, 0x00, 0x7E, 
  0x00, 0x00, 0x7F, 0xE0, 0x00, 0x03, 0xFF, 0xF8, 0x00, 0x00, 0x7E, 0x00, 0x00, 0x7F, 0xE0, 0x00, 
  0x03, 0xEF, 0xFC, 0x00, 0x00, 0xFC, 0x00, 0x00, 0x7F, 0xF0, 0x00, 0x03, 0xEF, 0xFC, 0x00, 0x00, 
  0xFC, 0x00, 0x00, 0x3F, 0xF0, 0x00, 0x07, 0xE7, 0xFC, 0x00, 0x00, 0xFC, 0x00, 0x00, 0x3F, 0xF0, 
  0x00, 0x07, 0xC7, 0xFC, 0x00, 0x01, 0xF8, 0x00, 0x00, 0x3F, 0xF0, 0x00, 0x07, 0xC7, 0xFE, 0x00, 
  0x01, 0xF8, 0x00, 0x00, 0x1F, 0xF8, 0x00, 0x07, 0xC3, 0xFE, 0x00, 0x01, 0xF8, 0x00, 0x00, 0x1F, 
  0xF8, 0x00, 0x0F, 0xC3, 0xFE, 0x00, 0x01, 0xF8, 0x00, 0x00, 0x1F, 0xF8, 0x00, 0x0F, 0x83, 0xFF, 
  0x00, 0x03, 0xF0, 0x00, 0x00, 0x1F, 0xFC, 0x00, 0x0F, 0x81, 0xFF, 0x00, 0x03, 0xF0, 0x00, 0x00, 
  0x0F, 0xFC, 0x00, 0x1F, 0x81, 0xFF, 0x00, 0x03, 0xF0, 0x00, 0x00, 0x0F, 0xFC, 0x00, 0x1F, 0x81, 
  0xFF, 0x00, 0x07, 0xE0, 0x00, 0x00, 0x0F, 0xFC, 0x00, 0x1F, 0x01, 0xFF, 0x80, 0x07, 0xE0, 0x00, 
  0x00, 0x07, 0xFE, 0x00, 0x1F, 0x00, 0xFF, 0x80, 0x07, 0xE0, 0x00, 0x00, 0x07, 0xFE, 0x00, 0x3F, 
  0x00, 0xFF, 0x80, 0x07, 0xE0, 0x00, 0x00, 0x07, 0xFE, 0x00, 0x3E, 0x00, 0xFF, 0xC0, 0x0F, 0xC0, 
  0x00, 0x00, 0x07, 0xFF, 0x00, 0x3E, 0x00, 0x7F, 0xC0, 0x0F, 0xC0, 0x00, 0x00, 0x03, 0xFF, 0x00, 
  0x7E, 0x00, 0x7F, 0xC0, 0x0F, 0xC0, 0x00, 0x00, 0x03, 0xFF, 0x00, 0x7E, 0x00, 0x7F, 0xE0, 0x1F, 
  0x80, 0x00, 0x00, 0x03, 0xFF, 0x00, 0x7C, 0x00, 0x7F, 0xE0, 0x1F, 0x80, 0x00, 0x00, 0x01, 0xFF, 
  0x80, 0x7C, 0x00, 0x3F, 0xE0, 0x1F, 0x80, 0x00, 0x00, 0x01, 0xFF, 0x80, 0xFC, 0x00, 0x3F, 0xE0, 
  0x1F, 0x80, 0x00, 0x00, 0x01, 0xFF, 0x80, 0xF8, 0x00, 0x3F, 0xF0, 0x3F, 0x00, 0x00, 0x00, 0x00, 
  0xFF, 0xC0, 0xF8, 0x00, 0x1F, 0xF0, 0x3F, 0x00, 0x00, 0x00, 0x00, 0xFF, 0xC1, 0xF8, 0x00, 0x1F, 
  0xF0, 0x3F, 0x00, 0x00, 0x00, 0x00, 0xFF, 0xC1, 0xF8, 0x00, 0x1F, 0xF8, 0x3E, 0x00, 0x00, 0x00, 
  0x00, 0xFF, 0xC1, 0xF0, 0x00, 0x0F, 0xF8, 0x7E, 0x00, 0x00, 0x00, 0x00, 0x7F, 0xE1, 0xF0, 0x00, 
  0x0F, 0xF8, 0x7E, 0x00, 0x00, 0x00, 0x00, 0x7F, 0xE3, 0xF0, 0x00, 0x0F, 0xF8, 0x7E, 0x00, 0x00, 
  0x00, 0x00, 0x7F, 0xE3, 0xE0, 0x00, 0x0F, 0xFC, 0x7C, 0x00, 0x00, 0x00, 0x00, 0x3F, 0xE3, 0xE0, 
  0x00, 0x07, 0xFC, 0xFC, 0x00, 0x00, 0x00, 0x00, 0x3F, 0xF3, 0xE0, 0x00, 0x07, 0xFC, 0xFC, 0x00, 
  0x00, 0x00, 0x00, 0x3F, 0xF3, 0xE0, 0x00, 0x07, 0xFC, 0xFC, 0x00, 0x00, 0x00, 0x00, 0x1F, 0xF7, 
  0xC0, 0x00, 0x03, 0xFC, 0xF8, 0x00, 0x00, 0x00, 0x00, 0x1F, 0xF7, 0xC0, 0x00, 0x03, 0xFF, 0xF8, 
  0x00, 0x00, 0x00, 0x00, 0x1F, 0xFF, 0xC0, 0x00, 0x03, 0xFF, 0xF8, 0x00, 0x00, 0x00, 0x00, 0x1F, 
  0xFF, 0xC0, 0x00, 0x03, 0xFF, 0xF0, 0x00, 0x00, 0x00, 0x00, 0x0F, 0xFF, 0x80, 0x00, 0x01, 0xFF, 
  0xF0, 0x00, 0x00, 0x00, 0x00, 0x0F, 0xFF, 0x80, 0x00, 0x01, 0xFF, 0xF0, 0x00, 0x00, 0x00, 0x00, 
  0x0F, 0xFF, 0x80, 0x00, 0x01, 0xFF, 0xF0, 0x00, 0x00, 0x00, 0x00, 0x07, 0xFF, 0x00, 0x00, 0x00, 
  0xFF, 0xE0, 0x00, 0x00, 0x00, 0x00, 0x07, 0xFF, 0x00, 0x00, 0x00, 0xFF, 0xE0, 0x00, 0x00, 0x00, 
  0x00, 0x07, 0xFF, 0x00, 0x00, 0x00, 0xFF, 0xE0, 0x00, 0x00, 0x00, 0x00, 0x07, 0xFF, 0x00, 0x00, 
  0x00, 0x7F, 0xC0, 0x00, 0x00, 0x00, 0x00, 0x03, 0xFE, 0x00, 0x00, 0x00, 0x7F, 0xC0, 0x00, 0x00, 
  0x00, 0x00, 0x03, 0xFE, 0x00, 0x00, 0x00, 0x7F, 0xC0, 0x00, 0x00, 0x7F, 0xFF, 0xFF, 0x80, 0x1F, 
  0xFF, 0xFC, 0x7F, 0xFF, 0xFF, 0x80, 0x1F, 0xFF, 0xFC, 0x7F, 0xFF, 0xFF, 0x80, 0x1F, 0xFF, 0xFC, 
  0x7F, 0xFF, 0xFF, 0x80, 0x1F, 0xFF, 0xFC, 0x0F, 0xFF, 0xFC, 0x00, 0x03, 0xFF, 0xE0, 0x01, 0xFF, 
  0xF8, 0x00, 0x00, 0xFF, 0x80, 0x00, 0xFF, 0xF0, 0x00, 0x00, 0xFF, 0x00, 0x00, 0x7F, 0xF0, 0x00, 
  0x00, 0xFE, 0x00, 0x00, 0x7F, 0xF8, 0x00, 0x00, 0xFC, 0x00, 0x00, 0x3F, 0xF8, 0x00, 0x01, 0xF8, 
  0x00, 0x00, 0x1F, 0xFC, 0x00, 0x01, 0xF8, 0x00, 0x00, 0x1F, 0xFC, 0x00, 0x03, 0xF0, 0x00, 0x00, 
  0x0F, 0xFE, 0x00, 0x07, 0xE0, 0x00, 0x00, 0x0F, 0xFF, 0x00, 0x07, 0xE0, 0x00, 0x00, 0x07, 0xFF, 
  0x00, 0x0F, 0xC0, 0x00, 0x00, 0x03, 0xFF, 0x80, 0x1F, 0x80, 0x00, 0x00, 0x03, 0xFF, 0x80, 0x1F, 
  0x00, 0x00, 0x00, 0x01, 0xFF, 0xC0, 0x3F, 0x00, 0x00, 0x00, 0x00, 0xFF, 0xE0, 0x7E, 0x00, 0x00, 
  0x00, 0x00, 0xFF, 0xE0, 0x7C, 0x00, 0x00, 0x00, 0x00, 0x7F, 0xF0, 0xFC, 0x00, 0x00, 0x00, 0x00, 
  0x7F, 0xF9, 0xF8, 0x00, 0x00, 0x00, 0x00, 0x3F, 0xF9, 0xF0, 0x00, 0x00, 0x00, 0x00, 0x1F, 0xFF, 
  0xF0, 0x00, 0x00, 0x00, 0x00, 0x1F, 0xFF, 0xE0, 0x00, 0x00, 0x00, 0x00, 0x0F, 0xFF, 0xC0, 0x00, 
  0x00, 0x00, 0x00, 0x07, 0xFF, 0x80, 0x00, 0x00, 0x00, 0x00, 0x07, 0xFF, 0x80, 0x00, 0x00, 0x00, 
  0x00, 0x03, 0xFF, 0x80, 0x00, 0x00, 0x00, 0x00, 0x03, 0xFF, 0xC0, 0x00, 0x00, 0x00, 0x00, 0x01, 
  0xFF, 0xC0, 0x00, 0x00, 0x00, 0x00, 0x01, 0xFF, 0xE0, 0x00, 0x00, 0x00, 0x00, 0x03, 0xFF, 0xF0, 
  0x00, 0x00, 0x00, 0x00, 0x03, 0xFF, 0xF0, 0x00, 0x00, 0x00, 0x00, 0x07, 0xFF, 0xF8, 0x00, 0x00, 
  0x00, 0x00, 0x0F, 0xFF, 0xF8, 0x00, 0x00, 0x00, 0x00, 0x0F, 0x9F, 0xFC, 0x00, 0x00, 0x00, 0x00, 
  0x1F, 0x9F, 0xFE, 0x00, 0x00, 0x00, 0x00, 0x3F, 0x0F, 0xFE, 0x00, 0x00, 0x00, 0x00, 0x7E, 0x07, 
  0xFF, 0x00, 0x00, 0x00, 0x00, 0x7E, 0x07, 0xFF, 0x80, 0x00, 0x00, 0x00, 0xFC, 0x03, 0xFF, 0x80, 
  0x00, 0x00, 0x01, 0xF8, 0x01, 0xFF, 0xC0, 0x00, 0x00, 0x01, 0xF8, 0x01, 0xFF, 0xC0, 0x00, 0x00, 
  0x03, 0xF0, 0x00, 0xFF, 0xE0, 0x00, 0x00, 0x07, 0xE0, 0x00, 0x7F, 0xF0, 0x00, 0x00, 0x0F, 0xE0, 
  0x00, 0x7F, 0xF0, 0x00, 0x00, 0x0F, 0xC0, 0x00, 0x3F, 0xF8, 0x00, 0x00, 0x1F, 0x80, 0x00, 0x3F, 
  0xFC, 0x00, 0x00, 0x3F, 0x00, 0x00, 0x1F, 0xFC, 0x00, 0x00, 0x3F, 0x00, 0x00, 0x0F, 0xFE, 0x00, 
  0x00, 0x7E, 0x00, 0x00, 0x0F, 0xFE, 0x00, 0x00, 0xFE, 0x00, 0x00, 0x07, 0xFF, 0x00, 0x01, 0xFE, 
  0x00, 0x00, 0x07, 0xFF, 0x80, 0x03, 0xFE, 0x00, 0x00, 0x07, 0xFF, 0xC0, 0x07, 0xFE, 0x00, 0x00, 
  0x07, 0xFF, 0xE0, 0x0F, 0xFF, 0x00, 0x00, 0x0F, 0xFF, 0xF0, 0xFF, 0xFF, 0xF0, 0x00, 0xFF, 0xFF, 
  0xFF, 0xFF, 0xFF, 0xF0, 0x00, 0xFF, 0xFF, 0xFF, 0xFF, 0xFF, 0xF0, 0x00, 0xFF, 0xFF, 0xFF, 0xFF, 
  0xFF, 0xF0, 0x00, 0xFF, 0xFF, 0xFF, 0xFF, 0xFF, 0xFF, 0x00, 0x3F, 0xFF, 0xFF, 0xFF, 0xFF, 0xFE, 
  0x00, 0x7F, 0xFF, 0xFF, 0xFF, 0xFF, 0xFC, 0x00, 0xFF, 0xFF, 0xFF, 0xFF, 0xFF, 0xF8, 0x01, 0xFF, 
  0xFF, 0xF1, 0xFF, 0xFE, 0x00, 0x00, 0x1F, 0xFF, 0x00, 0xFF, 0xF8, 0x00, 0x00, 0x1F, 0xFC, 0x01, 
  0xFF, 0xF0, 0x00, 0x00, 0x1F, 0xF0, 0x01, 0xFF, 0xE0, 0x00, 0x00, 0x3F, 0xC0, 0x01, 0xFF, 0xC0, 
  0x00, 0x00, 0x7F, 0x00, 0x03, 0xFF, 0x80, 0x00, 0x00, 0xFE, 0x00, 0x03, 0xFF, 0x80, 0x00, 0x01, 
  0xF8, 0x00, 0x07, 0xFF, 0x00, 0x00, 0x03, 0xE0, 0x00, 0x07, 0xFF, 0x00, 0x00, 0x0F, 0xC0, 0x00, 
  0x07, 0xFE, 0x00, 0x00, 0x1F, 0x00, 0x00, 0x0F, 0xFE, 0x00, 0x00, 0x7E, 0x00, 0x00, 0x0F, 0xFC, 
  0x00, 0x01, 0xF8, 0x00, 0x00, 0x1F, 0xFC, 0x00, 0x03, 0xF0, 0x00, 0x00, 0x1F, 0xF8, 0x00, 0x0F, 
  0xC0, 0x00, 0x00, 0x3F, 0xF8, 0x00, 0x1F, 0x80, 0x00, 0x00, 0x3F, 0xF0, 0x00, 0x7E, 0x00, 0x00, 
  0x00, 0x3F, 0xF0, 0x00, 0xF8, 0x00, 0x00, 0x00, 0x7F, 0xE0, 0x03, 0xF0, 0x00, 0x00, 0x00, 0x7F, 
  0xE0, 0x07, 0xC0, 0x00, 0x00, 0x00, 0xFF, 0xE0, 0x1F, 0x80, 0x00, 0x00, 0x00, 0xFF, 0xC0, 0x3E, 
  0x00, 0x00, 0x00, 0x01, 0xFF, 0xC0, 0xFC, 0x00, 0x00, 0x00, 0x01, 0xFF, 0x81, 0xF0, 0x00, 0x00, 
  0x00, 0x03, 0xFF, 0x87, 0xE0, 0x00, 0x00, 0x00, 0x03, 0xFF, 0x1F, 0x80, 0x00, 0x00, 0x00, 0x03, 
  0xFE, 0x3E, 0x00, 0x00, 0x00, 0x00, 0x07, 0xFE, 0xFC, 0x00, 0x00, 0x00, 0x00, 0x07, 0xFD, 0xF0, 
  0x00, 0x00, 0x00, 0x00, 0x0F, 0xFB, 0xE0, 0x00, 0x00, 0x00, 0x00, 0x0F, 0xFF, 0x80, 0x00, 0x00, 
  0x00, 0x00, 0x1F, 0xFF, 0x00, 0x00, 0x00, 0x00, 0x00, 0x1F, 0xFC, 0x00, 0x00, 0x00, 0x00, 0x00, 
  0x1F, 0xF8, 0x00, 0x00, 0x00, 0x00, 0x00, 0x3F, 0xF0, 0x00, 0x00, 0x00, 0x00, 0x00, 0x7F, 0xE0, 
  0x00, 0x00, 0x00, 0x00, 0x00, 0xFF, 0xC0, 0x00, 0x00, 0x00, 0x00, 0x01, 0xFF, 0x80, 0x00, 0x00, 
  0x00, 0x00, 0x03, 0xFF, 0x00, 0x00, 0x00, 0x00, 0x00, 0x07, 0xFE, 0x00, 0x00, 0x00, 0x00, 0x00, 
  0x0F, 0xFC, 0x00, 0x00, 0x00, 0x00, 0x00, 0x1F, 0xF8, 0x00, 0x00, 0x00, 0x00, 0x00, 0x3F, 0xF0, 
  0x00, 0x00, 0x00, 0x00, 0x00, 0x7F, 0xE0, 0x00, 0x00, 0x00, 0x00, 0x00, 0xFF, 0xC0, 0x00, 0x00, 
  0x00, 0x00, 0x01, 0xFF, 0x80, 0x00, 0x00, 0x00, 0x00, 0x03, 0xFF, 0x00, 0x00, 0x00, 0x00, 0x00, 
  0x07, 0xFE, 0x00, 0x00, 0x00, 0x00, 0x00, 0x0F, 0xFC, 0x00, 0x00, 0x00, 0x00, 0x00, 0x3F, 0xF8, 
  0x00, 0x00, 0x00, 0x00, 0x00, 0x7F, 0xF0, 0x00, 0x00, 0x00, 0x00, 0x00, 0xFF, 0xE0, 0x00, 0x00, 
  0x00, 0x00, 0x03, 0xFF, 0xE0, 0x00, 0x00, 0x00, 0x00, 0x0F, 0xFF, 0xE0, 0x00, 0x00, 0x00, 0x07, 
  0xFF, 0xFF, 0xFF, 0x00, 0x00, 0x00, 0x0F, 0xFF, 0xFF, 0xFE, 0x00, 0x00, 0x00, 0x1F, 0xFF, 0xFF, 
  0xFC, 0x00, 0x00, 0x00, 0x3F, 0xFF, 0xFF, 0xF8, 0x00, 0x00, 0x3F, 0xFF, 0xFF, 0xFF, 0xFF, 0xF1, 
  0xFF, 0xFF, 0xFF, 0xFF, 0xFF, 0x8F, 0xFF, 0xFF, 0xFF, 0xFF, 0xFC, 0x7F, 0xFF, 0xFF, 0xFF, 0xFF, 
  0xE3, 0xFF, 0xFF, 0xFF, 0xFF, 0xFF, 0x1F, 0xF0, 0x00, 0x00, 0x7F, 0xF0, 0xFE, 0x00, 0x00, 0x07, 
  0xFF, 0x07, 0xF0, 0x00, 0x00, 0x7F, 0xF8, 0x3F, 0x00, 0x00, 0x03, 0xFF, 0x81, 0xF8, 0x00, 0x00, 
  0x3F, 0xFC, 0x0F, 0x80, 0x00, 0x01, 0xFF, 0xC0, 0x7C, 0x00, 0x00, 0x1F, 0xFC, 0x03, 0xE0, 0x00, 
  0x01, 0xFF, 0xE0, 0x1F, 0x00, 0x00, 0x0F, 0xFE, 0x00, 0xF8, 0x00, 0x00, 0xFF, 0xF0, 0x07, 0xC0, 
  0x00, 0x07, 0xFF, 0x00, 0x00, 0x00, 0x00, 0x7F, 0xF0, 0x00, 0x00, 0x00, 0x07, 0xFF, 0x80, 0x00, 
  0x00, 0x00, 0x3F, 0xF8, 0x00, 0x00, 0x00, 0x03, 0xFF, 0xC0, 0x00, 0x00, 0x00, 0x1F, 0xFC, 0x00, 
  0x00, 0x00, 0x01, 0xFF, 0xC0, 0x00, 0x00, 0x00, 0x1F, 0xFE, 0x00, 0x00, 0x00, 0x00, 0xFF, 0xE0, 
  0x00, 0x00, 0x00, 0x0F, 0xFE, 0x00, 0x00, 0x00, 0x00, 0x7F, 0xF0, 0x00, 0x00, 0x00, 0x07, 0xFF, 
  0x00, 0x00, 0x00, 0x00, 0x7F, 0xF8, 0x00, 0x00, 0x00, 0x03, 0xFF, 0x80, 0x00, 0x00, 0x00, 0x3F, 
  0xF8, 0x00, 0x00, 0x00, 0x03, 0xFF, 0xC0, 0x00, 0x00, 0x00, 0x1F, 0xFC, 0x00, 0x00, 0x00, 0x01, 
  0xFF, 0xE0, 0x00, 0x00, 0x00, 0x0F, 0xFE, 0x00, 0x00, 0x00, 0x00, 0xFF, 0xE0, 0x00, 0x00, 0x00, 
  0x0F, 0xFF, 0x00, 0x00, 0x00, 0x00, 0x7F, 0xF0, 0x00, 0x00, 0x00, 0x07, 0xFF, 0x80, 0x00, 0x00, 
  0x00, 0x3F, 0xF8, 0x00, 0x00, 0x00, 0x03, 0xFF, 0x80, 0x00, 0x00, 0x00, 0x3F, 0xFC, 0x00, 0x00, 
  0x00, 0x01, 0xFF, 0xC0, 0x00, 0x00, 0x00, 0x1F, 0xFE, 0x00, 0x00, 0x00, 0x00, 0xFF, 0xE0, 0x00, 
  0x00, 0x00, 0x0F, 0xFE, 0x00, 0x00, 0x00, 0x00, 0xFF, 0xF0, 0x00, 0x00, 0x3C, 0x07, 0xFF, 0x00, 
  0x00, 0x03, 0xE0, 0x7F, 0xF0, 0x00, 0x00, 0x1F, 0x03, 0xFF, 0x80, 0x00, 0x00, 0xF8, 0x3F, 0xF8, 
  0x00, 0x00, 0x07, 0xC3, 0xFF, 0xC0, 0x00, 0x00, 0x3E, 0x1F, 0xFC, 0x00, 0x00, 0x01, 0xF1, 0xFF, 
  0xC0, 0x00, 0x00, 0x1F, 0x8F, 0xFE, 0x00, 0x00, 0x00, 0xFC, 0xFF, 0xE0, 0x00, 0x00, 0x0F, 0xEF, 
  0xFF, 0x00, 0x00, 0x00, 0xFF, 0x7F, 0xFF, 0xFF, 0xFF, 0xFF, 0xFF, 0xFF, 0xFF, 0xFF, 0xFF, 0xFF, 
  0xFF, 0xFF, 0xFF, 0xFF, 0xFF, 0xFF, 0xFF, 0xFF, 0xFF, 0xFF, 0xFF, 0xFF, 0xFF, 0xFF, 0xFF, 0xFF, 
  0xFF, 0x80, 0xFF, 0xFF, 0xFF, 0xFF, 0xFF, 0xFF, 0xFF, 0xFF, 0xFF, 0xFF, 0xFF, 0xFF, 0xE0, 0x7F, 
  0xF8, 0x03, 0xFF, 0x80, 0x1F, 0xF8, 0x00, 0xFF, 0xC0, 0x07, 0xFE, 0x00, 0x3F, 0xF0, 0x01, 0xFF, 
  0x80, 0x0F, 0xFC, 0x00, 0x7F, 0xE0, 0x03, 0xFF, 0x00, 0x1F, 0xF8, 0x00, 0xFF, 0xC0, 0x07, 0xFE, 
  0x00, 0x3F, 0xF0, 0x01, 0xFF, 0x80, 0x0F, 0xFC, 0x00, 0x7F, 0xE0, 0x03, 0xFF, 0x00, 0x1F, 0xF8, 
  0x00, 0xFF, 0xC0, 0x07, 0xFE, 0x00, 0x3F, 0xF0, 0x01, 0xFF, 0x80, 0x0F, 0xFC, 0x00, 0x7F, 0xE0, 
  0x03, 0xFF, 0x00, 0x1F, 0xF8, 0x00, 0xFF, 0xC0, 0x07, 0xFE, 0x00, 0x3F, 0xF0, 0x01, 0xFF, 0x80, 
  0x0F, 0xFC, 0x00, 0x7F, 0xE0, 0x03, 0xFF, 0x00, 0x1F, 0xF8, 0x00, 0xFF, 0xC0, 0x07, 0xFE, 0x00, 
  0x3F, 0xF0, 0x01, 0xFF, 0x80, 0x0F, 0xFC, 0x00, 0x7F, 0xE0, 0x03, 0xFF, 0x00, 0x1F, 0xF8, 0x00, 
  0xFF, 0xC0, 0x07, 0xFE, 0x00, 0x3F, 0xF0, 0x01, 0xFF, 0x80, 0x0F, 0xFC, 0x00, 0x7F, 0xE0, 0x03, 
  0xFF, 0x00, 0x1F, 0xF8, 0x00, 0xFF, 0xC0, 0x07, 0xFE, 0x00, 0x3F, 0xF0, 0x01, 0xFF, 0x80, 0x0F, 
  0xFC, 0x00, 0x7F, 0xE0, 0x03, 0xFF, 0x00, 0x1F, 0xF8, 0x00, 0xFF, 0xC0, 0x07, 0xFE, 0x00, 0x3F, 
  0xF0, 0x01, 0xFF, 0x80, 0x0F, 0xFC, 0x00, 0x7F, 0xF0, 0x03, 0xFF, 0xC0, 0x1F, 0xFF, 0x00, 0xFF, 
  0xFF, 0xFF, 0xFF, 0xFF, 0xFF, 0xFF, 0xFF, 0xFF, 0xFF, 0xF0, 0xF8, 0x00, 0x00, 0xFC, 0x00, 0x00, 
  0x7C, 0x00, 0x00, 0x7C, 0x00, 0x00, 0x7C, 0x00, 0x00, 0x7E, 0x00, 0x00, 0x3E, 0x00, 0x00, 0x3E, 
  0x00, 0x00, 0x3E, 0x00, 0x00, 0x3F, 0x00, 0x00, 0x1F, 0x00, 0x00, 0x1F, 0x00, 0x00, 0x1F, 0x00, 
  0x00, 0x1F, 0x80, 0x00, 0x0F, 0x80, 0x00, 0x0F, 0x80, 0x00, 0x0F, 0x80, 0x00, 0x0F, 0xC0, 0x00, 
  0x07, 0xC0, 0x00, 0x07, 0xC0, 0x00, 0x07, 0xC0, 0x00, 0x07, 0xE0, 0x00, 0x03, 0xE0, 0x00, 0x03, 
  0xE0, 0x00, 0x03, 0xE0, 0x00, 0x03, 0xF0, 0x00, 0x01, 0xF0, 0x00, 0x01, 0xF0, 0x00, 0x01, 0xF0, 
  0x00, 0x01, 0xF8, 0x00, 0x00, 0xF8, 0x00, 0x00, 0xF8, 0x00, 0x00, 0xFC, 0x00, 0x00, 0xFC, 0x00, 
  0x00, 0x7C, 0x00, 0x00, 0x7C, 0x00, 0x00, 0x7E, 0x00, 0x00, 0x7E, 0x00, 0x00, 0x3E, 0x00, 0x00, 
  0x3E, 0x00, 0x00, 0x3F, 0x00, 0x00, 0x1F, 0x00, 0x00, 0x1F, 0x00, 0x00, 0x1F, 0x00, 0x00, 0x1F, 
  0x80, 0x00, 0x0F, 0x80, 0x00, 0x0F, 0x80, 0x00, 0x0F, 0x80, 0x00, 0x0F, 0xC0, 0x00, 0x07, 0xC0, 
  0x00, 0x07, 0xC0, 0x00, 0x07, 0xC0, 0x00, 0x07, 0xE0, 0x00, 0x03, 0xE0, 0x00, 0x03, 0xE0, 0x00, 
  0x03, 0xE0, 0x00, 0x03, 0xF0, 0x00, 0x01, 0xF0, 0x00, 0x01, 0xF0, 0x00, 0x01, 0xF0, 0x00, 0x01, 
  0xF8, 0x00, 0x00, 0xF8, 0x00, 0x00, 0xF8, 0x00, 0x00, 0xF8, 0x00, 0x00, 0xFC, 0x00, 0x00, 0x7C, 
  0x00, 0x00, 0x7C, 0x00, 0x00, 0x7C, 0x00, 0x00, 0x7E, 0x00, 0x00, 0x3E, 0x00, 0x00, 0x3E, 0x00, 
  0x00, 0x3F, 0x00, 0x00, 0x3F, 0x00, 0x00, 0x1F, 0x00, 0x00, 0x1F, 0xFF, 0xFF, 0xFF, 0xFF, 0xFF, 
  0xFF, 0xFF, 0xFF, 0xFF, 0xFF, 0x03, 0xFF, 0xF0, 0x07, 0xFF, 0x00, 0x3F, 0xF0, 0x03, 0xFF, 0x00, 
  0x1F, 0xF0, 0x01, 0xFF, 0x00, 0x1F, 0xF0, 0x01, 0xFF, 0x00, 0x1F, 0xF0, 0x01, 0xFF, 0x00, 0x1F, 
  0xF0, 0x01, 0xFF, 0x00, 0x1F, 0xF0, 0x01, 0xFF, 0x00, 0x1F, 0xF0, 0x01, 0xFF, 0x00, 0x1F, 0xF0, 
  0x01, 0xFF, 0x00, 0x1F, 0xF0, 0x01, 0xFF, 0x00, 0x1F, 0xF0, 0x01, 0xFF, 0x00, 0x1F, 0xF0, 0x01, 
  0xFF, 0x00, 0x1F, 0xF0, 0x01, 0xFF, 0x00, 0x1F, 0xF0, 0x01, 0xFF, 0x00, 0x1F, 0xF0, 0x01, 0xFF, 
  0x00, 0x1F, 0xF0, 0x01, 0xFF, 0x00, 0x1F, 0xF0, 0x01, 0xFF, 0x00, 0x1F, 0xF0, 0x01, 0xFF, 0x00, 
  0x1F, 0xF0, 0x01, 0xFF, 0x00, 0x1F, 0xF0, 0x01, 0xFF, 0x00, 0x1F, 0xF0, 0x01, 0xFF, 0x00, 0x1F, 
  0xF0, 0x01, 0xFF, 0x00, 0x1F, 0xF0, 0x01, 0xFF, 0x00, 0x1F, 0xF0, 0x01, 0xFF, 0x00, 0x1F, 0xF0, 
  0x01, 0xFF, 0x00, 0x1F, 0xF0, 0x01, 0xFF, 0x00, 0x1F, 0xF0, 0x01, 0xFF, 0x00, 0x1F, 0xF0, 0x01, 
  0xFF, 0x00, 0x1F, 0xF0, 0x01, 0xFF, 0x00, 0x1F, 0xF0, 0x01, 0xFF, 0x00, 0x1F, 0xF0, 0x01, 0xFF, 
  0x00, 0x1F, 0xF0, 0x01, 0xFF, 0x00, 0x3F, 0xF0, 0x03, 0xFF, 0x00, 0x7F, 0xF0, 0x0F, 0xFF, 0xFF, 
  0xFF, 0xFF, 0xFF, 0xFF, 0xFF, 0xFF, 0xFF, 0xFF, 0xFF, 0x00, 0x00, 0x38, 0x00, 0x00, 0x00, 0x00, 
  0x78, 0x00, 0x00, 0x00, 0x01, 0xF0, 0x00, 0x00, 0x00, 0x03, 0xF0, 0x00, 0x00, 0x00, 0x0F, 0xE0, 
  0x00, 0x00, 0x00, 0x1F, 0xE0, 0x00, 0x00, 0x00, 0x7F, 0xC0, 0x00, 0x00, 0x00, 0xFF, 0xC0, 0x00, 
  0x00, 0x03, 0xFF, 0x80, 0x00, 0x00, 0x07, 0xDF, 0x80, 0x00, 0x00, 0x1F, 0x9F, 0x00, 0x00, 0x00, 
  0x3E, 0x3F, 0x00, 0x00, 0x00, 0xFC, 0x3E, 0x00, 0x00, 0x01, 0xF0, 0x7E, 0x00, 0x00, 0x07, 0xE0, 
  0xFC, 0x00, 0x00, 0x0F, 0xC0, 0xF8, 0x00, 0x00, 0x1F, 0x01, 0xF8, 0x00, 0x00, 0x7E, 0x01, 0xF0, 
  0x00, 0x00, 0xF8, 0x03, 0xF0, 0x00, 0x03, 0xF0, 0x03, 0xE0, 0x00, 0x07, 0xC0, 0x07, 0xE0, 0x00, 
  0x1F, 0x80, 0x07, 0xC0, 0x00, 0x3E, 0x00, 0x0F, 0xC0, 0x00, 0xFC, 0x00, 0x0F, 0x80, 0x01, 0xF8, 
  0x00, 0x1F, 0x80, 0x07, 0xE0, 0x00, 0x3F, 0x00, 0x0F, 0xC0, 0x00, 0x3F, 0x00, 0x3F, 0x00, 0x00, 
  0x7E, 0x00, 0x7E, 0x00, 0x00, 0x7E, 0x01, 0xF8, 0x00, 0x00, 0xFC, 0x03, 0xF0, 0x00, 0x00, 0xFC, 
  0x07, 0xC0, 0x00, 0x01, 0xF8, 0x1F, 0x80, 0x00, 0x01, 0xF0, 0x3E, 0x00, 0x00, 0x03, 0xF0, 0xFC, 
  0x00, 0x00, 0x03, 0xE1, 0xF8, 0x00, 0x00, 0x07, 0xE7, 0xE0, 0x00, 0x00, 0x0F, 0xCF, 0xC0, 0x00, 
  0x00, 0x0F, 0xFF, 0x00, 0x00, 0x00, 0x1F, 0x80, 0xFF, 0xFF, 0xFF, 0xFF, 0xFF, 0xFF, 0xFF, 0xFF, 
  0xFF, 0xFF, 0xFF, 0xFF, 0xFF, 0xFF, 0xFF, 0xFF, 0xFF, 0xFF, 0xFF, 0xFF, 0xFF, 0xFF, 0xFF, 0xFF, 
  0xE0, 0xFF, 0xE0, 0x1F, 0xF8, 0x03, 0xFF, 0x00, 0x7F, 0xE0, 0x0F, 0xF8, 0x01, 0xFF, 0x00, 0x3F, 
  0xC0, 0x07, 0xF8, 0x00, 0xFF, 0x00, 0x1F, 0xC0, 0x03, 0xF8, 0x00, 0x3F, 0x00, 0x07, 0xC0, 0x00, 
  0x1F, 0xFF, 0xE0, 0x00, 0x00, 0x7F, 0xFF, 0xFE, 0x00, 0x00, 0xFF, 0xFF, 0xFF, 0x80, 0x00, 0xFF, 
  0xFF, 0xFF, 0xF0, 0x00, 0x7F, 0xF0, 0x3F, 0xF8, 0x00, 0x7F, 0xE0, 0x07, 0xFE, 0x00, 0x3F, 0xE0, 
  0x01, 0xFF, 0x00, 0x1F, 0xF0, 0x00, 0xFF, 0xC0, 0x0F, 0xF0, 0x00, 0x3F, 0xE0, 0x07, 0xF8, 0x00, 
  0x1F, 0xF0, 0x03, 0xFC, 0x00, 0x0F, 0xFC, 0x00, 0xFE, 0x00, 0x07, 0xFE, 0x00, 0x1F, 0x00, 0x03, 
  0xFF, 0x00, 0x00, 0x00, 0x01, 0xFF, 0x80, 0x00, 0x00, 0x00, 0xFF, 0xC0, 0x00, 0x00, 0x00, 0x7F, 
  0xE0, 0x00, 0x00, 0x00, 0x3F, 0xF0, 0x00, 0x00, 0x00, 0x1F, 0xF8, 0x00, 0x00, 0x00, 0x0F, 0xFC, 
  0x00, 0x00, 0x01, 0xFF, 0xFE, 0x00, 0x01, 0xFF, 0xFF, 0xFF, 0x00, 0x07, 0xFF, 0xFF, 0xFF, 0x80, 
  0x0F, 0xFF, 0xFF, 0xFF, 0xC0, 0x1F, 0xFF, 0xC0, 0x7F, 0xE0, 0x1F, 0xFE, 0x00, 0x3F, 0xF0, 0x1F, 
  0xFC, 0x00, 0x1F, 0xF8, 0x0F, 0xFC, 0x00, 0x0F, 0xFC, 0x0F, 0xFC, 0x00, 0x07, 0xFE, 0x07, 0xFE, 
  0x00, 0x03, 0xFF, 0x03, 0xFE, 0x00, 0x01, 0xFF, 0x83, 0xFF, 0x00, 0x00, 0xFF, 0xC1, 0xFF, 0x80, 
  0x00, 0x7F, 0xE0, 0xFF, 0xC0, 0x00, 0x3F, 0xF0, 0x7F, 0xE0, 0x00, 0x1F, 0xF8, 0x3F, 0xF0, 0x00, 
  0x0F, 0xFC, 0x1F, 0xF8, 0x00, 0x0F, 0xFE, 0x0F, 0xFC, 0x00, 0x07, 0xFF, 0x03, 0xFE, 0x00, 0x07, 
  0xFF, 0x81, 0xFF, 0x80, 0x07, 0xFF, 0xC0, 0xFF, 0xC0, 0x07, 0xBF, 0xE0, 0x3F, 0xF8, 0x0F, 0x9F, 
  0xF8, 0x1F, 0xFF, 0xFF, 0xC7, 0xFE, 0x07, 0xFF, 0xFF, 0xC3, 0xFF, 0xE1, 0xFF, 0xFF, 0xC1, 0xFF, 
  0xF0, 0x7F, 0xFF, 0x80, 0xFF, 0xF8, 0x0F, 0xFF, 0x80, 0x3F, 0xFC, 0x00, 0xFE, 0x00, 0x00, 0x00, 
  0xFF, 0xFF, 0x80, 0x00, 0x00, 0x00, 0xFF, 0xFF, 0x80, 0x00, 0x00, 0x00, 0xFF, 0xFF, 0x80, 0x00, 
  0x00, 0x00, 0xFF, 0xFF, 0x80, 0x00, 0x00, 0x00, 0x1F, 0xFF, 0x80, 0x00, 0x00, 0x00, 0x03, 0xFF, 
  0x80, 0x00, 0x00, 0x00, 0x01, 0xFF, 0x80, 0x00, 0x00, 0x00, 0x00, 0xFF, 0x80, 0x00, 0x00, 0x00, 
  0x00, 0xFF, 0x80, 0x00, 0x00, 0x00, 0x00, 0xFF, 0x80, 0x00, 0x00, 0x00, 0x00, 0xFF, 0x80, 0x00, 
  0x00, 0x00, 0x00, 0xFF, 0x80, 0x00, 0x00, 0x00, 0x00, 0xFF, 0x80, 0x00, 0x00, 0x00, 0x00, 0xFF, 
  0x80, 0x00, 0x00, 0x00, 0x00, 0xFF, 0x80, 0x00, 0x00, 0x00, 0x00, 0xFF, 0x80, 0x00, 0x00, 0x00, 
  0x00, 0xFF, 0x80, 0x00, 0x00, 0x00, 0x00, 0xFF, 0x80, 0x00, 0x00, 0x00, 0x00, 0xFF, 0x80, 0x00, 
  0x00, 0x00, 0x00, 0xFF, 0x80, 0x7F, 0xF8, 0x00, 0x00, 0xFF, 0x81, 0xFF, 0xFE, 0x00, 0x00, 0xFF, 
  0x87, 0xFF, 0xFF, 0x00, 0x00, 0xFF, 0x8F, 0xFF, 0xFF, 0xC0, 0x00, 0xFF, 0x9F, 0xFF, 0xFF, 0xE0, 
  0x00, 0xFF, 0x9F, 0x83, 0xFF, 0xE0, 0x00, 0xFF, 0xBE, 0x00, 0x7F, 0xF0, 0x00, 0xFF, 0xF8, 0x00, 
  0x3F, 0xF8, 0x00, 0xFF, 0xF0, 0x00, 0x1F, 0xF8, 0x00, 0xFF, 0xF0, 0x00, 0x0F, 0xF8, 0x00, 0xFF, 
  0xE0, 0x00, 0x0F, 0xFC, 0x00, 0xFF, 0xE0, 0x00, 0x0F, 0xFC, 0x00, 0xFF, 0xE0, 0x00, 0x07, 0xFC, 
  0x00, 0xFF, 0xC0, 0x00, 0x07, 0xFE, 0x00, 0xFF, 0xC0, 0x00, 0x07, 0xFE, 0x00, 0xFF, 0xC0, 0x00, 
  0x07, 0xFE, 0x00, 0xFF, 0xC0, 0x00, 0x03, 0xFE, 0x00, 0xFF, 0xC0, 0x00, 0x03, 0xFE, 0x00, 0xFF, 
  0xC0, 0x00, 0x03, 0xFE, 0x00, 0xFF, 0x80, 0x00, 0x03, 0xFE, 0x00, 0xFF, 0x80, 0x00, 0x03, 0xFE, 
  0x00, 0xFF, 0x80, 0x00, 0x03, 0xFE, 0x00, 0xFF, 0x80, 0x00, 0x03, 0xFF, 0x00, 0xFF, 0x80, 0x00, 
  0x03, 0xFF, 0x00, 0xFF, 0x80, 0x00, 0x03, 0xFF, 0x00, 0xFF, 0x80, 0x00, 0x03, 0xFE, 0x00, 0xFF, 
  0x80, 0x00, 0x03, 0xFE, 0x00, 0xFF, 0xC0, 0x00, 0x03, 0xFE, 0x00, 0xFF, 0xC0, 0x00, 0x03, 0xFE, 
  0x00, 0xFF, 0xC0, 0x00, 0x03, 0xFE, 0x00, 0xFF, 0xC0, 0x00, 0x07, 0xFE, 0x00, 0xFF, 0xC0, 0x00, 
  0x07, 0xFE, 0x00, 0xFF, 0xC0, 0x00, 0x07, 0xFE, 0x00, 0xFF, 0xC0, 0x00, 0x07, 0xFC, 0x00, 0xFF, 
  0xE0, 0x00, 0x0F, 0xFC, 0x00, 0xFF, 0xE0, 0x00, 0x0F, 0xFC, 0x00, 0xFF, 0xF0, 0x00, 0x0F, 0xFC, 
  0x00, 0xFF, 0xF0, 0x00, 0x1F, 0xF8, 0x00, 0xFF, 0xF8, 0x00, 0x3F, 0xF8, 0x01, 0xFF, 0xFC, 0x00, 
  0x7F, 0xF0, 0x01, 0xFF, 0x3F, 0x00, 0xFF, 0xE0, 0x07, 0xFF, 0x1F, 0xFF, 0xFF, 0xE0, 0xFF, 0xFF, 
  0x1F, 0xFF, 0xFF, 0xC0, 0xFF, 0xFF, 0x0F, 0xFF, 0xFF, 0x80, 0xFF, 0xFE, 0x03, 0xFF, 0xFE, 0x00, 
  0xFF, 0xFE, 0x01, 0xFF, 0xF8, 0x00, 0x00, 0x00, 0x00, 0x1F, 0xC0, 0x00, 0x00, 0x07, 0xFF, 0xE0, 
  0x00, 0x07, 0xFF, 0xFF, 0x80, 0x01, 0xFF, 0xFF, 0xFC, 0x00, 0xFF, 0xFF, 0xFF, 0xC0, 0x3F, 0xF8, 
  0x1F, 0xFC, 0x0F, 0xFC, 0x01, 0xFF, 0xC1, 0xFF, 0x00, 0x1F, 0xF8, 0x7F, 0xC0, 0x01, 0xFF, 0x1F, 
  0xF8, 0x00, 0x3F, 0xE3, 0xFE, 0x00, 0x07, 0xFC, 0xFF, 0xC0, 0x00, 0xFF, 0x9F, 0xF0, 0x00, 0x0F, 
  0xE3, 0xFE, 0x00, 0x01, 0xFC, 0xFF, 0xC0, 0x00, 0x3E, 0x1F, 0xF8, 0x00, 0x00, 0x03, 0xFF, 0x00, 
  0x00, 0x00, 0x7F, 0xC0, 0x00, 0x00, 0x0F, 0xF8, 0x00, 0x00, 0x01, 0xFF, 0x00, 0x00, 0x00, 0x3F, 
  0xE0, 0x00, 0x00, 0x07, 0xFC, 0x00, 0x00, 0x01, 0xFF, 0x80, 0x00, 0x00, 0x3F, 0xF0, 0x00, 0x00, 
  0x07, 0xFE, 0x00, 0x00, 0x00, 0xFF, 0xC0, 0x00, 0x00, 0x0F, 0xF8, 0x00, 0x00, 0x01, 0xFF, 0x00, 
  0x00, 0x00, 0x3F, 0xE0, 0x00, 0x00, 0x07, 0xFC, 0x00, 0x00, 0x00, 0xFF, 0x80, 0x00, 0x00, 0x1F, 
  0xF8, 0x00, 0x00, 0x03, 0xFF, 0x00, 0x00, 0x00, 0x7F, 0xE0, 0x00, 0x00, 0x07, 0xFC, 0x00, 0x00, 
  0x00, 0xFF, 0xC0, 0x00, 0x00, 0x1F, 0xF8, 0x00, 0x00, 0x21, 0xFF, 0x80, 0x00, 0x06, 0x3F, 0xF0, 
  0x00, 0x01, 0xC3, 0xFF, 0x00, 0x00, 0x78, 0x7F, 0xF8, 0x00, 0x3F, 0x07, 0xFF, 0xC0, 0x3F, 0xE0, 
  0x7F, 0xFF, 0xFF, 0xF8, 0x07, 0xFF, 0xFF, 0xFF, 0x00, 0x7F, 0xFF, 0xFF, 0xC0, 0x03, 0xFF, 0xFF, 
  0xE0, 0x00, 0x1F, 0xFF, 0xF0, 0x00, 0x00, 0x3F, 0xE0, 0x00, 0x00, 0x00, 0x01, 0xFF, 0xFF, 0x00, 
  0x00, 0x00, 0x01, 0xFF, 0xFF, 0x00, 0x00, 0x00, 0x01, 0xFF, 0xFF, 0x00, 0x00, 0x00, 0x01, 0xFF, 
  0xFF, 0x00, 0x00, 0x00, 0x00, 0x3F, 0xFF, 0x00, 0x00, 0x00, 0x00, 0x07, 0xFF, 0x00, 0x00, 0x00, 
  0x00, 0x03, 0xFF, 0x00, 0x00, 0x00, 0x00, 0x03, 0xFF, 0x00, 0x00, 0x00, 0x00, 0x01, 0xFF, 0x00, 
  0x00, 0x00, 0x00, 0x01, 0xFF, 0x00, 0x00, 0x00, 0x00, 0x01, 0xFF, 0x00, 0x00, 0x00, 0x00, 0x01, 
  0xFF, 0x00, 0x00, 0x00, 0x00, 0x01, 0xFF, 0x00, 0x00, 0x00, 0x00, 0x01, 0xFF, 0x00, 0x00, 0x00, 
  0x00, 0x01, 0xFF, 0x00, 0x00, 0x00, 0x00, 0x01, 0xFF, 0x00, 0x00, 0x00, 0x00, 0x01, 0xFF, 0x00, 
  0x00, 0x00, 0x00, 0x01, 0xFF, 0x00, 0x00, 0x00, 0x00, 0x01, 0xFF, 0x00, 0x00, 0x0F, 0xFF, 0x01, 
  0xFF, 0x00, 0x00, 0x7F, 0xFF, 0xC1, 0xFF, 0x00, 0x00, 0xFF, 0xFF, 0xE1, 0xFF, 0x00, 0x01, 0xFF, 
  0xFF, 0xF1, 0xFF, 0x00, 0x03, 0xFF, 0xFF, 0xF9, 0xFF, 0x00, 0x07, 0xFF, 0xC1, 0xFD, 0xFF, 0x00, 
  0x0F, 0xFE, 0x00, 0x7D, 0xFF, 0x00, 0x1F, 0xFC, 0x00, 0x1F, 0xFF, 0x00, 0x1F, 0xF8, 0x00, 0x1F, 
  0xFF, 0x00, 0x1F, 0xF8, 0x00, 0x0F, 0xFF, 0x00, 0x3F, 0xF0, 0x00, 0x07, 0xFF, 0x00, 0x3F, 0xF0, 
  0x00, 0x07, 0xFF, 0x00, 0x3F, 0xE0, 0x00, 0x07, 0xFF, 0x00, 0x7F, 0xE0, 0x00, 0x03, 0xFF, 0x00, 
  0x7F, 0xE0, 0x00, 0x03, 0xFF, 0x00, 0x7F, 0xE0, 0x00, 0x03, 0xFF, 0x00, 0x7F, 0xC0, 0x00, 0x03, 
  0xFF, 0x00, 0x7F, 0xC0, 0x00, 0x03, 0xFF, 0x00, 0x7F, 0xC0, 0x00, 0x03, 0xFF, 0x00, 0x7F, 0xC0, 
  0x00, 0x01, 0xFF, 0x00, 0xFF, 0xC0, 0x00, 0x01, 0xFF, 0x00, 0xFF, 0xC0, 0x00, 0x01, 0xFF, 0x00, 
  0xFF, 0xC0, 0x00, 0x01, 0xFF, 0x00, 0xFF, 0xC0, 0x00, 0x01, 0xFF, 0x00, 0xFF, 0xC0, 0x00, 0x01, 
  0xFF, 0x00, 0xFF, 0xC0, 0x00, 0x01, 0xFF, 0x00, 0x7F, 0xC0, 0x00, 0x01, 0xFF, 0x00, 0x7F, 0xC0, 
  0x00, 0x03, 0xFF, 0x00, 0x7F, 0xC0, 0x00, 0x03, 0xFF, 0x00, 0x7F, 0xC0, 0x00, 0x03, 0xFF, 0x00, 
  0x7F, 0xE0, 0x00, 0x03, 0xFF, 0x00, 0x7F, 0xE0, 0x00, 0x03, 0xFF, 0x00, 0x7F, 0xE0, 0x00, 0x03, 
  0xFF, 0x00, 0x7F, 0xE0, 0x00, 0x03, 0xFF, 0x00, 0x3F, 0xE0, 0x00, 0x07, 0xFF, 0x00, 0x3F, 0xF0, 
  0x00, 0x07, 0xFF, 0x00, 0x3F, 0xF0, 0x00, 0x0F, 0xFF, 0x00, 0x1F, 0xF8, 0x00, 0x0F, 0xFF, 0x00, 
  0x1F, 0xF8, 0x00, 0x1F, 0xFF, 0x00, 0x0F, 0xFE, 0x00, 0x3D, 0xFF, 0x80, 0x0F, 0xFF, 0x00, 0xFC, 
  0xFF, 0x80, 0x07, 0xFF, 0xFF, 0xF8, 0xFF, 0xE0, 0x03, 0xFF, 0xFF, 0xF0, 0xFF, 0xFF, 0x01, 0xFF, 
  0xFF, 0xE0, 0xFF, 0xFF, 0x00, 0xFF, 0xFF, 0xC0, 0xFF, 0xFF, 0x00, 0x3F, 0xFF, 0x00, 0xFF, 0xFF, 
  0x00, 0x03, 0xFC, 0x00, 0x00, 0x00, 0x00, 0x07, 0xFF, 0xE0, 0x00, 0x00, 0x7F, 0xFF, 0xE0, 0x00, 
  0x07, 0xFF, 0xFF, 0xE0, 0x00, 0x3F, 0xFF, 0xFF, 0xC0, 0x01, 0xFF, 0xE7, 0xFF, 0x80, 0x0F, 0xFC, 
  0x03, 0xFF, 0x00, 0x7F, 0xC0, 0x07, 0xFE, 0x03, 0xFF, 0x00, 0x0F, 0xFC, 0x0F, 0xF8, 0x00, 0x1F, 
  0xF0, 0x7F, 0xC0, 0x00, 0x7F, 0xC1, 0xFF, 0x00, 0x01, 0xFF, 0x8F, 0xF8, 0x00, 0x03, 0xFE, 0x3F, 
  0xE0, 0x00, 0x0F, 0xF8, 0xFF, 0x80, 0x00, 0x3F, 0xF7, 0xFE, 0x00, 0x00, 0xFF, 0xDF, 0xF8, 0x00, 
  0x03, 0xFF, 0x7F, 0xC0, 0x00, 0x0F, 0xFD, 0xFF, 0x00, 0x00, 0x3F, 0xF7, 0xFC, 0x00, 0x00, 0xFF, 
  0xDF, 0xFF, 0xFF, 0xFF, 0xFF, 0x7F, 0xFF, 0xFF, 0xFF, 0xFF, 0xFF, 0xFF, 0xFF, 0xFF, 0xFF, 0xFF, 
  0xFF, 0xFF, 0xFF, 0xFF, 0xFF, 0xFF, 0xFF, 0xFF, 0xFF, 0xC0, 0x00, 0x00, 0x01, 0xFF, 0x00, 0x00, 
  0x00, 0x07, 0xFC, 0x00, 0x00, 0x00, 0x1F, 0xF0, 0x00, 0x00, 0x00, 0x7F, 0xC0, 0x00, 0x00, 0x01, 
  0xFF, 0x80, 0x00, 0x00, 0x07, 0xFE, 0x00, 0x00, 0x00, 0x1F, 0xF8, 0x00, 0x00, 0x00, 0x3F, 0xE0, 
  0x00, 0x00, 0x00, 0xFF, 0xC0, 0x00, 0x00, 0x03, 0xFF, 0x00, 0x00, 0x00, 0x07, 0xFC, 0x00, 0x00, 
  0x08, 0x1F, 0xF8, 0x00, 0x00, 0x70, 0x3F, 0xF0, 0x00, 0x03, 0xC0, 0xFF, 0xE0, 0x00, 0x1F, 0x01, 
  0xFF, 0xC0, 0x00, 0xFC, 0x03, 0xFF, 0xC0, 0x1F, 0xF0, 0x0F, 0xFF, 0xFF, 0xFF, 0x80, 0x0F, 0xFF, 
  0xFF, 0xFC, 0x00, 0x1F, 0xFF, 0xFF, 0xE0, 0x00, 0x3F, 0xFF, 0xFF, 0x00, 0x00, 0x1F, 0xFF, 0xE0, 
  0x00, 0x00, 0x07, 0xFC, 0x00, 0x00, 0x00, 0x00, 0x3F, 0xFF, 0x00, 0x00, 0x1F, 0xFF, 0xFC, 0x00, 
  0x03, 0xFF, 0xFF, 0xE0, 0x00, 0xFF, 0xFF, 0xFF, 0x00, 0x1F, 0xF0, 0x3F, 0xF0, 0x01, 0xFE, 0x01, 
  0xFF, 0x00, 0x3F, 0xE0, 0x0F, 0xF0, 0x03, 0xFC, 0x00, 0xFF, 0x00, 0x7F, 0xC0, 0x0F, 0xE0, 0x07, 
  0xFC, 0x00, 0x7C, 0x00, 0x7F, 0xC0, 0x06, 0x00, 0x0F, 0xFC, 0x00, 0x00, 0x00, 0xFF, 0xC0, 0x00, 
  0x00, 0x0F, 0xF8, 0x00, 0x00, 0x00, 0xFF, 0x80, 0x00, 0x00, 0x0F, 0xF8, 0x00, 0x00, 0x00, 0xFF, 
  0x80, 0x00, 0x00, 0x0F, 0xF8, 0x00, 0x00, 0x00, 0xFF, 0x80, 0x00, 0x0F, 0xFF, 0xFF, 0xFF, 0x80, 
  0xFF, 0xFF, 0xFF, 0xF8, 0x0F, 0xFF, 0xFF, 0xFF, 0x80, 0xFF, 0xFF, 0xFF, 0xF8, 0x0F, 0xFF, 0xFF, 
  0xFF, 0x80, 0x00, 0xFF, 0x80, 0x00, 0x00, 0x0F, 0xF8, 0x00, 0x00, 0x00, 0xFF, 0x80, 0x00, 0x00, 
  0x0F, 0xF8, 0x00, 0x00, 0x00, 0xFF, 0x80, 0x00, 0x00, 0x0F, 0xF8, 0x00, 0x00, 0x00, 0xFF, 0x80, 
  0x00, 0x00, 0x0F, 0xF8, 0x00, 0x00, 0x00, 0xFF, 0x80, 0x00, 0x00, 0x0F, 0xF8, 0x00, 0x00, 0x00, 
  0xFF, 0x80, 0x00, 0x00, 0x0F, 0xF8, 0x00, 0x00, 0x00, 0xFF, 0x80, 0x00, 0x00, 0x0F, 0xF8, 0x00, 
  0x00, 0x00, 0xFF, 0x80, 0x00, 0x00, 0x0F, 0xF8, 0x00, 0x00, 0x00, 0xFF, 0x80, 0x00, 0x00, 0x0F, 
  0xF8, 0x00, 0x00, 0x00, 0xFF, 0x80, 0x00, 0x00, 0x0F, 0xF8, 0x00, 0x00, 0x00, 0xFF, 0x80, 0x00, 
  0x00, 0x0F, 0xF8, 0x00, 0x00, 0x00, 0xFF, 0x80, 0x00, 0x00, 0x0F, 0xF8, 0x00, 0x00, 0x00, 0xFF, 
  0x80, 0x00, 0x00, 0x0F, 0xF8, 0x00, 0x00, 0x00, 0xFF, 0x80, 0x00, 0x00, 0x0F, 0xF8, 0x00, 0x00, 
  0x00, 0xFF, 0x80, 0x00, 0x00, 0x0F, 0xF8, 0x00, 0x00, 0x00, 0xFF, 0x80, 0x00, 0x00, 0x0F, 0xF8, 
  0x00, 0x00, 0x00, 0xFF, 0xC0, 0x00, 0x00, 0x0F, 0xFC, 0x00, 0x00, 0x00, 0xFF, 0xC0, 0x00, 0x00, 
  0x1F, 0xFE, 0x00, 0x00, 0x07, 0xFF, 0xF0, 0x00, 0x0F, 0xFF, 0xFF, 0xFF, 0x00, 0xFF, 0xFF, 0xFF, 
  0xF0, 0x0F, 0xFF, 0xFF, 0xFF, 0x00, 0xFF, 0xFF, 0xFF, 0xF0, 0x00, 0x00, 0x00, 0x00, 0x00, 0x1F, 
  0xE0, 0x00, 0x00, 0x00, 0x03, 0xFF, 0x00, 0x03, 0xFF, 0xE0, 0xFF, 0xF0, 0x01, 0xFF, 0xFF, 0xDF, 
  0xFF, 0x00, 0x3F, 0xFF, 0xFF, 0xFF, 0xF0, 0x07, 0xFF, 0xFF, 0xFF, 0xFF, 0x00, 0xFF, 0xC0, 0xFF, 
  0x81, 0xF0, 0x1F, 0xF0, 0x07, 0xFC, 0x1E, 0x03, 0xFE, 0x00, 0x3F, 0xE0, 0x80, 0x3F, 0xC0, 0x01, 
  0xFE, 0x00, 0x07, 0xFC, 0x00, 0x1F, 0xF0, 0x00, 0x7F, 0xC0, 0x01, 0xFF, 0x00, 0x07, 0xFC, 0x00, 
  0x1F, 0xF0, 0x00, 0x7F, 0x80, 0x00, 0xFF, 0x80, 0x0F, 0xF8, 0x00, 0x0F, 0xF8, 0x00, 0xFF, 0x80, 
  0x00, 0xFF, 0x80, 0x0F, 0xF8, 0x00, 0x0F, 0xF8, 0x00, 0xFF, 0x80, 0x00, 0xFF, 0x80, 0x0F, 0xF8, 
  0x00, 0x0F, 0xF8, 0x00, 0xFF, 0x80, 0x00, 0xFF, 0x80, 0x07, 0xF8, 0x00, 0x0F, 0xF0, 0x00, 0x7F, 
  0xC0, 0x01, 0xFF, 0x00, 0x07, 0xFC, 0x00, 0x1F, 0xF0, 0x00, 0x7F, 0xC0, 0x01, 0xFF, 0x00, 0x03, 
  0xFE, 0x00, 0x3F, 0xE0, 0x00, 0x1F, 0xE0, 0x03, 0xFC, 0x00, 0x01, 0xFF, 0x80, 0x7F, 0xC0, 0x00, 
  0x0F, 0xFF, 0xFF, 0xF8, 0x00, 0x00, 0x7F, 0xFF, 0xFF, 0x00, 0x00, 0x01, 0xFF, 0xFF, 0xC0, 0x00, 
  0x00, 0x0F, 0xFF, 0xF8, 0x00, 0x00, 0x03, 0xF3, 0xF0, 0x00, 0x00, 0x00, 0x7C, 0x00, 0x00, 0x00, 
  0x00, 0x0F, 0x80, 0x00, 0x00, 0x00, 0x01, 0xF8, 0x00, 0x00, 0x00, 0x00, 0x1F, 0x80, 0x00, 0x00, 
  0x00, 0x03, 0xF0, 0x00, 0x00, 0x00, 0x00, 0x3F, 0x80, 0x00, 0x00, 0x00, 0x03, 0xF8, 0x00, 0x00, 
  0x00, 0x00, 0x3F, 0xF8, 0x00, 0x00, 0x00, 0x03, 0xFF, 0xFF, 0xFF, 0xC0, 0x00, 0x1F, 0xFF, 0xFF, 
  0xFF, 0x00, 0x01, 0xFF, 0xFF, 0xFF, 0xFC, 0x00, 0x0F, 0xFF, 0xFF, 0xFF, 0xE0, 0x00, 0x3F, 0xFF, 
  0xFF, 0xFF, 0x00, 0x01, 0xFF, 0xFF, 0xFF, 0xF0, 0x01, 0xFF, 0xFF, 0xFF, 0xFF, 0x80, 0x7F, 0xFF, 
  0xFF, 0xFF, 0xF8, 0x0F, 0xF8, 0x00, 0x03, 0xFF, 0x81, 0xFE, 0x00, 0x00, 0x0F, 0xFC, 0x3F, 0xC0, 
  0x00, 0x00, 0x7F, 0xC7, 0xF8, 0x00, 0x00, 0x03, 0xFC, 0x7F, 0x80, 0x00, 0x00, 0x3F, 0xC7, 0xF0, 
  0x00, 0x00, 0x03, 0xFC, 0x7F, 0x00, 0x00, 0x00, 0x3F, 0xCF, 0xF0, 0x00, 0x00, 0x03, 0xFC, 0xFF, 
  0x00, 0x00, 0x00, 0x3F, 0x87, 0xF0, 0x00, 0x00, 0x07, 0xF8, 0x7F, 0x80, 0x00, 0x00, 0x7F, 0x87, 
  0xF8, 0x00, 0x00, 0x0F, 0xF0, 0x7F, 0xC0, 0x00, 0x00, 0xFF, 0x03, 0xFC, 0x00, 0x00, 0x3F, 0xE0, 
  0x3F, 0xF0, 0x00, 0x0F, 0xFC, 0x01, 0xFF, 0xE0, 0x07, 0xFF, 0x80, 0x0F, 0xFF, 0xFF, 0xFF, 0xE0, 
  0x00, 0x3F, 0xFF, 0xFF, 0xFC, 0x00, 0x00, 0xFF, 0xFF, 0xFF, 0x00, 0x00, 0x01, 0xFF, 0xFF, 0x00, 
  0x00, 0xFF, 0xFF, 0x80, 0x00, 0x00, 0x00, 0x1F, 0xFF, 0xF0, 0x00, 0x00, 0x00, 0x03, 0xFF, 0xFE, 
  0x00, 0x00, 0x00, 0x00, 0x7F, 0xFF, 0xC0, 0x00, 0x00, 0x00, 0x00, 0xFF, 0xF8, 0x00, 0x00, 0x00, 
  0x00, 0x07, 0xFF, 0x00, 0x00, 0x00, 0x00, 0x00, 0x7F, 0xE0, 0x00, 0x00, 0x00, 0x00, 0x07, 0xFC, 
  0x00, 0x00, 0x00, 0x00, 0x00, 0xFF, 0x80, 0x00, 0x00, 0x00, 0x00, 0x1F, 0xF0, 0x00, 0x00, 0x00, 
  0x00, 0x03, 0xFE, 0x00, 0x00, 0x00, 0x00, 0x00, 0x7F, 0xC0, 0x00, 0x00, 0x00, 0x00, 0x0F, 0xF8, 
  0x00, 0x00, 0x00, 0x00, 0x01, 0xFF, 0x00, 0x00, 0x00, 0x00, 0x00, 0x3F, 0xE0, 0x00, 0x00, 0x00, 
  0x00, 0x07, 0xFC, 0x00, 0x00, 0x00, 0x00, 0x00, 0xFF, 0x80, 0x00, 0x00, 0x00, 0x00, 0x1F, 0xF0, 
  0x00, 0x00, 0x00, 0x00, 0x03, 0xFE, 0x00, 0x00, 0x00, 0x00, 0x00, 0x7F, 0xC0, 0x7F, 0xF8, 0x00, 
  0x00, 0x0F, 0xF8, 0x3F, 0xFF, 0xE0, 0x00, 0x01, 0xFF, 0x0F, 0xFF, 0xFE, 0x00, 0x00, 0x3F, 0xE3, 
  0xFF, 0xFF, 0xE0, 0x00, 0x07, 0xFC, 0xFF, 0xFF, 0xFE, 0x00, 0x00, 0xFF, 0xBF, 0xFF, 0xFF, 0xE0, 
  0x00, 0x1F, 0xF7, 0x80, 0x3F, 0xFC, 0x00, 0x03, 0xFF, 0xE0, 0x01, 0xFF, 0x80, 0x00, 0x7F, 0xF8, 
  0x00, 0x1F, 0xF8, 0x00, 0x0F, 0xFE, 0x00, 0x03, 0xFF, 0x00, 0x01, 0xFF, 0xC0, 0x00, 0x7F, 0xE0, 
  0x00, 0x3F, 0xF8, 0x00, 0x07, 0xFC, 0x00, 0x07, 0xFE, 0x00, 0x00, 0xFF, 0xC0, 0x00, 0xFF, 0xC0, 
  0x00, 0x1F, 0xF8, 0x00, 0x1F, 0xF8, 0x00, 0x03, 0xFF, 0x00, 0x03, 0xFF, 0x00, 0x00, 0x7F, 0xE0, 
  0x00, 0x7F, 0xC0, 0x00, 0x0F, 0xFC, 0x00, 0x0F, 0xF8, 0x00, 0x01, 0xFF, 0x80, 0x01, 0xFF, 0x00, 
  0x00, 0x3F, 0xF0, 0x00, 0x3F, 0xE0, 0x00, 0x07, 0xFE, 0x00, 0x07, 0xFC, 0x00, 0x00, 0xFF, 0xC0, 
  0x00, 0xFF, 0x80, 0x00, 0x1F, 0xF8, 0x00, 0x1F, 0xF0, 0x00, 0x03, 0xFF, 0x00, 0x03, 0xFE, 0x00, 
  0x00, 0x7F, 0xE0, 0x00, 0x7F, 0xC0, 0x00, 0x0F, 0xFC, 0x00, 0x0F, 0xF8, 0x00, 0x01, 0xFF, 0x80, 
  0x01, 0xFF, 0x00, 0x00, 0x3F, 0xF0, 0x00, 0x3F, 0xE0, 0x00, 0x07, 0xFE, 0x00, 0x07, 0xFC, 0x00, 
  0x00, 0xFF, 0xC0, 0x00, 0xFF, 0x80, 0x00, 0x1F, 0xF8, 0x00, 0x1F, 0xF0, 0x00, 0x03, 0xFF, 0x00, 
  0x03, 0xFE, 0x00, 0x00, 0x7F, 0xE0, 0x00, 0x7F, 0xC0, 0x00, 0x0F, 0xFC, 0x00, 0x0F, 0xF8, 0x00, 
  0x01, 0xFF, 0x80, 0x01, 0xFF, 0x00, 0x00, 0x3F, 0xF0, 0x00, 0x3F, 0xE0, 0x00, 0x07, 0xFE, 0x00, 
  0x07, 0xFC, 0x00, 0x00, 0xFF, 0xC0, 0x00, 0xFF, 0x80, 0x00, 0x1F, 0xF8, 0x00, 0x1F, 0xF8, 0x00, 
  0x03, 0xFF, 0x00, 0x07, 0xFF, 0x00, 0x00, 0x7F, 0xE0, 0x00, 0xFF, 0xF0, 0x00, 0x0F, 0xFE, 0x00, 
  0x7F, 0xFF, 0x00, 0x01, 0xFF, 0xE0, 0xFF, 0xFF, 0xFE, 0x00, 0x3F, 0xFF, 0xDF, 0xFF, 0xFF, 0xC0, 
  0x07, 0xFF, 0xFB, 0xFF, 0xFF, 0xF8, 0x00, 0xFF, 0xFF, 0x7F, 0xFF, 0xFF, 0x00, 0x1F, 0xFF, 0xE0, 
  0x00, 0x3C, 0x00, 0x00, 0x7F, 0x80, 0x00, 0x7F, 0xE0, 0x00, 0x3F, 0xF0, 0x00, 0x3F, 0xF8, 0x00, 
  0x1F, 0xFC, 0x00, 0x0F, 0xFE, 0x00, 0x03, 0xFF, 0x00, 0x01, 0xFF, 0x80, 0x00, 0x7F, 0x80, 0x00, 
  0x1F, 0x80, 0x00, 0x00, 0x00, 0x00, 0x00, 0x00, 0x00, 0x00, 0x00, 0x00, 0x00, 0x00, 0x00, 0x00, 
  0x00, 0x00, 0x00, 0x00, 0x00, 0x00, 0x00, 0x00, 0x00, 0x00, 0x00, 0x1F, 0xFF, 0xF0, 0x0F, 0xFF, 
  0xF8, 0x07, 0xFF, 0xFC, 0x03, 0xFF, 0xFE, 0x00, 0x3F, 0xFF, 0x00, 0x03, 0xFF, 0x80, 0x00, 0xFF, 
  0xC0, 0x00, 0x7F, 0xE0, 0x00, 0x3F, 0xF0, 0x00, 0x0F, 0xF8, 0x00, 0x07, 0xFC, 0x00, 0x03, 0xFE, 
  0x00, 0x01, 0xFF, 0x00, 0x00, 0xFF, 0x80, 0x00, 0x7F, 0xC0, 0x00, 0x3F, 0xE0, 0x00, 0x1F, 0xF0, 
  0x00, 0x0F, 0xF8, 0x00, 0x07, 0xFC, 0x00, 0x03, 0xFE, 0x00, 0x01, 0xFF, 0x00, 0x00, 0xFF, 0x80, 
  0x00, 0x7F, 0xC0, 0x00, 0x3F, 0xE0, 0x00, 0x1F, 0xF0, 0x00, 0x0F, 0xF8, 0x00, 0x07, 0xFC, 0x00, 
  0x03, 0xFE, 0x00, 0x01, 0xFF, 0x00, 0x00, 0xFF, 0x80, 0x00, 0x7F, 0xC0, 0x00, 0x3F, 0xE0, 0x00, 
  0x1F, 0xF0, 0x00, 0x0F, 0xF8, 0x00, 0x07, 0xFC, 0x00, 0x03, 0xFE, 0x00, 0x01, 0xFF, 0x00, 0x00, 
  0xFF, 0x80, 0x00, 0xFF, 0xC0, 0x00, 0x7F, 0xF0, 0x00, 0x7F, 0xF8, 0x00, 0x7F, 0xFF, 0x07, 0xFF, 
  0xFF, 0xFF, 0xFF, 0xFF, 0xFF, 0xFF, 0xFF, 0xFF, 0xFF, 0xFF, 0xFF, 0x80, 0x00, 0x0F, 0x00, 0x03, 
  0xFC, 0x00, 0x7F, 0xE0, 0x07, 0xFF, 0x00, 0x7F, 0xF0, 0x07, 0xFF, 0x00, 0x7F, 0xF0, 0x07, 0xFF, 
  0x00, 0x7F, 0xE0, 0x03, 0xFE, 0x00, 0x1F, 0x80, 0x00, 0x00, 0x00, 0x00, 0x00, 0x00, 0x00, 0x00, 
  0x00, 0x00, 0x00, 0x00, 0x00, 0x00, 0x00, 0x00, 0x00, 0x00, 0x00, 0x01, 0xFF, 0xFE, 0x1F, 0xFF, 
  0xE1, 0xFF, 0xFE, 0x1F, 0xFF, 0xE0, 0x7F, 0xFE, 0x00, 0xFF, 0xE0, 0x07, 0xFE, 0x00, 0x3F, 0xE0, 
  0x03, 0xFE, 0x00, 0x3F, 0xE0, 0x03, 0xFE, 0x00, 0x3F, 0xE0, 0x03, 0xFE, 0x00, 0x3F, 0xE0, 0x03, 
  0xFE, 0x00, 0x3F, 0xE0, 0x03, 0xFE, 0x00, 0x3F, 0xE0, 0x03, 0xFE, 0x00, 0x3F, 0xE0, 0x03, 0xFE, 
  0x00, 0x3F, 0xE0, 0x03, 0xFE, 0x00, 0x3F, 0xE0, 0x03, 0xFE, 0x00, 0x3F, 0xE0, 0x03, 0xFE, 0x00, 
  0x3F, 0xE0, 0x03, 0xFE, 0x00, 0x3F, 0xE0, 0x03, 0xFE, 0x00, 0x3F, 0xE0, 0x03, 0xFE, 0x00, 0x3F, 
  0xE0, 0x03, 0xFE, 0x00, 0x3F, 0xE0, 0x03, 0xFE, 0x00, 0x3F, 0xE0, 0x03, 0xFE, 0x00, 0x3F, 0xE0, 
  0x03, 0xFE, 0x00, 0x3F, 0xE0, 0x03, 0xFE, 0x00, 0x3F, 0xE0, 0x03, 0xFE, 0x00, 0x3F, 0xE0, 0x03, 
  0xFE, 0x00, 0x3F, 0xE0, 0x03, 0xFE, 0x00, 0x3F, 0xE0, 0x03, 0xFE, 0x00, 0x3F, 0xE0, 0x03, 0xFE, 
  0x00, 0x7F, 0xE0, 0x07, 0xFE, 0x00, 0x7F, 0xC0, 0x07, 0xFC, 0x00, 0xFF, 0xC0, 0x0F, 0xF8, 0x01, 
  0xFF, 0x00, 0x3F, 0xF0, 0x0F, 0xFE, 0x0F, 0xFF, 0xC0, 0xFF, 0xF8, 0x0F, 0xFE, 0x00, 0xFF, 0x00, 
  0x00, 0xFF, 0xFF, 0x80, 0x00, 0x00, 0x00, 0x3F, 0xFF, 0xE0, 0x00, 0x00, 0x00, 0x0F, 0xFF, 0xF8, 
  0x00, 0x00, 0x00, 0x03, 0xFF, 0xFE, 0x00, 0x00, 0x00, 0x00, 0x0F, 0xFF, 0x80, 0x00, 0x00, 0x00, 
  0x00, 0xFF, 0xE0, 0x00, 0x00, 0x00, 0x00, 0x1F, 0xF8, 0x00, 0x00, 0x00, 0x00, 0x03, 0xFE, 0x00, 
  0x00, 0x00, 0x00, 0x00, 0xFF, 0x80, 0x00, 0x00, 0x00, 0x00, 0x3F, 0xE0, 0x00, 0x00, 0x00, 0x00, 
  0x0F, 0xF8, 0x00, 0x00, 0x00, 0x00, 0x03, 0xFE, 0x00, 0x00, 0x00, 0x00, 0x00, 0xFF, 0x80, 0x00, 
  0x00, 0x00, 0x00, 0x3F, 0xE0, 0x00, 0x00, 0x00, 0x00, 0x0F, 0xF8, 0x00, 0x00, 0x00, 0x00, 0x03, 
  0xFE, 0x00, 0x00, 0x00, 0x00, 0x00, 0xFF, 0x80, 0x00, 0x00, 0x00, 0x00, 0x3F, 0xE0, 0x00, 0x00, 
  0x00, 0x00, 0x0F, 0xF8, 0x00, 0x00, 0x00, 0x00, 0x03, 0xFE, 0x00, 0x7F, 0xFF, 0xF8, 0x00, 0xFF, 
  0x80, 0x1F, 0xFF, 0xFE, 0x00, 0x3F, 0xE0, 0x07, 0xFF, 0xFF, 0x80, 0x0F, 0xF8, 0x01, 0xFF, 0xFF, 
  0xE0, 0x03, 0xFE, 0x00, 0x0F, 0xFF, 0xE0, 0x00, 0xFF, 0x80, 0x00, 0xFF, 0xC0, 0x00, 0x3F, 0xE0, 
  0x00, 0x3F, 0xE0, 0x00, 0x0F, 0xF8, 0x00, 0x1F, 0xE0, 0x00, 0x03, 0xFE, 0x00, 0x07, 0xF0, 0x00, 
  0x00, 0xFF, 0x80, 0x03, 0xF8, 0x00, 0x00, 0x3F, 0xE0, 0x01, 0xFC, 0x00, 0x00, 0x0F, 0xF8, 0x00, 
  0x7E, 0x00, 0x00, 0x03, 0xFE, 0x00, 0x3F, 0x00, 0x00, 0x00, 0xFF, 0x80, 0x1F, 0xC0, 0x00, 0x00, 
  0x3F, 0xE0, 0x0F, 0xE0, 0x00, 0x00, 0x0F, 0xF8, 0x07, 0xF0, 0x00, 0x00, 0x03, 0xFE, 0x03, 0xF8, 
  0x00, 0x00, 0x00, 0xFF, 0x81, 0xFC, 0x00, 0x00, 0x00, 0x3F, 0xE0, 0xFE, 0x00, 0x00, 0x00, 0x0F, 
  0xF8, 0x7F, 0xC0, 0x00, 0x00, 0x03, 0xFE, 0x1F, 0xF8, 0x00, 0x00, 0x00, 0xFF, 0x8F, 0xFE, 0x00, 
  0x00, 0x00, 0x3F, 0xE7, 0xFF, 0xC0, 0x00, 0x00, 0x0F, 0xFB, 0xFF, 0xF8, 0x00, 0x00, 0x03, 0xFF, 
  0xFF, 0xFE, 0x00, 0x00, 0x00, 0xFF, 0xFD, 0xFF, 0xC0, 0x00, 0x00, 0x3F, 0xFE, 0x3F, 0xF8, 0x00, 
  0x00, 0x0F, 0xFE, 0x07, 0xFE, 0x00, 0x00, 0x03, 0xFF, 0x01, 0xFF, 0xC0, 0x00, 0x00, 0xFF, 0x80, 
  0x3F, 0xF8, 0x00, 0x00, 0x3F, 0xE0, 0x07, 0xFE, 0x00, 0x00, 0x0F, 0xF8, 0x01, 0xFF, 0xC0, 0x00, 
  0x03, 0xFE, 0x00, 0x3F, 0xF8, 0x00, 0x00, 0xFF, 0x80, 0x07, 0xFE, 0x00, 0x00, 0x3F, 0xE0, 0x01, 
  0xFF, 0xC0, 0x00, 0x0F, 0xF8, 0x00, 0x3F, 0xF8, 0x00, 0x03, 0xFE, 0x00, 0x0F, 0xFE, 0x00, 0x00, 
  0xFF, 0x80, 0x01, 0xFF, 0xC0, 0x00, 0x3F, 0xF0, 0x00, 0x3F, 0xF8, 0x00, 0x1F, 0xFC, 0x00, 0x0F, 
  0xFF, 0x00, 0x07, 0xFF, 0x80, 0x01, 0xFF, 0xE0, 0x07, 0xFF, 0xF0, 0x00, 0x3F, 0xFE, 0x3F, 0xFF, 
  0xFF, 0xE0, 0x07, 0xFF, 0xFF, 0xFF, 0xFF, 0xF8, 0x00, 0xFF, 0xFF, 0xFF, 0xFF, 0xFE, 0x00, 0x0F, 
  0xFF, 0xFF, 0xFF, 0xFF, 0x80, 0x00, 0x7F, 0xC0, 0xFF, 0xFF, 0x80, 0x7F, 0xFF, 0xC0, 0x3F, 0xFF, 
  0xE0, 0x1F, 0xFF, 0xF0, 0x00, 0xFF, 0xF8, 0x00, 0x1F, 0xFC, 0x00, 0x07, 0xFE, 0x00, 0x01, 0xFF, 
  0x00, 0x00, 0xFF, 0x80, 0x00, 0x7F, 0xC0, 0x00, 0x3F, 0xE0, 0x00, 0x1F, 0xF0, 0x00, 0x0F, 0xF8, 
  0x00, 0x07, 0xFC, 0x00, 0x03, 0xFE, 0x00, 0x01, 0xFF, 0x00, 0x00, 0xFF, 0x80, 0x00, 0x7F, 0xC0, 
  0x00, 0x3F, 0xE0, 0x00, 0x1F, 0xF0, 0x00, 0x0F, 0xF8, 0x00, 0x07, 0xFC, 0x00, 0x03, 0xFE, 0x00, 
  0x01, 0xFF, 0x00, 0x00, 0xFF, 0x80, 0x00, 0x7F, 0xC0, 0x00, 0x3F, 0xE0, 0x00, 0x1F, 0xF0, 0x00, 
  0x0F, 0xF8, 0x00, 0x07, 0xFC, 0x00, 0x03, 0xFE, 0x00, 0x01, 0xFF, 0x00, 0x00, 0xFF, 0x80, 0x00, 
  0x7F, 0xC0, 0x00, 0x3F, 0xE0, 0x00, 0x1F, 0xF0, 0x00, 0x0F, 0xF8, 0x00, 0x07, 0xFC, 0x00, 0x03, 
  0xFE, 0x00, 0x01, 0xFF, 0x00, 0x00, 0xFF, 0x80, 0x00, 0x7F, 0xC0, 0x00, 0x3F, 0xE0, 0x00, 0x1F, 
  0xF0, 0x00, 0x0F, 0xF8, 0x00, 0x07, 0xFC, 0x00, 0x03, 0xFE, 0x00, 0x01, 0xFF, 0x00, 0x00, 0xFF, 
  0x80, 0x00, 0x7F, 0xC0, 0x00, 0x3F, 0xE0, 0x00, 0x1F, 0xF0, 0x00, 0x0F, 0xF8, 0x00, 0x07, 0xFC, 
  0x00, 0x03, 0xFE, 0x00, 0x01, 0xFF, 0x00, 0x00, 0xFF, 0x80, 0x00, 0x7F, 0xE0, 0x00, 0x7F, 0xF0, 
  0x00, 0x3F, 0xFC, 0x00, 0x7F, 0xFF, 0x07, 0xFF, 0xFF, 0xFF, 0xFF, 0xFF, 0xFF, 0xFF, 0xFF, 0xFF, 
  0xFF, 0xFF, 0xFF, 0x80, 0x7F, 0xFF, 0x00, 0xFF, 0xF0, 0x00, 0x3F, 0xFC, 0x00, 0x03, 0xFF, 0xF8, 
  0x1F, 0xFF, 0xE0, 0x07, 0xFF, 0xF8, 0x00, 0x1F, 0xFF, 0xC1, 0xFF, 0xFF, 0x80, 0x7F, 0xFF, 0xF0, 
  0x00, 0xFF, 0xFE, 0x1F, 0xFF, 0xFE, 0x07, 0xFF, 0xFF, 0xC0, 0x00, 0xFF, 0xF1, 0xFF, 0xFF, 0xF8, 
  0x7F, 0xFF, 0xFF, 0x00, 0x01, 0xFF, 0x9F, 0xEF, 0xFF, 0xE7, 0xFB, 0xFF, 0xF8, 0x00, 0x07, 0xFF, 
  0xF0, 0x07, 0xFF, 0x7C, 0x01, 0xFF, 0xE0, 0x00, 0x3F, 0xFF, 0x00, 0x1F, 0xFF, 0xC0, 0x07, 0xFF, 
  0x00, 0x00, 0xFF, 0xF0, 0x00, 0x7F, 0xFC, 0x00, 0x1F, 0xF8, 0x00, 0x07, 0xFF, 0x00, 0x03, 0xFF, 
  0xE0, 0x00, 0x7F, 0xE0, 0x00, 0x3F, 0xF0, 0x00, 0x0F, 0xFE, 0x00, 0x03, 0xFF, 0x00, 0x01, 0xFF, 
  0x80, 0x00, 0x7F, 0xF0, 0x00, 0x1F, 0xF8, 0x00, 0x0F, 0xFC, 0x00, 0x03, 0xFF, 0x00, 0x00, 0x7F, 
  0xC0, 0x00, 0x7F, 0xE0, 0x00, 0x1F, 0xF8, 0x00, 0x03, 0xFE, 0x00, 0x03, 0xFE, 0x00, 0x00, 0xFF, 
  0xC0, 0x00, 0x1F, 0xF0, 0x00, 0x1F, 0xF0, 0x00, 0x07, 0xFE, 0x00, 0x00, 0xFF, 0x80, 0x00, 0xFF, 
  0x80, 0x00, 0x3F, 0xF0, 0x00, 0x07, 0xFC, 0x00, 0x07, 0xFC, 0x00, 0x01, 0xFF, 0x80, 0x00, 0x3F, 
  0xE0, 0x00, 0x3F, 0xE0, 0x00, 0x0F, 0xFC, 0x00, 0x01, 0xFF, 0x00, 0x01, 0xFF, 0x00, 0x00, 0x7F, 
  0xE0, 0x00, 0x0F, 0xF8, 0x00, 0x0F, 0xF8, 0x00, 0x03, 0xFF, 0x00, 0x00, 0x7F, 0xC0, 0x00, 0x7F, 
  0xC0, 0x00, 0x1F, 0xF8, 0x00, 0x03, 0xFE, 0x00, 0x03, 0xFE, 0x00, 0x00, 0xFF, 0xC0, 0x00, 0x1F, 
  0xF0, 0x00, 0x1F, 0xF0, 0x00, 0x07, 0xFE, 0x00, 0x00, 0xFF, 0x80, 0x00, 0xFF, 0x80, 0x00, 0x3F, 
  0xF0, 0x00, 0x07, 0xFC, 0x00, 0x07, 0xFC, 0x00, 0x01, 0xFF, 0x80, 0x00, 0x3F, 0xE0, 0x00, 0x3F, 
  0xE0, 0x00, 0x0F, 0xFC, 0x00, 0x01, 0xFF, 0x00, 0x01, 0xFF, 0x00, 0x00, 0x7F, 0xE0, 0x00, 0x0F, 
  0xF8, 0x00, 0x0F, 0xF8, 0x00, 0x03, 0xFF, 0x00, 0x00, 0x7F, 0xC0, 0x00, 0x7F, 0xC0, 0x00, 0x1F, 
  0xF8, 0x00, 0x03, 0xFE, 0x00, 0x03, 0xFE, 0x00, 0x00, 0xFF, 0xC0, 0x00, 0x1F, 0xF0, 0x00, 0x1F, 
  0xF0, 0x00, 0x07, 0xFE, 0x00, 0x00, 0xFF, 0x80, 0x00, 0xFF, 0x80, 0x00, 0x3F, 0xF0, 0x00, 0x07, 
  0xFC, 0x00, 0x07, 0xFC, 0x00, 0x01, 0xFF, 0x80, 0x00, 0x3F, 0xE0, 0x00, 0x3F, 0xE0, 0x00, 0x0F, 
  0xFC, 0x00, 0x01, 0xFF, 0x00, 0x01, 0xFF, 0x00, 0x00, 0x7F, 0xE0, 0x00, 0x0F, 0xF8, 0x00, 0x0F, 
  0xF8, 0x00, 0x03, 0xFF, 0x00, 0x00, 0x7F, 0xC0, 0x00, 0x7F, 0xC0, 0x00, 0x1F, 0xF8, 0x00, 0x03, 
  0xFE, 0x00, 0x07, 0xFE, 0x00, 0x00, 0xFF, 0xC0, 0x00, 0x1F, 0xF8, 0x00, 0x3F, 0xF0, 0x00, 0x07, 
  0xFE, 0x00, 0x00, 0xFF, 0xC0, 0x03, 0xFF, 0xC0, 0x00, 0x3F, 0xF8, 0x00, 0x07, 0xFF, 0x00, 0x3F, 
  0xFF, 0x80, 0x01, 0xFF, 0xE0, 0x00, 0x3F, 0xFC, 0x3F, 0xFF, 0xFF, 0xC0, 0x0F, 0xFF, 0xF0, 0x01, 
  0xFF, 0xFF, 0xFF, 0xFF, 0xFE, 0x00, 0x7F, 0xFF, 0x80, 0x0F, 0xFF, 0xFF, 0xFF, 0xFF, 0xF0, 0x03, 
  0xFF, 0xFC, 0x00, 0x7F, 0xFF, 0xFF, 0xFF, 0xFF, 0x80, 0x1F, 0xFF, 0xE0, 0x03, 0xFF, 0xFC, 0x7F, 
  0xFF, 0x00, 0xFF, 0xF0, 0x00, 0x0F, 0xFF, 0xE0, 0x7F, 0xFF, 0x80, 0x01, 0xFF, 0xFC, 0x1F, 0xFF, 
  0xFC, 0x00, 0x3F, 0xFF, 0x87, 0xFF, 0xFF, 0xC0, 0x01, 0xFF, 0xF1, 0xFF, 0xFF, 0xFC, 0x00, 0x07, 
  0xFE, 0x7F, 0xBF, 0xFF, 0x80, 0x00, 0x7F, 0xFF, 0x00, 0x7F, 0xF8, 0x00, 0x0F, 0xFF, 0xC0, 0x07, 
  0xFF, 0x00, 0x01, 0xFF, 0xF0, 0x00, 0x7F, 0xE0, 0x00, 0x1F, 0xFC, 0x00, 0x07, 0xFE, 0x00, 0x03, 
  0xFF, 0x80, 0x00, 0xFF, 0xC0, 0x00, 0x7F, 0xE0, 0x00, 0x1F, 0xF8, 0x00, 0x0F, 0xFC, 0x00, 0x01, 
  0xFF, 0x00, 0x01, 0xFF, 0x80, 0x00, 0x3F, 0xE0, 0x00, 0x3F, 0xE0, 0x00, 0x07, 0xFC, 0x00, 0x07, 
  0xFC, 0x00, 0x00, 0xFF, 0x80, 0x00, 0xFF, 0x80, 0x00, 0x1F, 0xF0, 0x00, 0x1F, 0xF0, 0x00, 0x03, 
  0xFE, 0x00, 0x03, 0xFE, 0x00, 0x00, 0x7F, 0xC0, 0x00, 0x7F, 0xC0, 0x00, 0x0F, 0xF8, 0x00, 0x0F, 
  0xF8, 0x00, 0x01, 0xFF, 0x00, 0x01, 0xFF, 0x00, 0x00, 0x3F, 0xE0, 0x00, 0x3F, 0xE0, 0x00, 0x07, 
  0xFC, 0x00, 0x07, 0xFC, 0x00, 0x00, 0xFF, 0x80, 0x00, 0xFF, 0x80, 0x00, 0x1F, 0xF0, 0x00, 0x1F, 
  0xF0, 0x00, 0x03, 0xFE, 0x00, 0x03, 0xFE, 0x00, 0x00, 0x7F, 0xC0, 0x00, 0x7F, 0xC0, 0x00, 0x0F, 
  0xF8, 0x00, 0x0F, 0xF8, 0x00, 0x01, 0xFF, 0x00, 0x01, 0xFF, 0x00, 0x00, 0x3F, 0xE0, 0x00, 0x3F, 
  0xE0, 0x00, 0x07, 0xFC, 0x00, 0x07, 0xFC, 0x00, 0x00, 0xFF, 0x80, 0x00, 0xFF, 0x80, 0x00, 0x1F, 
  0xF0, 0x00, 0x1F, 0xF0, 0x00, 0x03, 0xFE, 0x00, 0x03, 0xFE, 0x00, 0x00, 0x7F, 0xC0, 0x00, 0x7F, 
  0xC0, 0x00, 0x0F, 0xF8, 0x00, 0x0F, 0xF8, 0x00, 0x01, 0xFF, 0x00, 0x01, 0xFF, 0x00, 0x00, 0x3F, 
  0xF0, 0x00, 0x7F, 0xE0, 0x00, 0x07, 0xFE, 0x00, 0x0F, 0xFC, 0x00, 0x00, 0xFF, 0xC0, 0x03, 0xFF, 
  0xC0, 0x00, 0x1F, 0xFC, 0x00, 0xFF, 0xFC, 0x00, 0x03, 0xFF, 0xC3, 0xFF, 0xFF, 0xFC, 0x00, 0x7F, 
  0xFF, 0xFF, 0xFF, 0xFF, 0x80, 0x0F, 0xFF, 0xFF, 0xFF, 0xFF, 0xF0, 0x01, 0xFF, 0xFF, 0xFF, 0xFF, 
  0xFE, 0x00, 0x3F, 0xFF, 0xC0, 0x00, 0x03, 0xFF, 0xF0, 0x00, 0x00, 0x0F, 0xFF, 0xFF, 0x00, 0x00, 
  0x1F, 0xFF, 0xFF, 0xE0, 0x00, 0x1F, 0xFF, 0xFF, 0xF8, 0x00, 0x1F, 0xFE, 0x1F, 0xFE, 0x00, 0x1F, 
  0xF8, 0x01, 0xFF, 0x80, 0x1F, 0xF0, 0x00, 0x7F, 0xE0, 0x1F, 0xF0, 0x00, 0x1F, 0xF8, 0x1F, 0xF8, 
  0x00, 0x07, 0xFC, 0x0F, 0xF8, 0x00, 0x01, 0xFF, 0x07, 0xFC, 0x00, 0x00, 0xFF, 0x87, 0xFE, 0x00, 
  0x00, 0x7F, 0xE3, 0xFE, 0x00, 0x00, 0x1F, 0xF1, 0xFF, 0x00, 0x00, 0x0F, 0xF9, 0xFF, 0x80, 0x00, 
  0x07, 0xFE, 0xFF, 0xC0, 0x00, 0x03, 0xFF, 0x7F, 0xC0, 0x00, 0x01, 0xFF, 0xBF, 0xE0, 0x00, 0x00, 
  0x7F, 0xDF, 0xF0, 0x00, 0x00, 0x3F, 0xEF, 0xF8, 0x00, 0x00, 0x1F, 0xF7, 0xFC, 0x00, 0x00, 0x0F, 
  0xFF, 0xFE, 0x00, 0x00, 0x07, 0xFF, 0xFF, 0x00, 0x00, 0x03, 0xFF, 0xFF, 0x80, 0x00, 0x01, 0xFF, 
  0xFF, 0xC0, 0x00, 0x00, 0xFF, 0xBF, 0xE0, 0x00, 0x00, 0x7F, 0xDF, 0xF0, 0x00, 0x00, 0x3F, 0xEF, 
  0xF8, 0x00, 0x00, 0x1F, 0xF7, 0xFC, 0x00, 0x00, 0x0F, 0xFB, 0xFE, 0x00, 0x00, 0x0F, 0xFD, 0xFF, 
  0x80, 0x00, 0x07, 0xFE, 0xFF, 0xC0, 0x00, 0x03, 0xFF, 0x3F, 0xE0, 0x00, 0x01, 0xFF, 0x1F, 0xF0, 
  0x00, 0x00, 0xFF, 0x8F, 0xF8, 0x00, 0x00, 0xFF, 0xC7, 0xFE, 0x00, 0x00, 0x7F, 0xC1, 0xFF, 0x00, 
  0x00, 0x3F, 0xE0, 0xFF, 0xC0, 0x00, 0x3F, 0xF0, 0x3F, 0xE0, 0x00, 0x1F, 0xF0, 0x0F, 0xF8, 0x00, 
  0x1F, 0xF0, 0x07, 0xFE, 0x00, 0x1F, 0xF8, 0x01, 0xFF, 0xC0, 0x3F, 0xF8, 0x00, 0x7F, 0xFF, 0xFF, 
  0xF8, 0x00, 0x0F, 0xFF, 0xFF, 0xF0, 0x00, 0x03, 0xFF, 0xFF, 0xF0, 0x00, 0x00, 0x3F, 0xFF, 0xC0, 
  0x00, 0x00, 0x01, 0xFF, 0x00, 0x00, 0xFF, 0xFF, 0x00, 0x7F, 0xF0, 0x01, 0xFF, 0xFE, 0x03, 0xFF, 
  0xFC, 0x03, 0xFF, 0xFC, 0x1F, 0xFF, 0xFC, 0x07, 0xFF, 0xF8, 0x7F, 0xFF, 0xFC, 0x01, 0xFF, 0xF1, 
  0xFF, 0xFF, 0xFC, 0x00, 0x7F, 0xE7, 0xF8, 0x7F, 0xFC, 0x00, 0x7F, 0xEF, 0x80, 0x1F, 0xFC, 0x00, 
  0x7F, 0xFC, 0x00, 0x1F, 0xF8, 0x00, 0xFF, 0xF0, 0x00, 0x1F, 0xF8, 0x01, 0xFF, 0xE0, 0x00, 0x3F, 
  0xF0, 0x03, 0xFF, 0x80, 0x00, 0x3F, 0xF0, 0x07, 0xFF, 0x00, 0x00, 0x7F, 0xE0, 0x0F, 0xFC, 0x00, 
  0x00, 0x7F, 0xC0, 0x1F, 0xF8, 0x00, 0x00, 0xFF, 0xC0, 0x3F, 0xF0, 0x00, 0x01, 0xFF, 0x80, 0x7F, 
  0xE0, 0x00, 0x03, 0xFF, 0x00, 0xFF, 0xC0, 0x00, 0x07, 0xFE, 0x01, 0xFF, 0x80, 0x00, 0x07, 0xFC, 
  0x03, 0xFE, 0x00, 0x00, 0x0F, 0xF8, 0x07, 0xFC, 0x00, 0x00, 0x1F, 0xF0, 0x0F, 0xF8, 0x00, 0x00, 
  0x3F, 0xE0, 0x1F, 0xF0, 0x00, 0x00, 0x7F, 0xC0, 0x3F, 0xE0, 0x00, 0x00, 0xFF, 0x80, 0x7F, 0xC0, 
  0x00, 0x01, 0xFF, 0x00, 0xFF, 0x80, 0x00, 0x03, 0xFE, 0x01, 0xFF, 0x00, 0x00, 0x07, 0xFC, 0x03, 
  0xFE, 0x00, 0x00, 0x0F, 0xF8, 0x07, 0xFC, 0x00, 0x00, 0x1F, 0xF0, 0x0F, 0xF8, 0x00, 0x00, 0x3F, 
  0xE0, 0x1F, 0xF8, 0x00, 0x00, 0xFF, 0xC0, 0x3F, 0xF0, 0x00, 0x01, 0xFF, 0x80, 0x7F, 0xE0, 0x00, 
  0x03, 0xFF, 0x00, 0xFF, 0xC0, 0x00, 0x07, 0xFE, 0x01, 0xFF, 0x80, 0x00, 0x0F, 0xF8, 0x03, 0xFF, 
  0x80, 0x00, 0x3F, 0xF0, 0x07, 0xFF, 0x00, 0x00, 0x7F, 0xE0, 0x0F, 0xFF, 0x00, 0x00, 0xFF, 0x80, 
  0x1F, 0xFE, 0x00, 0x03, 0xFF, 0x00, 0x3F, 0xFE, 0x00, 0x0F, 0xFE, 0x00, 0x7F, 0xFE, 0x00, 0x3F, 
  0xF8, 0x00, 0xFF, 0xBF, 0x00, 0xFF, 0xE0, 0x01, 0xFF, 0x7F, 0xFF, 0xFF, 0xC0, 0x03, 0xFE, 0x7F, 
  0xFF, 0xFF, 0x00, 0x07, 0xFC, 0x7F, 0xFF, 0xFC, 0x00, 0x0F, 0xF8, 0x7F, 0xFF, 0xE0, 0x00, 0x1F, 
  0xF0, 0x3F, 0xFF, 0x00, 0x00, 0x3F, 0xE0, 0x07, 0xF0, 0x00, 0x00, 0x7F, 0xC0, 0x00, 0x00, 0x00, 
  0x00, 0xFF, 0x80, 0x00, 0x00, 0x00, 0x01, 0xFF, 0x00, 0x00, 0x00, 0x00, 0x03, 0xFE, 0x00, 0x00, 
  0x00, 0x00, 0x07, 0xFC, 0x00, 0x00, 0x00, 0x00, 0x0F, 0xF8, 0x00, 0x00, 0x00, 0x00, 0x1F, 0xF0, 
  0x00, 0x00, 0x00, 0x00, 0x3F, 0xE0, 0x00, 0x00, 0x00, 0x00, 0x7F, 0xC0, 0x00, 0x00, 0x00, 0x00, 
  0xFF, 0x80, 0x00, 0x00, 0x00, 0x01, 0xFF, 0x00, 0x00, 0x00, 0x00, 0x03, 0xFE, 0x00, 0x00, 0x00, 
  0x00, 0x0F, 0xFE, 0x00, 0x00, 0x00, 0x00, 0x1F, 0xFC, 0x00, 0x00, 0x00, 0x00, 0xFF, 0xFE, 0x00, 
  0x00, 0x00, 0x3F, 0xFF, 0xFF, 0xE0, 0x00, 0x00, 0x7F, 0xFF, 0xFF, 0xC0, 0x00, 0x00, 0xFF, 0xFF, 
  0xFF, 0x80, 0x00, 0x01, 0xFF, 0xFF, 0xFF, 0x00, 0x00, 0x00, 0x00, 0x0F, 0xFF, 0x00, 0x7F, 0xFF, 
  0x00, 0x7F, 0xFF, 0xC0, 0x7F, 0xFF, 0x00, 0xFF, 0xFF, 0xE0, 0xFF, 0xFF, 0x01, 0xFF, 0xFF, 0xF0, 
  0xFF, 0xFF, 0x03, 0xFF, 0xFF, 0xF8, 0xFF, 0xF8, 0x07, 0xFF, 0xC3, 0xFC, 0xFF, 0xC0, 0x0F, 0xFE, 
  0x00, 0x7E, 0xFF, 0x80, 0x1F, 0xFC, 0x00, 0x3F, 0xFF, 0x00, 0x1F, 0xF8, 0x00, 0x1F, 0xFF, 0x00, 
  0x1F, 0xF8, 0x00, 0x0F, 0xFF, 0x00, 0x3F, 0xF0, 0x00, 0x07, 0xFF, 0x00, 0x3F, 0xF0, 0x00, 0x07, 
  0xFF, 0x00, 0x3F, 0xE0, 0x00, 0x07, 0xFF, 0x00, 0x7F, 0xE0, 0x00, 0x03, 0xFF, 0x00, 0x7F, 0xE0, 
  0x00, 0x03, 0xFF, 0x00, 0x7F, 0xE0, 0x00, 0x03, 0xFF, 0x00, 0x7F, 0xC0, 0x00, 0x03, 0xFF, 0x00, 
  0x7F, 0xC0, 0x00, 0x03, 0xFF, 0x00, 0x7F, 0xC0, 0x00, 0x03, 0xFF, 0x00, 0x7F, 0xC0, 0x00, 0x01, 
  0xFF, 0x00, 0xFF, 0xC0, 0x00, 0x01, 0xFF, 0x00, 0xFF, 0xC0, 0x00, 0x01, 0xFF, 0x00, 0xFF, 0xC0, 
  0x00, 0x01, 0xFF, 0x00, 0xFF, 0xC0, 0x00, 0x01, 0xFF, 0x00, 0xFF, 0xC0, 0x00, 0x01, 0xFF, 0x00, 
  0xFF, 0xC0, 0x00, 0x01, 0xFF, 0x00, 0x7F, 0xC0, 0x00, 0x01, 0xFF, 0x00, 0x7F, 0xC0, 0x00, 0x03, 
  0xFF, 0x00, 0x7F, 0xC0, 0x00, 0x03, 0xFF, 0x00, 0x7F, 0xC0, 0x00, 0x03, 0xFF, 0x00, 0x7F, 0xE0, 
  0x00, 0x03, 0xFF, 0x00, 0x7F, 0xE0, 0x00, 0x03, 0xFF, 0x00, 0x7F, 0xE0, 0x00, 0x03, 0xFF, 0x00, 
  0x7F, 0xE0, 0x00, 0x03, 0xFF, 0x00, 0x3F, 0xE0, 0x00, 0x07, 0xFF, 0x00, 0x3F, 0xF0, 0x00, 0x07, 
  0xFF, 0x00, 0x3F, 0xF0, 0x00, 0x0F, 0xFF, 0x00, 0x1F, 0xF8, 0x00, 0x0F, 0xFF, 0x00, 0x1F, 0xF8, 
  0x00, 0x1F, 0xFF, 0x00, 0x0F, 0xFE, 0x00, 0x3D, 0xFF, 0x00, 0x0F, 0xFF, 0x00, 0xFD, 0xFF, 0x00, 
  0x07, 0xFF, 0xFF, 0xF9, 0xFF, 0x00, 0x03, 0xFF, 0xFF, 0xF1, 0xFF, 0x00, 0x01, 0xFF, 0xFF, 0xE1, 
  0xFF, 0x00, 0x00, 0x7F, 0xFF, 0xC1, 0xFF, 0x00, 0x00, 0x3F, 0xFF, 0x01, 0xFF, 0x00, 0x00, 0x03, 
  0xF8, 0x01, 0xFF, 0x00, 0x00, 0x00, 0x00, 0x01, 0xFF, 0x00, 0x00, 0x00, 0x00, 0x01, 0xFF, 0x00, 
  0x00, 0x00, 0x00, 0x01, 0xFF, 0x00, 0x00, 0x00, 0x00, 0x01, 0xFF, 0x00, 0x00, 0x00, 0x00, 0x01, 
  0xFF, 0x00, 0x00, 0x00, 0x00, 0x01, 0xFF, 0x00, 0x00, 0x00, 0x00, 0x01, 0xFF, 0x00, 0x00, 0x00, 
  0x00, 0x01, 0xFF, 0x00, 0x00, 0x00, 0x00, 0x01, 0xFF, 0x00, 0x00, 0x00, 0x00, 0x01, 0xFF, 0x00, 
  0x00, 0x00, 0x00, 0x01, 0xFF, 0x00, 0x00, 0x00, 0x00, 0x03, 0xFF, 0x00, 0x00, 0x00, 0x00, 0x03, 
  0xFF, 0x00, 0x00, 0x00, 0x00, 0x07, 0xFF, 0x80, 0x00, 0x00, 0x00, 0x0F, 0xFF, 0xC0, 0x00, 0x00, 
  0x07, 0xFF, 0xFF, 0xFF, 0x00, 0x00, 0x07, 0xFF, 0xFF, 0xFF, 0x00, 0x00, 0x07, 0xFF, 0xFF, 0xFF, 
  0x00, 0x00, 0x07, 0xFF, 0xFF, 0xFF, 0x7F, 0xFE, 0x01, 0xFF, 0xC1, 0xFF, 0xF8, 0x0F, 0xFF, 0xC7, 
  0xFF, 0xE0, 0x7F, 0xFF, 0x9F, 0xFF, 0x83, 0xFF, 0xFE, 0x1F, 0xFF, 0x1F, 0xFF, 0xFC, 0x0F, 0xFC, 
  0xFF, 0xFF, 0xF0, 0x1F, 0xF3, 0xC1, 0xFF, 0xC0, 0x7F, 0xDE, 0x03, 0xFF, 0x01, 0xFF, 0x70, 0x07, 
  0xFC, 0x03, 0xFF, 0xC0, 0x1F, 0xE0, 0x0F, 0xFE, 0x00, 0x7F, 0x00, 0x3F, 0xF8, 0x01, 0xF8, 0x00, 
  0xFF, 0xE0, 0x04, 0x00, 0x03, 0xFF, 0x00, 0x00, 0x00, 0x0F, 0xFC, 0x00, 0x00, 0x00, 0x3F, 0xF0, 
  0x00, 0x00, 0x00, 0xFF, 0xC0, 0x00, 0x00, 0x03, 0xFE, 0x00, 0x00, 0x00, 0x0F, 0xF8, 0x00, 0x00, 
  0x00, 0x3F, 0xE0, 0x00, 0x00, 0x00, 0xFF, 0x80, 0x00, 0x00, 0x03, 0xFE, 0x00, 0x00, 0x00, 0x0F, 
  0xF8, 0x00, 0x00, 0x00, 0x3F, 0xE0, 0x00, 0x00, 0x00, 0xFF, 0x80, 0x00, 0x00, 0x03, 0xFE, 0x00, 
  0x00, 0x00, 0x0F, 0xF8, 0x00, 0x00, 0x00, 0x3F, 0xE0, 0x00, 0x00, 0x00, 0xFF, 0x80, 0x00, 0x00, 
  0x03, 0xFE, 0x00, 0x00, 0x00, 0x0F, 0xF8, 0x00, 0x00, 0x00, 0x3F, 0xE0, 0x00, 0x00, 0x00, 0xFF, 
  0x80, 0x00, 0x00, 0x03, 0xFE, 0x00, 0x00, 0x00, 0x0F, 0xF8, 0x00, 0x00, 0x00, 0x3F, 0xE0, 0x00, 
  0x00, 0x00, 0xFF, 0x80, 0x00, 0x00, 0x07, 0xFE, 0x00, 0x00, 0x00, 0x1F, 0xF8, 0x00, 0x00, 0x00, 
  0x7F, 0xE0, 0x00, 0x00, 0x03, 0xFF, 0xC0, 0x00, 0x00, 0x1F, 0xFF, 0xC0, 0x00, 0x0F, 0xFF, 0xFF, 
  0xFC, 0x00, 0x3F, 0xFF, 0xFF, 0xF0, 0x00, 0xFF, 0xFF, 0xFF, 0xC0, 0x03, 0xFF, 0xFF, 0xFF, 0x00, 
  0x00, 0x00, 0x3F, 0xFE, 0x00, 0x01, 0xFF, 0xFF, 0xC0, 0x07, 0xFF, 0xFF, 0xE0, 0x0F, 0xFF, 0xFF, 
  0xF0, 0x1F, 0xF0, 0x1F, 0xF8, 0x3F, 0xC0, 0x07, 0xF8, 0x7F, 0x80, 0x07, 0xFC, 0x7F, 0x00, 0x03, 
  0xFC, 0x7F, 0x00, 0x03, 0xFC, 0xFF, 0x00, 0x01, 0xF8, 0xFF, 0x00, 0x01, 0xF8, 0xFF, 0x00, 0x01, 
  0xF0, 0xFF, 0x00, 0x01, 0x80, 0xFF, 0x80, 0x00, 0x00, 0xFF, 0xC0, 0x00, 0x00, 0x7F, 0xE0, 0x00, 
  0x00, 0x7F, 0xF8, 0x00, 0x00, 0x7F, 0xFE, 0x00, 0x00, 0x3F, 0xFF, 0x80, 0x00, 0x3F, 0xFF, 0xF0, 
  0x00, 0x1F, 0xFF, 0xFC, 0x00, 0x0F, 0xFF, 0xFF, 0x00, 0x03, 0xFF, 0xFF, 0xC0, 0x01, 0xFF, 0xFF, 
  0xE0, 0x00, 0x7F, 0xFF, 0xF0, 0x00, 0x1F, 0xFF, 0xF8, 0x00, 0x03, 0xFF, 0xFC, 0x00, 0x00, 0xFF, 
  0xFC, 0x00, 0x00, 0x3F, 0xFE, 0x00, 0x00, 0x0F, 0xFE, 0x00, 0x00, 0x03, 0xFE, 0x00, 0x00, 0x01, 
  0xFE, 0x3C, 0x00, 0x01, 0xFF, 0x7C, 0x00, 0x00, 0xFF, 0xFC, 0x00, 0x00, 0xFF, 0xFC, 0x00, 0x00, 
  0xFE, 0xFC, 0x00, 0x00, 0xFE, 0xFE, 0x00, 0x01, 0xFE, 0xFE, 0x00, 0x01, 0xFE, 0xFF, 0x00, 0x03, 
  0xFC, 0xFF, 0x80, 0x07, 0xFC, 0xFF, 0xC0, 0x0F, 0xF8, 0x7F, 0xFF, 0xFF, 0xF0, 0x3F, 0xFF, 0xFF, 
  0xE0, 0x1F, 0xFF, 0xFF, 0x80, 0x07, 0xFF, 0xFE, 0x00, 0x00, 0x7F, 0xE0, 0x00, 0x00, 0x1E, 0x00, 
  0x00, 0x07, 0xC0, 0x00, 0x00, 0xF8, 0x00, 0x00, 0x1F, 0x00, 0x00, 0x07, 0xE0, 0x00, 0x00, 0xFC, 
  0x00, 0x00, 0x3F, 0x80, 0x00, 0x07, 0xF0, 0x00, 0x01, 0xFE, 0x00, 0x00, 0x7F, 0xC0, 0x00, 0x1F, 
  0xFF, 0xFF, 0x9F, 0xFF, 0xFF, 0xFF, 0xFF, 0xFF, 0xFF, 0xFF, 0xFF, 0xFF, 0xFF, 0xFF, 0xFF, 0xFF, 
  0xFF, 0xFF, 0xFF, 0x03, 0xFE, 0x00, 0x00, 0x7F, 0xC0, 0x00, 0x0F, 0xF8, 0x00, 0x01, 0xFF, 0x00, 
  0x00, 0x3F, 0xE0, 0x00, 0x07, 0xFC, 0x00, 0x00, 0xFF, 0x80, 0x00, 0x1F, 0xF0, 0x00, 0x03, 0xFE, 
  0x00, 0x00, 0x7F, 0xC0, 0x00, 0x0F, 0xF8, 0x00, 0x01, 0xFF, 0x00, 0x00, 0x3F, 0xE0, 0x00, 0x07, 
  0xFC, 0x00, 0x00, 0xFF, 0x80, 0x00, 0x1F, 0xF0, 0x00, 0x03, 0xFE, 0x00, 0x00, 0x7F, 0xC0, 0x00, 
  0x0F, 0xF8, 0x00, 0x01, 0xFF, 0x00, 0x00, 0x3F, 0xE0, 0x00, 0x07, 0xFC, 0x00, 0x00, 0xFF, 0x80, 
  0x00, 0x1F, 0xF0, 0x00, 0x03, 0xFE, 0x00, 0x00, 0x7F, 0xC0, 0x00, 0x0F, 0xF8, 0x00, 0x01, 0xFF, 
  0x00, 0x00, 0x3F, 0xE0, 0x00, 0x07, 0xFE, 0x00, 0x00, 0xFF, 0xC0, 0x00, 0x1F, 0xF8, 0x00, 0x01, 
  0xFF, 0x00, 0x00, 0x3F, 0xF0, 0x00, 0x07, 0xFF, 0x00, 0x00, 0xFF, 0xF8, 0x30, 0x0F, 0xFF, 0xFE, 
  0x00, 0xFF, 0xFF, 0xC0, 0x0F, 0xFF, 0xF8, 0x00, 0xFF, 0xFF, 0x00, 0x01, 0xFE, 0x00, 0xFF, 0xFF, 
  0x00, 0x0F, 0xFF, 0xF0, 0x1F, 0xFF, 0xE0, 0x01, 0xFF, 0xFE, 0x03, 0xFF, 0xFC, 0x00, 0x3F, 0xFF, 
  0xC0, 0x7F, 0xFF, 0x80, 0x07, 0xFF, 0xF8, 0x03, 0xFF, 0xF0, 0x00, 0x3F, 0xFF, 0x00, 0x0F, 0xFE, 
  0x00, 0x00, 0xFF, 0xE0, 0x00, 0xFF, 0xC0, 0x00, 0x0F, 0xFC, 0x00, 0x0F, 0xF8, 0x00, 0x01, 0xFF, 
  0x80, 0x01, 0xFF, 0x00, 0x00, 0x3F, 0xF0, 0x00, 0x3F, 0xE0, 0x00, 0x07, 0xFE, 0x00, 0x07, 0xFC, 
  0x00, 0x00, 0xFF, 0xC0, 0x00, 0xFF, 0x80, 0x00, 0x1F, 0xF8, 0x00, 0x1F, 0xF0, 0x00, 0x03, 0xFF, 
  0x00, 0x03, 0xFE, 0x00, 0x00, 0x7F, 0xE0, 0x00, 0x7F, 0xC0, 0x00, 0x0F, 0xFC, 0x00, 0x0F, 0xF8, 
  0x00, 0x01, 0xFF, 0x80, 0x01, 0xFF, 0x00, 0x00, 0x3F, 0xF0, 0x00, 0x3F, 0xE0, 0x00, 0x07, 0xFE, 
  0x00, 0x07, 0xFC, 0x00, 0x00, 0xFF, 0xC0, 0x00, 0xFF, 0x80, 0x00, 0x1F, 0xF8, 0x00, 0x1F, 0xF0, 
  0x00, 0x03, 0xFF, 0x00, 0x03, 0xFE, 0x00, 0x00, 0x7F, 0xE0, 0x00, 0x7F, 0xC0, 0x00, 0x0F, 0xFC, 
  0x00, 0x0F, 0xF8, 0x00, 0x01, 0xFF, 0x80, 0x01, 0xFF, 0x00, 0x00, 0x3F, 0xF0, 0x00, 0x3F, 0xE0, 
  0x00, 0x07, 0xFE, 0x00, 0x07, 0xFC, 0x00, 0x00, 0xFF, 0xC0, 0x00, 0xFF, 0x80, 0x00, 0x1F, 0xF8, 
  0x00, 0x1F, 0xF0, 0x00, 0x03, 0xFF, 0x00, 0x03, 0xFE, 0x00, 0x00, 0x7F, 0xE0, 0x00, 0x7F, 0xC0, 
  0x00, 0x0F, 0xFC, 0x00, 0x0F, 0xF8, 0x00, 0x01, 0xFF, 0x80, 0x01, 0xFF, 0x00, 0x00, 0x3F, 0xF0, 
  0x00, 0x3F, 0xF0, 0x00, 0x07, 0xFE, 0x00, 0x07, 0xFE, 0x00, 0x01, 0xFF, 0xC0, 0x00, 0xFF, 0xC0, 
  0x00, 0x3F, 0xF8, 0x00, 0x1F, 0xF8, 0x00, 0x0F, 0xFF, 0x00, 0x01, 0xFF, 0x80, 0x01, 0xFF, 0xE0, 
  0x00, 0x3F, 0xF0, 0x00, 0x7F, 0xFC, 0x00, 0x07, 0xFF, 0x80, 0x1E, 0xFF, 0x80, 0x00, 0x7F, 0xFC, 
  0x0F, 0xDF, 0xF8, 0x00, 0x0F, 0xFF, 0xFF, 0xF3, 0xFF, 0x80, 0x00, 0xFF, 0xFF, 0xFC, 0x3F, 0xFF, 
  0x80, 0x0F, 0xFF, 0xFF, 0x07, 0xFF, 0xF0, 0x00, 0xFF, 0xFF, 0xC0, 0xFF, 0xFE, 0x00, 0x07, 0xFF, 
  0xE0, 0x1F, 0xFF, 0xC0, 0x00, 0x1F, 0xE0, 0x00, 0x00, 0x00, 0xFF, 0xFF, 0xFE, 0x01, 0xFF, 0xFF, 
  0xFF, 0xFF, 0xFF, 0x80, 0x7F, 0xFF, 0xFF, 0xFF, 0xFF, 0xE0, 0x1F, 0xFF, 0xFF, 0xFF, 0xFF, 0xF8, 
  0x07, 0xFF, 0xFF, 0x3F, 0xFF, 0xE0, 0x00, 0x3F, 0xFE, 0x01, 0xFF, 0xF0, 0x00, 0x03, 0xFE, 0x00, 
  0x3F, 0xF8, 0x00, 0x00, 0x7F, 0x00, 0x0F, 0xFE, 0x00, 0x00, 0x1F, 0xC0, 0x01, 0xFF, 0x80, 0x00, 
  0x07, 0xE0, 0x00, 0x7F, 0xE0, 0x00, 0x01, 0xF8, 0x00, 0x1F, 0xF8, 0x00, 0x00, 0x7C, 0x00, 0x03, 
  0xFE, 0x00, 0x00, 0x1F, 0x00, 0x00, 0xFF, 0xC0, 0x00, 0x0F, 0xC0, 0x00, 0x3F, 0xF0, 0x00, 0x03, 
  0xE0, 0x00, 0x07, 0xFE, 0x00, 0x00, 0xF8, 0x00, 0x01, 0xFF, 0x80, 0x00, 0x7E, 0x00, 0x00, 0x3F, 
  0xE0, 0x00, 0x1F, 0x00, 0x00, 0x0F, 0xFC, 0x00, 0x07, 0xC0, 0x00, 0x03, 0xFF, 0x00, 0x03, 0xE0, 
  0x00, 0x00, 0x7F, 0xC0, 0x00, 0xF8, 0x00, 0x00, 0x1F, 0xF8, 0x00, 0x3E, 0x00, 0x00, 0x07, 0xFE, 
  0x00, 0x1F, 0x00, 0x00, 0x00, 0xFF, 0x80, 0x07, 0xC0, 0x00, 0x00, 0x3F, 0xF0, 0x03, 0xF0, 0x00, 
  0x00, 0x0F, 0xFC, 0x00, 0xF8, 0x00, 0x00, 0x01, 0xFF, 0x00, 0x3E, 0x00, 0x00, 0x00, 0x7F, 0xE0, 
  0x1F, 0x00, 0x00, 0x00, 0x0F, 0xF8, 0x07, 0xC0, 0x00, 0x00, 0x03, 0xFF, 0x01, 0xF0, 0x00, 0x00, 
  0x00, 0xFF, 0xC0, 0xF8, 0x00, 0x00, 0x00, 0x1F, 0xF0, 0x3E, 0x00, 0x00, 0x00, 0x07, 0xFE, 0x0F, 
  0x80, 0x00, 0x00, 0x01, 0xFF, 0x87, 0xC0, 0x00, 0x00, 0x00, 0x3F, 0xE1, 0xF0, 0x00, 0x00, 0x00, 
  0x0F, 0xF8, 0xF8, 0x00, 0x00, 0x00, 0x03, 0xFF, 0x3E, 0x00, 0x00, 0x00, 0x00, 0x7F, 0xCF, 0x80, 
  0x00, 0x00, 0x00, 0x1F, 0xF7, 0xC0, 0x00, 0x00, 0x00, 0x03, 0xFF, 0xF0, 0x00, 0x00, 0x00, 0x00, 
  0xFF, 0xFC, 0x00, 0x00, 0x00, 0x00, 0x3F, 0xFE, 0x00, 0x00, 0x00, 0x00, 0x07, 0xFF, 0x80, 0x00, 
  0x00, 0x00, 0x01, 0xFF, 0xC0, 0x00, 0x00, 0x00, 0x00, 0x7F, 0xF0, 0x00, 0x00, 0x00, 0x00, 0x0F, 
  0xFC, 0x00, 0x00, 0x00, 0x00, 0x03, 0xFE, 0x00, 0x00, 0x00, 0xFF, 0xFF, 0xFC, 0x00, 0x00, 0x00, 
  0x01, 0xFF, 0xFF, 0xFF, 0xFF, 0xFE, 0x00, 0x0F, 0xC0, 0x00, 0xFF, 0xFF, 0xFF, 0xFF, 0xFF, 0x00, 
  0x07, 0xE0, 0x00, 0x7F, 0xFF, 0xFF, 0xFF, 0xFF, 0x80, 0x07, 0xF8, 0x00, 0x3F, 0xFF, 0xF3, 0xFF, 
  0xFE, 0x00, 0x03, 0xFC, 0x00, 0x07, 0xFF, 0xE0, 0x7F, 0xFC, 0x00, 0x01, 0xFE, 0x00, 0x00, 0x7F, 
  0x80, 0x1F, 0xFC, 0x00, 0x01, 0xFF, 0x80, 0x00, 0x3F, 0x80, 0x07, 0xFE, 0x00, 0x00, 0xFF, 0xC0, 
  0x00, 0x0F, 0xC0, 0x03, 0xFF, 0x00, 0x00, 0x7F, 0xE0, 0x00, 0x07, 0xC0, 0x01, 0xFF, 0x80, 0x00, 
  0x7F, 0xF8, 0x00, 0x03, 0xE0, 0x00, 0x7F, 0xC0, 0x00, 0x3F, 0xFC, 0x00, 0x03, 0xF0, 0x00, 0x3F, 
  0xF0, 0x00, 0x1F, 0xFE, 0x00, 0x01, 0xF0, 0x00, 0x1F, 0xF8, 0x00, 0x1F, 0xFF, 0x80, 0x00, 0xF8, 
  0x00, 0x07, 0xFC, 0x00, 0x0F, 0xBF, 0xC0, 0x00, 0x7C, 0x00, 0x03, 0xFE, 0x00, 0x07, 0xDF, 0xF0, 
  0x00, 0x7C, 0x00, 0x01, 0xFF, 0x80, 0x07, 0xCF, 0xF8, 0x00, 0x3E, 0x00, 0x00, 0x7F, 0xC0, 0x03, 
  0xE3, 0xFC, 0x00, 0x1F, 0x00, 0x00, 0x3F, 0xE0, 0x01, 0xF1, 0xFE, 0x00, 0x1F, 0x80, 0x00, 0x1F, 
  0xF8, 0x01, 0xF0, 0xFF, 0x80, 0x0F, 0x80, 0x00, 0x0F, 0xFC, 0x00, 0xF8, 0x3F, 0xC0, 0x07, 0xC0, 
  0x00, 0x03, 0xFE, 0x00, 0x78, 0x1F, 0xF0, 0x03, 0xE0, 0x00, 0x01, 0xFF, 0x00, 0x7C, 0x0F, 0xF8, 
  0x03, 0xE0, 0x00, 0x00, 0xFF, 0xC0, 0x3E, 0x07, 0xFC, 0x01, 0xF0, 0x00, 0x00, 0x3F, 0xE0, 0x1E, 
  0x01, 0xFF, 0x00, 0xF8, 0x00, 0x00, 0x1F, 0xF0, 0x1F, 0x00, 0xFF, 0x80, 0xF8, 0x00, 0x00, 0x0F, 
  0xF8, 0x0F, 0x80, 0x7F, 0xC0, 0x7C, 0x00, 0x00, 0x03, 0xFE, 0x07, 0x80, 0x1F, 0xF0, 0x3E, 0x00, 
  0x00, 0x01, 0xFF, 0x07, 0xC0, 0x0F, 0xF8, 0x3E, 0x00, 0x00, 0x00, 0xFF, 0x83, 0xE0, 0x07, 0xFC, 
  0x1F, 0x00, 0x00, 0x00, 0x7F, 0xC1, 0xE0, 0x01, 0xFE, 0x0F, 0x80, 0x00, 0x00, 0x1F, 0xF1, 0xF0, 
  0x00, 0xFF, 0x87, 0x80, 0x00, 0x00, 0x0F, 0xF8, 0xF8, 0x00, 0x7F, 0xC7, 0xC0, 0x00, 0x00, 0x07, 
  0xFC, 0x78, 0x00, 0x1F, 0xE3, 0xE0, 0x00, 0x00, 0x01, 0xFE, 0x7C, 0x00, 0x0F, 0xF9, 0xF0, 0x00, 
  0x00, 0x00, 0xFF, 0xBE, 0x00, 0x07, 0xFD, 0xF0, 0x00, 0x00, 0x00, 0x7F, 0xDE, 0x00, 0x01, 0xFE, 
  0xF8, 0x00, 0x00, 0x00, 0x1F, 0xEF, 0x00, 0x00, 0xFF, 0x7C, 0x00, 0x00, 0x00, 0x0F, 0xFF, 0x80, 
  0x00, 0x7F, 0xFC, 0x00, 0x00, 0x00, 0x07, 0xFF, 0x80, 0x00, 0x1F, 0xFE, 0x00, 0x00, 0x00, 0x03, 
  0xFF, 0xC0, 0x00, 0x0F, 0xFF, 0x00, 0x00, 0x00, 0x00, 0xFF, 0xE0, 0x00, 0x07, 0xFF, 0x00, 0x00, 
  0x00, 0x00, 0x7F, 0xE0, 0x00, 0x01, 0xFF, 0x80, 0x00, 0x00, 0x00, 0x3F, 0xF0, 0x00, 0x00, 0xFF, 
  0xC0, 0x00, 0x00, 0x00, 0x0F, 0xF8, 0x00, 0x00, 0x7F, 0xC0, 0x00, 0x00, 0x00, 0x07, 0xF8, 0x00, 
  0x00, 0x1F, 0xE0, 0x00, 0x00, 0x00, 0x03, 0xFC, 0x00, 0x00, 0x0F, 0xF0, 0x00, 0x00, 0x7F, 0xFF, 
  0xFF, 0x0F, 0xFF, 0xFE, 0x3F, 0xFF, 0xFF, 0x87, 0xFF, 0xFF, 0x1F, 0xFF, 0xFF, 0xC3, 0xFF, 0xFF, 
  0x8F, 0xFF, 0xFF, 0xE1, 0xFF, 0xFF, 0xC0, 0xFF, 0xFF, 0x80, 0x3F, 0xFF, 0x80, 0x1F, 0xFF, 0x80, 
  0x03, 0xFE, 0x00, 0x07, 0xFF, 0x80, 0x01, 0xFC, 0x00, 0x01, 0xFF, 0xC0, 0x00, 0xFE, 0x00, 0x00, 
  0x7F, 0xF0, 0x00, 0xFE, 0x00, 0x00, 0x1F, 0xF8, 0x00, 0x7E, 0x00, 0x00, 0x07, 0xFE, 0x00, 0x7E, 
  0x00, 0x00, 0x01, 0xFF, 0x80, 0x3E, 0x00, 0x00, 0x00, 0xFF, 0xC0, 0x3F, 0x00, 0x00, 0x00, 0x3F, 
  0xF0, 0x3F, 0x00, 0x00, 0x00, 0x0F, 0xFC, 0x1F, 0x00, 0x00, 0x00, 0x03, 0xFF, 0x1F, 0x00, 0x00, 
  0x00, 0x01, 0xFF, 0x9F, 0x00, 0x00, 0x00, 0x00, 0x7F, 0xEF, 0x80, 0x00, 0x00, 0x00, 0x1F, 0xFF, 
  0x80, 0x00, 0x00, 0x00, 0x07, 0xFF, 0x80, 0x00, 0x00, 0x00, 0x03, 0xFF, 0x80, 0x00, 0x00, 0x00, 
  0x00, 0xFF, 0xC0, 0x00, 0x00, 0x00, 0x00, 0x3F, 0xF0, 0x00, 0x00, 0x00, 0x00, 0x1F, 0xFC, 0x00, 
  0x00, 0x00, 0x00, 0x1F, 0xFE, 0x00, 0x00, 0x00, 0x00, 0x1F, 0xFF, 0x80, 0x00, 0x00, 0x00, 0x0F, 
  0xFF, 0xE0, 0x00, 0x00, 0x00, 0x0F, 0x9F, 0xF8, 0x00, 0x00, 0x00, 0x0F, 0x8F, 0xFC, 0x00, 0x00, 
  0x00, 0x0F, 0x83, 0xFF, 0x00, 0x00, 0x00, 0x0F, 0xC0, 0xFF, 0xC0, 0x00, 0x00, 0x07, 0xC0, 0x3F, 
  0xF0, 0x00, 0x00, 0x07, 0xC0, 0x1F, 0xF8, 0x00, 0x00, 0x07, 0xE0, 0x07, 0xFE, 0x00, 0x00, 0x07, 
  0xE0, 0x01, 0xFF, 0x80, 0x00, 0x03, 0xE0, 0x00, 0x7F, 0xE0, 0x00, 0x03, 0xF0, 0x00, 0x3F, 0xF0, 
  0x00, 0x03, 0xF0, 0x00, 0x0F, 0xFC, 0x00, 0x03, 0xF8, 0x00, 0x07, 0xFF, 0x00, 0x03, 0xFC, 0x00, 
  0x03, 0xFF, 0xC0, 0x03, 0xFE, 0x00, 0x01, 0xFF, 0xF0, 0x07, 0xFF, 0x80, 0x01, 0xFF, 0xFC, 0x3F, 
  0xFF, 0xFC, 0x0F, 0xFF, 0xFF, 0xFF, 0xFF, 0xFE, 0x07, 0xFF, 0xFF, 0xFF, 0xFF, 0xFF, 0x03, 0xFF, 
  0xFF, 0xFF, 0xFF, 0xFF, 0x81, 0xFF, 0xFF, 0xFC, 0xFF, 0xFF, 0xFC, 0x03, 0xFF, 0xFF, 0xFF, 0xFF, 
  0xFC, 0x03, 0xFF, 0xFF, 0xFF, 0xFF, 0xFC, 0x03, 0xFF, 0xFF, 0xFF, 0xFF, 0xFC, 0x03, 0xFF, 0xFF, 
  0x3F, 0xFF, 0xE0, 0x00, 0x7F, 0xFC, 0x0F, 0xFF, 0x80, 0x00, 0x1F, 0xF0, 0x07, 0xFF, 0x80, 0x00, 
  0x0F, 0xF0, 0x03, 0xFF, 0x00, 0x00, 0x0F, 0xE0, 0x03, 0xFF, 0x00, 0x00, 0x0F, 0xE0, 0x01, 0xFF, 
  0x80, 0x00, 0x0F, 0xC0, 0x01, 0xFF, 0x80, 0x00, 0x0F, 0xC0, 0x00, 0xFF, 0x80, 0x00, 0x0F, 0x80, 
  0x00, 0xFF, 0xC0, 0x00, 0x1F, 0x80, 0x00, 0xFF, 0xC0, 0x00, 0x1F, 0x80, 0x00, 0x7F, 0xC0, 0x00, 
  0x1F, 0x00, 0x00, 0x7F, 0xE0, 0x00, 0x3F, 0x00, 0x00, 0x3F, 0xE0, 0x00, 0x3F, 0x00, 0x00, 0x3F, 
  0xF0, 0x00, 0x3E, 0x00, 0x00, 0x1F, 0xF0, 0x00, 0x7E, 0x00, 0x00, 0x1F, 0xF0, 0x00, 0x7C, 0x00, 
  0x00, 0x1F, 0xF8, 0x00, 0x7C, 0x00, 0x00, 0x0F, 0xF8, 0x00, 0xFC, 0x00, 0x00, 0x0F, 0xFC, 0x00, 
  0xF8, 0x00, 0x00, 0x07, 0xFC, 0x00, 0xF8, 0x00, 0x00, 0x07, 0xFC, 0x01, 0xF8, 0x00, 0x00, 0x07, 
  0xFE, 0x01, 0xF0, 0x00, 0x00, 0x03, 0xFE, 0x03, 0xF0, 0x00, 0x00, 0x03, 0xFF, 0x03, 0xF0, 0x00, 
  0x00, 0x01, 0xFF, 0x03, 0xE0, 0x00, 0x00, 0x01, 0xFF, 0x07, 0xE0, 0x00, 0x00, 0x00, 0xFF, 0x87, 
  0xC0, 0x00, 0x00, 0x00, 0xFF, 0x87, 0xC0, 0x00, 0x00, 0x00, 0xFF, 0x8F, 0xC0, 0x00, 0x00, 0x00, 
  0x7F, 0xCF, 0x80, 0x00, 0x00, 0x00, 0x7F, 0xCF, 0x80, 0x00, 0x00, 0x00, 0x3F, 0xDF, 0x80, 0x00, 
  0x00, 0x00, 0x3F, 0xDF, 0x00, 0x00, 0x00, 0x00, 0x3F, 0xFF, 0x00, 0x00, 0x00, 0x00, 0x1F, 0xFF, 
  0x00, 0x00, 0x00, 0x00, 0x1F, 0xFE, 0x00, 0x00, 0x00, 0x00, 0x0F, 0xFE, 0x00, 0x00, 0x00, 0x00, 
  0x0F, 0xFC, 0x00, 0x00, 0x00, 0x00, 0x07, 0xFC, 0x00, 0x00, 0x00, 0x00, 0x07, 0xFC, 0x00, 0x00, 
  0x00, 0x00, 0x07, 0xF8, 0x00, 0x00, 0x00, 0x00, 0x03, 0xF8, 0x00, 0x00, 0x00, 0x00, 0x03, 0xF8, 
  0x00, 0x00, 0x00, 0x00, 0x07, 0xF0, 0x00, 0x00, 0x00, 0x00, 0x07, 0xF0, 0x00, 0x00, 0x00, 0x00, 
  0x07, 0xE0, 0x00, 0x00, 0x00, 0x00, 0x0F, 0xE0, 0x00, 0x00, 0x00, 0x00, 0x0F, 0xE0, 0x00, 0x00, 
  0x00, 0x00, 0x1F, 0xC0, 0x00, 0x00, 0x00, 0x00, 0x1F, 0xC0, 0x00, 0x00, 0x00, 0x00, 0x3F, 0x80, 
  0x00, 0x00, 0x00, 0x00, 0x7F, 0x80, 0x00, 0x00, 0x00, 0x00, 0x7F, 0x00, 0x00, 0x00, 0x00, 0x00, 
  0xFF, 0x00, 0x00, 0x00, 0x00, 0x03, 0xFE, 0x00, 0x00, 0x00, 0x00, 0x07, 0xFC, 0x00, 0x00, 0x00, 
  0x00, 0x1F, 0xFC, 0x00, 0x00, 0x00, 0x01, 0xFF, 0xF8, 0x00, 0x00, 0x00, 0x1F, 0xFF, 0xF0, 0x00, 
  0x00, 0x00, 0x1F, 0xFF, 0xC0, 0x00, 0x00, 0x00, 0x1F, 0xFF, 0x00, 0x00, 0x00, 0x00, 0x1F, 0xF8, 
  0x00, 0x00, 0x00, 0x00, 0x3F, 0xFF, 0xFF, 0xFF, 0xF1, 0xFF, 0xFF, 0xFF, 0xFF, 0x8F, 0xFF, 0xFF, 
  0xFF, 0xFC, 0x7F, 0xFF, 0xFF, 0xFF, 0xE3, 0xFF, 0xFF, 0xFF, 0xFF, 0x1F, 0xFF, 0xFF, 0xFF, 0xF0, 
  0xFC, 0x00, 0x03, 0xFF, 0x07, 0xE0, 0x00, 0x3F, 0xF8, 0x3E, 0x00, 0x01, 0xFF, 0x81, 0xF0, 0x00, 
  0x1F, 0xF8, 0x0F, 0x00, 0x01, 0xFF, 0xC0, 0x78, 0x00, 0x0F, 0xFC, 0x07, 0xC0, 0x00, 0xFF, 0xC0, 
  0x00, 0x00, 0x0F, 0xFE, 0x00, 0x00, 0x00, 0x7F, 0xE0, 0x00, 0x00, 0x07, 0xFE, 0x00, 0x00, 0x00, 
  0x7F, 0xF0, 0x00, 0x00, 0x03, 0xFF, 0x00, 0x00, 0x00, 0x3F, 0xF0, 0x00, 0x00, 0x03, 0xFF, 0x80, 
  0x00, 0x00, 0x1F, 0xF8, 0x00, 0x00, 0x01, 0xFF, 0x80, 0x00, 0x00, 0x1F, 0xFC, 0x00, 0x00, 0x00, 
  0xFF, 0xC0, 0x00, 0x00, 0x0F, 0xFC, 0x00, 0x00, 0x00, 0xFF, 0xE0, 0x00, 0x00, 0x07, 0xFE, 0x00, 
  0x00, 0x00, 0x7F, 0xE0, 0x00, 0x00, 0x07, 0xFF, 0x00, 0x00, 0x00, 0x3F, 0xF0, 0x00, 0x00, 0x03, 
  0xFF, 0x00, 0x00, 0x00, 0x3F, 0xF8, 0x00, 0x00, 0x01, 0xFF, 0x80, 0x00, 0x78, 0x1F, 0xF8, 0x00, 
  0x07, 0xC1, 0xFF, 0xC0, 0x00, 0x3E, 0x0F, 0xFC, 0x00, 0x01, 0xF0, 0xFF, 0xC0, 0x00, 0x0F, 0x8F, 
  0xFE, 0x00, 0x00, 0xFC, 0x7F, 0xE0, 0x00, 0x07, 0xE7, 0xFE, 0x00, 0x00, 0x7E, 0x7F, 0xF0, 0x00, 
  0x0F, 0xF3, 0xFF, 0xFF, 0xFF, 0xFF, 0xBF, 0xFF, 0xFF, 0xFF, 0xFD, 0xFF, 0xFF, 0xFF, 0xFF, 0xEF, 
  0xFF, 0xFF, 0xFF, 0xFF, 0x7F, 0xFF, 0xFF, 0xFF, 0xF8, 0x00, 0x00, 0x07, 0xF8, 0x00, 0x07, 0xFF, 
  0xC0, 0x00, 0xFF, 0xFE, 0x00, 0x0F, 0xFF, 0xF0, 0x00, 0xFF, 0xF0, 0x00, 0x07, 0xFE, 0x00, 0x00, 
  0x7F, 0xE0, 0x00, 0x03, 0xFE, 0x00, 0x00, 0x3F, 0xF0, 0x00, 0x01, 0xFF, 0x80, 0x00, 0x0F, 0xFC, 
  0x00, 0x00, 0x7F, 0xE0, 0x00, 0x03, 0xFE, 0x00, 0x00, 0x1F, 0xF0, 0x00, 0x00, 0xFF, 0x80, 0x00, 
  0x07, 0xFC, 0x00, 0x00, 0x3F, 0xE0, 0x00, 0x01, 0xFF, 0x00, 0x00, 0x0F, 0xF8, 0x00, 0x00, 0x7F, 
  0xC0, 0x00, 0x03, 0xFE, 0x00, 0x00, 0x1F, 0xF0, 0x00, 0x00, 0xFF, 0x80, 0x00, 0x07, 0xFC, 0x00, 
  0x00, 0x3F, 0xE0, 0x00, 0x01, 0xFF, 0x00, 0x00, 0x0F, 0xF8, 0x00, 0x00, 0x7F, 0xC0, 0x00, 0x03, 
  0xFE, 0x00, 0x00, 0x1F, 0xF0, 0x00, 0x01, 0xFF, 0x80, 0x00, 0x0F, 0xFC, 0x00, 0x00, 0xFF, 0xC0, 
  0x00, 0x07, 0xFE, 0x00, 0x00, 0xFF, 0xE0, 0x00, 0x1F, 0xFE, 0x00, 0x0F, 0xFF, 0xC0, 0x00, 0x7F, 
  0xF8, 0x00, 0x03, 0xFF, 0xC0, 0x00, 0x1F, 0xFF, 0x80, 0x00, 0x1F, 0xFF, 0x00, 0x00, 0x1F, 0xFC, 
  0x00, 0x00, 0x3F, 0xF0, 0x00, 0x01, 0xFF, 0x80, 0x00, 0x07, 0xFE, 0x00, 0x00, 0x3F, 0xF0, 0x00, 
  0x00, 0xFF, 0x80, 0x00, 0x07, 0xFC, 0x00, 0x00, 0x3F, 0xE0, 0x00, 0x01, 0xFF, 0x00, 0x00, 0x0F, 
  0xF8, 0x00, 0x00, 0x7F, 0xC0, 0x00, 0x03, 0xFE, 0x00, 0x00, 0x1F, 0xF0, 0x00, 0x00, 0xFF, 0x80, 
  0x00, 0x07, 0xFC, 0x00, 0x00, 0x3F, 0xE0, 0x00, 0x01, 0xFF, 0x00, 0x00, 0x0F, 0xF8, 0x00, 0x00, 
  0x7F, 0xC0, 0x00, 0x03, 0xFE, 0x00, 0x00, 0x1F, 0xF0, 0x00, 0x00, 0xFF, 0x80, 0x00, 0x07, 0xFC, 
  0x00, 0x00, 0x3F, 0xE0, 0x00, 0x01, 0xFF, 0x80, 0x00, 0x0F, 0xFC, 0x00, 0x00, 0x7F, 0xE0, 0x00, 
  0x01, 0xFF, 0x00, 0x00, 0x0F, 0xFC, 0x00, 0x00, 0x7F, 0xF0, 0x00, 0x01, 0xFF, 0xE0, 0x00, 0x07, 
  0xFF, 0xF8, 0x00, 0x1F, 0xFF, 0xC0, 0x00, 0x3F, 0xFE, 0x00, 0x00, 0x3F, 0xF0, 0xFF, 0xFF, 0xFF, 
  0xFF, 0xFF, 0xFF, 0xFF, 0xFF, 0xFF, 0xFF, 0xFF, 0xFF, 0xFF, 0xFF, 0xFF, 0xFF, 0xFF, 0xFF, 0xFF, 
  0xFF, 0xFF, 0xFF, 0xFF, 0xFF, 0xFF, 0xFF, 0xFF, 0xFF, 0xFF, 0xFF, 0xFF, 0xFF, 0xFF, 0xFF, 0xFF, 
  0xFF, 0xFF, 0xFF, 0xFF, 0xFF, 0xFF, 0xFF, 0xFF, 0xFF, 0xFF, 0xFF, 0xFF, 0xFF, 0xFF, 0xFF, 0xFF, 
  0xFF, 0xFF, 0x80, 0xFF, 0x00, 0x00, 0x07, 0xFF, 0x80, 0x00, 0x3F, 0xFF, 0x00, 0x01, 0xFF, 0xFE, 
  0x00, 0x00, 0x7F, 0xF0, 0x00, 0x00, 0xFF, 0xC0, 0x00, 0x03, 0xFF, 0x00, 0x00, 0x1F, 0xF8, 0x00, 
  0x00, 0x7F, 0xC0, 0x00, 0x03, 0xFF, 0x00, 0x00, 0x1F, 0xF8, 0x00, 0x00, 0xFF, 0xC0, 0x00, 0x07, 
  0xFE, 0x00, 0x00, 0x3F, 0xF0, 0x00, 0x01, 0xFF, 0x80, 0x00, 0x0F, 0xFC, 0x00, 0x00, 0x7F, 0xE0, 
  0x00, 0x03, 0xFF, 0x00, 0x00, 0x1F, 0xF8, 0x00, 0x00, 0xFF, 0xC0, 0x00, 0x07, 0xFE, 0x00, 0x00, 
  0x3F, 0xF0, 0x00, 0x01, 0xFF, 0x80, 0x00, 0x0F, 0xFC, 0x00, 0x00, 0x7F, 0xE0, 0x00, 0x03, 0xFF, 
  0x00, 0x00, 0x1F, 0xF8, 0x00, 0x00, 0xFF, 0xC0, 0x00, 0x07, 0xFE, 0x00, 0x00, 0x3F, 0xF0, 0x00, 
  0x00, 0xFF, 0x80, 0x00, 0x07, 0xFE, 0x00, 0x00, 0x3F, 0xF0, 0x00, 0x00, 0xFF, 0xC0, 0x00, 0x03, 
  0xFF, 0x00, 0x00, 0x0F, 0xFF, 0x00, 0x00, 0x3F, 0xFF, 0x80, 0x00, 0x3F, 0xFC, 0x00, 0x01, 0xFF, 
  0xE0, 0x00, 0x7F, 0xFF, 0x00, 0x07, 0xFF, 0x80, 0x00, 0x7F, 0xF0, 0x00, 0x07, 0xFE, 0x00, 0x00, 
  0x7F, 0xE0, 0x00, 0x03, 0xFF, 0x00, 0x00, 0x1F, 0xF0, 0x00, 0x01, 0xFF, 0x80, 0x00, 0x0F, 0xFC, 
  0x00, 0x00, 0x7F, 0xE0, 0x00, 0x03, 0xFF, 0x00, 0x00, 0x1F, 0xF8, 0x00, 0x00, 0xFF, 0xC0, 0x00, 
  0x07, 0xFE, 0x00, 0x00, 0x3F, 0xF0, 0x00, 0x01, 0xFF, 0x80, 0x00, 0x0F, 0xFC, 0x00, 0x00, 0x7F, 
  0xE0, 0x00, 0x03, 0xFF, 0x00, 0x00, 0x1F, 0xF8, 0x00, 0x00, 0xFF, 0xC0, 0x00, 0x07, 0xFE, 0x00, 
  0x00, 0x3F, 0xF0, 0x00, 0x01, 0xFF, 0x80, 0x00, 0x0F, 0xFC, 0x00, 0x00, 0x7F, 0xE0, 0x00, 0x03, 
  0xFF, 0x00, 0x00, 0x1F, 0xF8, 0x00, 0x00, 0xFF, 0x80, 0x00, 0x0F, 0xFC, 0x00, 0x00, 0x7F, 0xE0, 
  0x00, 0x07, 0xFE, 0x00, 0x00, 0xFF, 0xF0, 0x00, 0xFF, 0xFF, 0x00, 0x07, 0xFF, 0xE0, 0x00, 0x3F, 
  0xFE, 0x00, 0x01, 0xFF, 0x80, 0x00, 0x00, 0x00, 0xFC, 0x00, 0x00, 0x3E, 0x07, 0xFE, 0x00, 0x00, 
  0x7C, 0x1F, 0xFF, 0x00, 0x01, 0xF8, 0x7F, 0xFF, 0x00, 0x03, 0xF1, 0xFF, 0xFF, 0x00, 0x07, 0xE3, 
  0xFB, 0xFF, 0x80, 0x0F, 0x8F, 0xC0, 0xFF, 0x80, 0x1F, 0x1F, 0x00, 0xFF, 0x80, 0x7E, 0x7E, 0x00, 
  0x7F, 0x80, 0xFC, 0xFC, 0x00, 0x7F, 0xC3, 0xF1, 0xF0, 0x00, 0x7F, 0xFF, 0xE3, 0xE0, 0x00, 0x7F, 
  0xFF, 0x87, 0xC0, 0x00, 0x7F, 0xFE, 0x1F, 0x80, 0x00, 0x3F, 0xF8, 0x3F, 0x00, 0x00, 0x1F, 0xE0, 
  0x00, 0x7D, 0xFB, 0xFF, 0xFF, 0xEF, 0x9F, 0x00, 0x00, 0x01, 0xE7, 0xEF, 0xFF, 0xFF, 0xFE, 0x78, 
  0x78, 0x07, 0x83, 0xEF, 0xC0, 0xFC, 0x3F, 0xFE, 0x0F, 0xC7, 0xFF, 0xE1, 0xFC, 0x7F, 0xFE, 0x0F, 
  0xC7, 0xFF, 0xC0, 0xFC, 0x3E, 0x78, 0x07, 0x83, 0xE0, 0x00, 0x00, 0x00, 0x00, 0x00, 0x00, 0x00, 
  0x00, 0x00, 0x00, 0x01, 0xE0, 0x01, 0xE0, 0x3F, 0x00, 0x3F, 0x03, 0xF0, 0x07, 0xF0, 0x3F, 0x80, 
  0x7F, 0x03, 0xF0, 0x07, 0xF0, 0x3F, 0x00, 0x3F, 0x01, 0xE0, 0x03, 0xE0, 0x00, 0x00, 0x1E, 0x7F, 
  0xFE, 0x3F, 0x7F, 0xFC, 0x3F, 0x7F, 0xFC, 0x3F, 0xFF, 0xFC, 0x3F, 0xFF, 0xFC, 0x3F, 0x00, 0x00, 
  0x1E, 0x00, 0x00, 0x00, 0x00, 0x00, 0x00, 0x00, 0x00, 0x00, 0x00, 0x00, 0x1E, 0x00, 0x00, 0x3F, 
  0x00, 0x00, 0x7F, 0x00, 0x00, 0x7F, 0x00, 0x00, 0x7F, 0x00, 0x00, 0x3F, 0x00, 0x00, 0x1E, 0x00, 
  0x00, 0x1E, 0x7F, 0xFE, 0x3F, 0x7F, 0xFC, 0x3F, 0x7F, 0xFC, 0x3F, 0xFF, 0xFC, 0x3F, 0xFF, 0xFC, 
  0x3F, 0x03, 0x80, 0x1E, 0x07, 0x80, 0x00, 0x07, 0xC0, 0x00, 0x07, 0xC0, 0x00, 0x07, 0xC0, 0x1E, 
  0x07, 0xC0, 0x3F, 0x07, 0xC0, 0x7F, 0x07, 0xC0, 0x7F, 0x07, 0xC0, 0x7F, 0x07, 0xC0, 0x3F, 0x00, 
  0x00, 0x1E, 0x79, 0xFB, 0xFF, 0xFF, 0xFF, 0x9E, 0x00, 0x78, 0x0F, 0x7E, 0x0F, 0xFF, 0x8F, 0xFF, 
  0xC7, 0xFF, 0xE1, 0xFF, 0xE0, 0xFD, 0xE0, 0x3C, 0x3C, 0x07, 0x8F, 0xC1, 0xFB, 0xF8, 0x3F, 0xFF, 
  0x07, 0xFF, 0xE0, 0xFE, 0xFC, 0x1F, 0x8F, 0x01, 0xE0, 0x00, 0x00, 0x00, 0x00, 0x00, 0x00, 0x00, 
  0x07, 0xC0, 0x00, 0xFC, 0x00, 0x3F, 0x80, 0x07, 0xF0, 0x00, 0xFE, 0x00, 0x0F, 0xC0, 0x01, 0xF0, 
  0x00, 0xFF, 0xFF, 0xFF, 0xFF, 0xFF, 0xFF, 0xFF, 0xFF, 0xFC, 0xFF, 0xFF, 0xFF, 0xFF, 0xFF, 0xFF, 
  0xFF, 0xFF, 0x87, 0x80, 0x3C, 0x01, 0xF0, 0x0F, 0x80, 0x7C, 0x03, 0xE0, 0x7B, 0xFF, 0xFF, 0xFF, 
  0xF7, 0x80, 0x79, 0xFB, 0xFF, 0xFF, 0xFF, 0x9E, 0x00, 0x7C, 0x00, 0x00, 0xFC, 0x00, 0x03, 0xF8, 
  0x00, 0x07, 0xF0, 0x00, 0x0F, 0xE0, 0x00, 0x0F, 0xCF, 0x80, 0x0F, 0x1F, 0x80, 0x00, 0x7F, 0x00, 
  0x00, 0xFE, 0x00, 0x01, 0xFC, 0x00, 0x01, 0xF9, 0xF0, 0x03, 0xE3, 0xF0, 0x00, 0x0F, 0xE0, 0x00, 
  0x1F, 0xC0, 0x00, 0x3F, 0x80, 0x00, 0x3F, 0x00, 0x00, 0x7C, 0x79, 0xFB, 0xFF, 0xFF, 0xFF, 0x9E, 
  0x00, 0xFF, 0xFF, 0xFF, 0xFF, 0xFF, 0xFF, 0xFF, 0xFF, 0xFF, 0xFF, 0xF8, 0xFF, 0xFF, 0xFF, 0xFF, 
  0xFF, 0xFF, 0xFF, 0xFF, 0xFF, 0xFF, 0xFF, 0xFF, 0xFF, 0xFF, 0xFF, 0xFF, 0xFF, 0xFF, 0xFF, 0xFF, 
  0xFF, 0xFF, 0xFF, 0xFF, 0xFF, 0xFF, 0xC0, 0xFF, 0xFF, 0xFF, 0xFF, 0xFF, 0xFF, 0xFF, 0xFF, 0xFF, 
  0xFF, 0xFF, 0xFF, 0xFF, 0xFF, 0xFF, 0xFF, 0xFF, 0xFF, 0xFF, 0xFF, 0xFF, 0xFF, 0xFF, 0xFF, 0xFF, 
  0xFF, 0xFF, 0xFF, 0xFF, 0xFF, 0xFF, 0xFF, 0xFF, 0xFF, 0xFF, 0xFF, 0xFF, 0xFF, 0xFF, 0xFF, 0xFF, 
  0xFF, 0xFF, 0xFF, 0xFF, 0xFF, 0xFF, 0xFF, 0xFF, 0xFF, 0x7D, 0xFB, 0xFF, 0xFF, 0xFF, 0x9E, 0x00, 
  0x7D, 0xFB, 0xFF, 0xFF, 0xFF, 0x9E, 0x00, 0x1F, 0x0F, 0xFB, 0xFF, 0xFF, 0xFF, 0xFF, 0xFF, 0xFF, 
  0xFF, 0xFF, 0xFF, 0xFF, 0xFD, 0xFF, 0x0F, 0x80, 0x00, 0x00, 0x00, 0x00, 0x00, 0x00, 0x00, 0x00, 
  0x00, 0x00, 0x00, 0x00, 0x00, 0x00, 0x00, 0x00, 0x00, 0x00, 0x00, 0x00, 0x00, 0x00, 0x00, 0x00, 
  0x00, 0x00, 0x00, 0x00, 0x00, 0x00, 0x10, 0x1F, 0xC7, 0xFD, 0xFF, 0xFF, 0xFF, 0xFF, 0xFF, 0xFF, 
  0xFF, 0xFF, 0xFF, 0xF7, 0xFC, 0x7F, 0x01, 0x00, 0x7D, 0xFB, 0xFF, 0xFF, 0xFF, 0x9E, 0x00, 0x79, 
  0xFB, 0xFF, 0xFF, 0xFF, 0x9E, 0x00, 0x00, 0x01, 0xC0, 0x00, 0x00, 0xE0, 0x00, 0x00, 0x70, 0x00, 
  0x00, 0x78, 0x00, 0x00, 0xFE, 0x00, 0x7F, 0xFF, 0x00, 0xFF, 0xFF, 0x80, 0x7F, 0xFF, 0xC0, 0x7F, 
  0xFF, 0xE0, 0x3F, 0xFF, 0xF0, 0x3F, 0xFF, 0xF8, 0x1F, 0xFF, 0xFC, 0x0F, 0xFF, 0xFE, 0x07, 0xFF, 
  0xFE, 0x03, 0xFF, 0xFE, 0x01, 0xFE, 0x00, 0x00, 0xFC, 0x00, 0x00, 0x7E, 0x00, 0x00, 0x3E, 0x00, 
  0x00, 0x1F, 0x00, 0x00, 0x0F, 0x80, 0x00, 0x07, 0xC0, 0x00, 0x03, 0xE0, 0x00, 0x01, 0xF0, 0x00, 
  0x00, 0xF8, 0x00, 0x00, 0x7C, 0x00, 0x00, 0x3E, 0x00, 0x00, 0x1F, 0x00, 0x00, 0x0F, 0x80, 0x00, 
  0x07, 0xC0, 0x00, 0x03, 0xE0, 0x00, 0x01, 0xF0, 0x00, 0x00, 0xF8, 0x00, 0x00, 0x7C, 0x00, 0x00, 
  0x3E, 0x00, 0x00, 0x1F, 0x00, 0x00, 0x0F, 0x80, 0x00, 0x07, 0xC0, 0x00, 0x03, 0xE0, 0x00, 0x01, 
  0xF0, 0x00, 0x00, 0xF8, 0x00, 0x00, 0x7C, 0x00, 0x00, 0x3F, 0x00, 0x00, 0x1F, 0x80, 0x00, 0x0F, 
  0xFC, 0x00, 0x07, 0xFF, 0xFF, 0xE3, 0xFF, 0xFF, 0xF0, 0xFF, 0xFF, 0xFC, 0x7F, 0xFF, 0xFE, 0x3F, 
  0xFF, 0xFF, 0x1F, 0xFF, 0xFF, 0x87, 0xFF, 0xFF, 0xE3, 0xFF, 0xFF, 0xF0, 0x7F, 0xFF, 0xF8, 0x0F, 
  0xFF, 0xFE, 0xFF, 0xFF, 0xFF, 0xFF, 0xFF, 0xFF, 0xFF, 0xFF, 0xFC, 0x1E, 0x00, 0x78, 0x01, 0xE0, 
  0x07, 0x80, 0x1E, 0x00, 0x78, 0x01, 0xE0, 0x0F, 0x80, 0xFF, 0xFF, 0xFF, 0xFF, 0xFF, 0xFF, 0xFF, 
  0xFF, 0xFF, 0xFF, 0xFF, 0xFF, 0xFF, 0xFF, 0xFF, 0xFF, 0xFF, 0xFF, 0xFF, 0xFF, 0xFF, 0xFF, 0xE0, 
  0x00, 0x00, 0x03, 0xFC, 0x00, 0x00, 0x00, 0x7F, 0x80, 0x00, 0x00, 0x0F, 0xF0, 0x00, 0x00, 0x01, 
  0xFE, 0x00, 0x00, 0x00, 0x3F, 0xC0, 0x00, 0x00, 0x07, 0xF8, 0x00, 0x00, 0x00, 0xFF, 0x00, 0x00, 
  0x00, 0x1F, 0xE0, 0x00, 0x00, 0x03, 0xFC, 0x00, 0x00, 0x00, 0x7F, 0x80, 0x00, 0x00, 0x0F, 0xF0, 
  0x00, 0x00, 0x01, 0xFE, 0x00, 0x00, 0x00, 0x3F, 0xC0, 0x00, 0x00, 0x07, 0xF8, 0x00, 0x00, 0x00, 
  0xFF, 0x00, 0x00, 0x00, 0x1F, 0xE0, 0x00, 0x00, 0x03, 0xFC, 0x00, 0x00, 0x00, 0x7F, 0x80, 0x00, 
  0x00, 0x0F, 0xF0, 0x00, 0x00, 0x01, 0xFE, 0x00, 0x00, 0x00, 0x3F, 0xC0, 0x00, 0x00, 0x07, 0xF8, 
  0x00, 0x00, 0x00, 0xFF, 0x00, 0x00, 0x00, 0x1F, 0xE0, 0x00, 0x00, 0x03, 0xFC, 0x00, 0x00, 0x00, 
  0x7F, 0x80, 0x00, 0x00, 0x0F, 0xF0, 0x00, 0x00, 0x01, 0xFE, 0x00, 0x00, 0x00, 0x3F, 0xC0, 0x00, 
  0x00, 0x07, 0xF8, 0x00, 0x00, 0x00, 0xFF, 0x00, 0x00, 0x00, 0x1F, 0xE0, 0x00, 0x00, 0x03, 0xFC, 
  0x00, 0x00, 0x00, 0x7F, 0x80, 0x00, 0x00, 0x0F, 0xF0, 0x00, 0x00, 0x01, 0xFE, 0x00, 0x00, 0x00, 
  0x3F, 0xC0, 0x00, 0x00, 0x07, 0xF8, 0x00, 0x00, 0x00, 0xFF, 0x00, 0x00, 0x00, 0x1F, 0xE0, 0x00, 
  0x00, 0x03, 0xFC, 0x00, 0x00, 0x00, 0x7F, 0x80, 0x00, 0x00, 0x0F, 0xF0, 0x00, 0x00, 0x01, 0xFE, 
  0x00, 0x00, 0x00, 0x3F, 0xC0, 0x00, 0x00, 0x07, 0xF8, 0x00, 0x00, 0x00, 0xFF, 0x00, 0x00, 0x00, 
  0x1F, 0xE0, 0x00, 0x00, 0x03, 0xFC, 0x00, 0x00, 0x00, 0x7F, 0x80, 0x00, 0x00, 0x0F, 0xF0, 0x00, 
  0x00, 0x01, 0xFF, 0xFF, 0xFF, 0xFF, 0xFF, 0xFF, 0xFF, 0xFF, 0xFF, 0xFF, 0xFF, 0xFF, 0xFF, 0xFF, 
  0xFF, 0xFF, 0xFF, 0xFE, 0xFF, 0xFF, 0xFF, 0xFF, 0xFF, 0xFF, 0xFF, 0xFF, 0xFF, 0xFF, 0xFF, 0xFF, 
  0xFF, 0xFF, 0xFF, 0xFF, 0xFF, 0xFF, 0xFF, 0xFF, 0xFF, 0xFF, 0xE0, 0x00, 0x00, 0x03, 0xFC, 0x00, 
  0x00, 0x00, 0x7F, 0x80, 0x00, 0x00, 0x0F, 0xF0, 0x00, 0x00, 0x01, 0xFE, 0x00, 0x00, 0x00, 0x3F, 
  0xC0, 0x00, 0x00, 0x07, 0xF8, 0x00, 0x00, 0x00, 0xFF, 0x00, 0x00, 0x00, 0x1F, 0xE0, 0x00, 0x00, 
  0x03, 0xFC, 0x00, 0x00, 0x00, 0x7F, 0x80, 0x00, 0x00, 0x0F, 0xF0, 0x00, 0x00, 0x01, 0xFE, 0x00, 
  0x00, 0x00, 0x3F, 0xC0, 0x00, 0x00, 0x07, 0xF8, 0x00, 0x00, 0x00, 0xFF, 0x00, 0x00, 0x00, 0x1F, 
  0xE0, 0x00, 0x00, 0x03, 0xFC, 0x00, 0x00, 0x00, 0x7F, 0x80, 0x00, 0x00, 0x0F, 0xF0, 0x00, 0x00, 
  0x01, 0xFE, 0x00, 0x00, 0x00, 0x3F, 0xC0, 0x00, 0x00, 0x07, 0xF8, 0x00, 0x00, 0x00, 0xFF, 0x00, 
  0x00, 0x00, 0x1F, 0xE0, 0x00, 0x00, 0x03, 0xFC, 0x00, 0x00, 0x00, 0x7F, 0x80, 0x00, 0x00, 0x0F, 
  0xF0, 0x00, 0x00, 0x01, 0xFE, 0x00, 0x00, 0x00, 0x3F, 0xC0, 0x00, 0x00, 0x07, 0xF8, 0x00, 0x00, 
  0x00, 0xFF, 0x00, 0x00, 0x00, 0x1F, 0xE0, 0x00, 0x00, 0x03, 0xFC, 0x00, 0x00, 0x00, 0x7F, 0x80, 
  0x00, 0x00, 0x0F, 0xF0, 0x00, 0x00, 0x01, 0xFE, 0x00, 0x00, 0x00, 0x3F, 0xC0, 0x00, 0x00, 0x07, 
  0xF8, 0x00, 0x00, 0x00, 0xFF, 0x00, 0x00, 0x00, 0x1F, 0xE0, 0x00, 0x00, 0x03, 0xFC, 0x00, 0x00, 
  0x00, 0x7F, 0x80, 0x00, 0x00, 0x0F, 0xF0, 0x00, 0x00, 0x01, 0xFE, 0x00, 0x00, 0x00, 0x3F, 0xC0, 
  0x00, 0x00, 0x07, 0xF8, 0x00, 0x00, 0x00, 0xFF, 0x00, 0x00, 0x00, 0x1F, 0xE0, 0x00, 0x00, 0x03, 
  0xFC, 0x00, 0x00, 0x00, 0x7F, 0x80, 0x00, 0x00, 0x0F, 0xF0, 0x00, 0x00, 0x01, 0xFF, 0xFF, 0xFF, 
  0xFF, 0xFF, 0xFF, 0xFF, 0xFF, 0xFF, 0xFF, 0xFF, 0xFF, 0xFF, 0xFF, 0xFF, 0xFF, 0xFF, 0xFE, 0xFF, 
  0xFF, 0xFF, 0xFF, 0xFF, 0xFF, 0xFF, 0xFF, 0xFF, 0xFF, 0xFF, 0xFF, 0xFF, 0xFF, 0xFF, 0xFF, 0xFF, 
  0xFF, 0xFF, 0xFF, 0xFF, 0xFF, 0xE0, 0x00, 0x00, 0x03, 0xFC, 0x00, 0x00, 0x00, 0x7F, 0x80, 0x00, 
  0x00, 0x0F, 0xF0, 0x00, 0x00, 0x01, 0xFE, 0x00, 0x00, 0x00, 0x3F, 0xC0, 0x00, 0x00, 0x07, 0xF8, 
  0x00, 0x00, 0x00, 0xFF, 0x00, 0x00, 0x00, 0x1F, 0xE0, 0x00, 0x00, 0x03, 0xFC, 0x00, 0x00, 0x00, 
  0x7F, 0x80, 0x00, 0x00, 0x0F, 0xF0, 0x00, 0x00, 0x01, 0xFE, 0x00, 0x00, 0x00, 0x3F, 0xC0, 0x00, 
  0x00, 0x07, 0xF8, 0x00, 0x00, 0x00, 0xFF, 0x00, 0x00, 0x00, 0x1F, 0xE0, 0x00, 0x00, 0x03, 0xFC, 
  0x00, 0x00, 0x00, 0x7F, 0x80, 0x00, 0x00, 0x0F, 0xF0, 0x00, 0x00, 0x01, 0xFE, 0x00, 0x00, 0x00, 
  0x3F, 0xC0, 0x00, 0x00, 0x07, 0xF8, 0x00, 0x00, 0x00, 0xFF, 0x00, 0x00, 0x00, 0x1F, 0xE0, 0x00, 
  0x00, 0x03, 0xFC, 0x00, 0x00, 0x00, 0x7F, 0x80, 0x00, 0x00, 0x0F, 0xF0, 0x00, 0x00, 0x01, 0xFE, 
  0x00, 0x00, 0x00, 0x3F, 0xC0, 0x00, 0x00, 0x07, 0xF8, 0x00, 0x00, 0x00, 0xFF, 0x00, 0x00, 0x00, 
  0x1F, 0xE0, 0x00, 0x00, 0x03, 0xFC, 0x00, 0x00, 0x00, 0x7F, 0x80, 0x00, 0x00, 0x0F, 0xF0, 0x00, 
  0x00, 0x01, 0xFE, 0x00, 0x00, 0x00, 0x3F, 0xC0, 0x00, 0x00, 0x07, 0xF8, 0x00, 0x00, 0x00, 0xFF, 
  0x00, 0x00, 0x00, 0x1F, 0xE0, 0x00, 0x00, 0x03, 0xFC, 0x00, 0x00, 0x00, 0x7F, 0x80, 0x00, 0x00, 
  0x0F, 0xF0, 0x00, 0x00, 0x01, 0xFE, 0x00, 0x00, 0x00, 0x3F, 0xC0, 0x00, 0x00, 0x07, 0xF8, 0x00, 
  0x00, 0x00, 0xFF, 0x00, 0x00, 0x00, 0x1F, 0xE0, 0x00, 0x00, 0x03, 0xFC, 0x00, 0x00, 0x00, 0x7F, 
  0x80, 0x00, 0x00, 0x0F, 0xF0, 0x00, 0x00, 0x01, 0xFF, 0xFF, 0xFF, 0xFF, 0xFF, 0xFF, 0xFF, 0xFF, 
  0xFF, 0xFF, 0xFF, 0xFF, 0xFF, 0xFF, 0xFF, 0xFF, 0xFF, 0xFE, 0xFF, 0xFF, 0xFF, 0xFF, 0xFF, 0xFF, 
  0xFF, 0xFF, 0xFF, 0xFF, 0xFF, 0xFF, 0xFF, 0xFF, 0xFF, 0xFF, 0xFF, 0xFF, 0xFF, 0xFF, 0xFF, 0xFF, 
  0xE0, 0x00, 0x00, 0x03, 0xFC, 0x00, 0x00, 0x00, 0x7F, 0x80, 0x00, 0x00, 0x0F, 0xF0, 0x00, 0x00, 
  0x01, 0xFE, 0x00, 0x00, 0x00, 0x3F, 0xC0, 0x00, 0x00, 0x07, 0xF8, 0x00, 0x00, 0x00, 0xFF, 0x00, 
  0x00, 0x00, 0x1F, 0xE0, 0x00, 0x00, 0x03, 0xFC, 0x00, 0x00, 0x00, 0x7F, 0x80, 0x00, 0x00, 0x0F, 
  0xF0, 0x00, 0x00, 0x01, 0xFE, 0x00, 0x00, 0x00, 0x3F, 0xC0, 0x00, 0x00, 0x07, 0xF8, 0x00, 0x00, 
  0x00, 0xFF, 0x00, 0x00, 0x00, 0x1F, 0xE0, 0x00, 0x00, 0x03, 0xFC, 0x00, 0x00, 0x00, 0x7F, 0x80, 
  0x00, 0x00, 0x0F, 0xF0, 0x00, 0x00, 0x01, 0xFE, 0x00, 0x00, 0x00, 0x3F, 0xC0, 0x00, 0x00, 0x07, 
  0xF8, 0x00, 0x00, 0x00, 0xFF, 0x00, 0x00, 0x00, 0x1F, 0xE0, 0x00, 0x00, 0x03, 0xFC, 0x00, 0x00, 
  0x00, 0x7F, 0x80, 0x00, 0x00, 0x0F, 0xF0, 0x00, 0x00, 0x01, 0xFE, 0x00, 0x00, 0x00, 0x3F, 0xC0, 
  0x00, 0x00, 0x07, 0xF8, 0x00, 0x00, 0x00, 0xFF, 0x00, 0x00, 0x00, 0x1F, 0xE0, 0x00, 0x00, 0x03, 
  0xFC, 0x00, 0x00, 0x00, 0x7F, 0x80, 0x00, 0x00, 0x0F, 0xF0, 0x00, 0x00, 0x01, 0xFE, 0x00, 0x00, 
  0x00, 0x3F, 0xC0, 0x00, 0x00, 0x07, 0xF8, 0x00, 0x00, 0x00, 0xFF, 0x00, 0x00, 0x00, 0x1F, 0xE0, 
  0x00, 0x00, 0x03, 0xFC, 0x00, 0x00, 0x00, 0x7F, 0x80, 0x00, 0x00, 0x0F, 0xF0, 0x00, 0x00, 0x01, 
  0xFE, 0x00, 0x00, 0x00, 0x3F, 0xC0, 0x00, 0x00, 0x07, 0xF8, 0x00, 0x00, 0x00, 0xFF, 0x00, 0x00, 
  0x00, 0x1F, 0xE0, 0x00, 0x00, 0x03, 0xFC, 0x00, 0x00, 0x00, 0x7F, 0x80, 0x00, 0x00, 0x0F, 0xF0, 
  0x00, 0x00, 0x01, 0xFF, 0xFF, 0xFF, 0xFF, 0xFF, 0xFF, 0xFF, 0xFF, 0xFF, 0xFF, 0xFF, 0xFF, 0xFF, 
  0xFF, 0xFF, 0xFF, 0xFF, 0xFE, 0xFF, 0xFF, 0xFF, 0xFF, 0xFF, 0xFF, 0xFF, 0xFF, 0xFF, 0xFF, 0xFF, 
  0xFF, 0xFF, 0xFF, 0xFF, 0xFF, 0xFF, 0xFF, 0xFF, 0xFF, 0xFF, 0xFF, 0xE0, 0x00, 0x00, 0x03, 0xFC, 
  0x00, 0x00, 0x00, 0x7F, 0x80, 0x00, 0x00, 0x0F, 0xF0, 0x00, 0x00, 0x01, 0xFE, 0x00, 0x00, 0x00, 
  0x3F, 0xC0, 0x00, 0x00, 0x07, 0xF8, 0x00, 0x00, 0x00, 0xFF, 0x00, 0x00, 0x00, 0x1F, 0xE0, 0x00, 
  0x00, 0x03, 0xFC, 0x00, 0x00, 0x00, 0x7F, 0x80, 0x00, 0x00, 0x0F, 0xF0, 0x00, 0x00, 0x01, 0xFE, 
  0x00, 0x00, 0x00, 0x3F, 0xC0, 0x00, 0x00, 0x07, 0xF8, 0x00, 0x00, 0x00, 0xFF, 0x00, 0x00, 0x00, 
  0x1F, 0xE0, 0x00, 0x00, 0x03, 0xFC, 0x00, 0x00, 0x00, 0x7F, 0x80, 0x00, 0x00, 0x0F, 0xF0, 0x00, 
  0x00, 0x01, 0xFE, 0x00, 0x00, 0x00, 0x3F, 0xC0, 0x00, 0x00, 0x07, 0xF8, 0x00, 0x00, 0x00, 0xFF, 
  0x00, 0x00, 0x00, 0x1F, 0xE0, 0x00, 0x00, 0x03, 0xFC, 0x00, 0x00, 0x00, 0x7F, 0x80, 0x00, 0x00, 
  0x0F, 0xF0, 0x00, 0x00, 0x01, 0xFE, 0x00, 0x00, 0x00, 0x3F, 0xC0, 0x00, 0x00, 0x07, 0xF8, 0x00, 
  0x00, 0x00, 0xFF, 0x00, 0x00, 0x00, 0x1F, 0xE0, 0x00, 0x00, 0x03, 0xFC, 0x00, 0x00, 0x00, 0x7F, 
  0x80, 0x00, 0x00, 0x0F, 0xF0, 0x00, 0x00, 0x01, 0xFE, 0x00, 0x00, 0x00, 0x3F, 0xC0, 0x00, 0x00, 
  0x07, 0xF8, 0x00, 0x00, 0x00, 0xFF, 0x00, 0x00, 0x00, 0x1F, 0xE0, 0x00, 0x00, 0x03, 0xFC, 0x00, 
  0x00, 0x00, 0x7F, 0x80, 0x00, 0x00, 0x0F, 0xF0, 0x00, 0x00, 0x01, 0xFE, 0x00, 0x00, 0x00, 0x3F, 
  0xC0, 0x00, 0x00, 0x07, 0xF8, 0x00, 0x00, 0x00, 0xFF, 0x00, 0x00, 0x00, 0x1F, 0xE0, 0x00, 0x00, 
  0x03, 0xFC, 0x00, 0x00, 0x00, 0x7F, 0x80, 0x00, 0x00, 0x0F, 0xF0, 0x00, 0x00, 0x01, 0xFF, 0xFF, 
  0xFF, 0xFF, 0xFF, 0xFF, 0xFF, 0xFF, 0xFF, 0xFF, 0xFF, 0xFF, 0xFF, 0xFF, 0xFF, 0xFF, 0xFF, 0xFE, 
  0xFF, 0xFF, 0xFF, 0xFF, 0xFF, 0xFF, 0xFF, 0xFF, 0xFF, 0xFF, 0xFF, 0xFF, 0xFF, 0xFF, 0xFF, 0xFF, 
  0xFF, 0xFF, 0xFF, 0xFF, 0xFF, 0xFF, 0xE0, 0x00, 0x00, 0x03, 0xFC, 0x00, 0x00, 0x00, 0x7F, 0x80, 
  0x00, 0x00, 0x0F, 0xF0, 0x00, 0x00, 0x01, 0xFE, 0x00, 0x00, 0x00, 0x3F, 0xC0, 0x00, 0x00, 0x07, 
  0xF8, 0x00, 0x00, 0x00, 0xFF, 0x00, 0x00, 0x00, 0x1F, 0xE0, 0x00, 0x00, 0x03, 0xFC, 0x00, 0x00, 
  0x00, 0x7F, 0x80, 0x00, 0x00, 0x0F, 0xF0, 0x00, 0x00, 0x01, 0xFE, 0x00, 0x00, 0x00, 0x3F, 0xC0, 
  0x00, 0x00, 0x07, 0xF8, 0x00, 0x00, 0x00, 0xFF, 0x00, 0x00, 0x00, 0x1F, 0xE0, 0x00, 0x00, 0x03, 
  0xFC, 0x00, 0x00, 0x00, 0x7F, 0x80, 0x00, 0x00, 0x0F, 0xF0, 0x00, 0x00, 0x01, 0xFE, 0x00, 0x00, 
  0x00, 0x3F, 0xC0, 0x00, 0x00, 0x07, 0xF8, 0x00, 0x00, 0x00, 0xFF, 0x00, 0x00, 0x00, 0x1F, 0xE0, 
  0x00, 0x00, 0x03, 0xFC, 0x00, 0x00, 0x00, 0x7F, 0x80, 0x00, 0x00, 0x0F, 0xF0, 0x00, 0x00, 0x01, 
  0xFE, 0x00, 0x00, 0x00, 0x3F, 0xC0, 0x00, 0x00, 0x07, 0xF8, 0x00, 0x00, 0x00, 0xFF, 0x00, 0x00, 
  0x00, 0x1F, 0xE0, 0x00, 0x00, 0x03, 0xFC, 0x00, 0x00, 0x00, 0x7F, 0x80, 0x00, 0x00, 0x0F, 0xF0, 
  0x00, 0x00, 0x01, 0xFE, 0x00, 0x00, 0x00, 0x3F, 0xC0, 0x00, 0x00, 0x07, 0xF8, 0x00, 0x00, 0x00, 
  0xFF, 0x00, 0x00, 0x00, 0x1F, 0xE0, 0x00, 0x00, 0x03, 0xFC, 0x00, 0x00, 0x00, 0x7F, 0x80, 0x00, 
  0x00, 0x0F, 0xF0, 0x00, 0x00, 0x01, 0xFE, 0x00, 0x00, 0x00, 0x3F, 0xC0, 0x00, 0x00, 0x07, 0xF8, 
  0x00, 0x00, 0x00, 0xFF, 0x00, 0x00, 0x00, 0x1F, 0xE0, 0x00, 0x00, 0x03, 0xFC, 0x00, 0x00, 0x00, 
  0x7F, 0x80, 0x00, 0x00, 0x0F, 0xF0, 0x00, 0x00, 0x01, 0xFF, 0xFF, 0xFF, 0xFF, 0xFF, 0xFF, 0xFF, 
  0xFF, 0xFF, 0xFF, 0xFF, 0xFF, 0xFF, 0xFF, 0xFF, 0xFF, 0xFF, 0xFE, 0xFF, 0xFF, 0xFF, 0xFF, 0xFF, 
  0xFF, 0xFF, 0xFF, 0xFF, 0xFF, 0xFF, 0xFF, 0xFF, 0xFF, 0xFF, 0xFF, 0xFF, 0xFF, 0xFF, 0xFF, 0xFF, 
  0xFF, 0xE0, 0x00, 0x00, 0x03, 0xFC, 0x00, 0x00, 0x00, 0x7F, 0x80, 0x00, 0x00, 0x0F, 0xF0, 0x00, 
  0x00, 0x01, 0xFE, 0x00, 0x00, 0x00, 0x3F, 0xC0, 0x00, 0x00, 0x07, 0xF8, 0x00, 0x00, 0x00, 0xFF, 
  0x00, 0x00, 0x00, 0x1F, 0xE0, 0x00, 0x00, 0x03, 0xFC, 0x00, 0x00, 0x00, 0x7F, 0x80, 0x00, 0x00, 
  0x0F, 0xF0, 0x00, 0x00, 0x01, 0xFE, 0x00, 0x00, 0x00, 0x3F, 0xC0, 0x00, 0x00, 0x07, 0xF8, 0x00, 
  0x00, 0x00, 0xFF, 0x00, 0x00, 0x00, 0x1F, 0xE0, 0x00, 0x00, 0x03, 0xFC, 0x00, 0x00, 0x00, 0x7F, 
  0x80, 0x00, 0x00, 0x0F, 0xF0, 0x00, 0x00, 0x01, 0xFE, 0x00, 0x00, 0x00, 0x3F, 0xC0, 0x00, 0x00, 
  0x07, 0xF8, 0x00, 0x00, 0x00, 0xFF, 0x00, 0x00, 0x00, 0x1F, 0xE0, 0x00, 0x00, 0x03, 0xFC, 0x00, 
  0x00, 0x00, 0x7F, 0x80, 0x00, 0x00, 0x0F, 0xF0, 0x00, 0x00, 0x01, 0xFE, 0x00, 0x00, 0x00, 0x3F, 
  0xC0, 0x00, 0x00, 0x07, 0xF8, 0x00, 0x00, 0x00, 0xFF, 0x00, 0x00, 0x00, 0x1F, 0xE0, 0x00, 0x00, 
  0x03, 0xFC, 0x00, 0x00, 0x00, 0x7F, 0x80, 0x00, 0x00, 0x0F, 0xF0, 0x00, 0x00, 0x01, 0xFE, 0x00, 
  0x00, 0x00, 0x3F, 0xC0, 0x00, 0x00, 0x07, 0xF8, 0x00, 0x00, 0x00, 0xFF, 0x00, 0x00, 0x00, 0x1F, 
  0xE0, 0x00, 0x00, 0x03, 0xFC, 0x00, 0x00, 0x00, 0x7F, 0x80, 0x00, 0x00, 0x0F, 0xF0, 0x00, 0x00, 
  0x01, 0xFE, 0x00, 0x00, 0x00, 0x3F, 0xC0, 0x00, 0x00, 0x07, 0xF8, 0x00, 0x00, 0x00, 0xFF, 0x00, 
  0x00, 0x00, 0x1F, 0xE0, 0x00, 0x00, 0x03, 0xFC, 0x00, 0x00, 0x00, 0x7F, 0x80, 0x00, 0x00, 0x0F, 
  0xF0, 0x00, 0x00, 0x01, 0xFF, 0xFF, 0xFF, 0xFF, 0xFF, 0xFF, 0xFF, 0xFF, 0xFF, 0xFF, 0xFF, 0xFF, 
  0xFF, 0xFF, 0xFF, 0xFF, 0xFF, 0xFE, 0xFF, 0xFF, 0xFF, 0xFF, 0xFF, 0xFF, 0xFF, 0xFF, 0xFF, 0xFF, 
  0xFF, 0xFF, 0xFF, 0xFF, 0xFF, 0xFF, 0xFF, 0xFF, 0xFF, 0xFF, 0xFF, 0xFF, 0xE0, 0x00, 0x00, 0x03, 
  0xFC, 0x00, 0x00, 0x00, 0x7F, 0x80, 0x00, 0x00, 0x0F, 0xF0, 0x00, 0x00, 0x01, 0xFE, 0x00, 0x00, 
  0x00, 0x3F, 0xC0, 0x00, 0x00, 0x07, 0xF8, 0x00, 0x00, 0x00, 0xFF, 0x00, 0x00, 0x00, 0x1F, 0xE0, 
  0x00, 0x00, 0x03, 0xFC, 0x00, 0x00, 0x00, 0x7F, 0x80, 0x00, 0x00, 0x0F, 0xF0, 0x00, 0x00, 0x01, 
  0xFE, 0x00, 0x00, 0x00, 0x3F, 0xC0, 0x00, 0x00, 0x07, 0xF8, 0x00, 0x00, 0x00, 0xFF, 0x00, 0x00, 
  0x00, 0x1F, 0xE0, 0x00, 0x00, 0x03, 0xFC, 0x00, 0x00, 0x00, 0x7F, 0x80, 0x00, 0x00, 0x0F, 0xF0, 
  0x00, 0x00, 0x01, 0xFE, 0x00, 0x00, 0x00, 0x3F, 0xC0, 0x00, 0x00, 0x07, 0xF8, 0x00, 0x00, 0x00, 
  0xFF, 0x00, 0x00, 0x00, 0x1F, 0xE0, 0x00, 0x00, 0x03, 0xFC, 0x00, 0x00, 0x00, 0x7F, 0x80, 0x00, 
  0x00, 0x0F, 0xF0, 0x00, 0x00, 0x01, 0xFE, 0x00, 0x00, 0x00, 0x3F, 0xC0, 0x00, 0x00, 0x07, 0xF8, 
  0x00, 0x00, 0x00, 0xFF, 0x00, 0x00, 0x00, 0x1F, 0xE0, 0x00, 0x00, 0x03, 0xFC, 0x00, 0x00, 0x00, 
  0x7F, 0x80, 0x00, 0x00, 0x0F, 0xF0, 0x00, 0x00, 0x01, 0xFE, 0x00, 0x00, 0x00, 0x3F, 0xC0, 0x00, 
  0x00, 0x07, 0xF8, 0x00, 0x00, 0x00, 0xFF, 0x00, 0x00, 0x00, 0x1F, 0xE0, 0x00, 0x00, 0x03, 0xFC, 
  0x00, 0x00, 0x00, 0x7F, 0x80, 0x00, 0x00, 0x0F, 0xF0, 0x00, 0x00, 0x01, 0xFE, 0x00, 0x00, 0x00, 
  0x3F, 0xC0, 0x00, 0x00, 0x07, 0xF8, 0x00, 0x00, 0x00, 0xFF, 0x00, 0x00, 0x00, 0x1F, 0xE0, 0x00, 
  0x00, 0x03, 0xFC, 0x00, 0x00, 0x00, 0x7F, 0x80, 0x00, 0x00, 0x0F, 0xF0, 0x00, 0x00, 0x01, 0xFF, 
  0xFF, 0xFF, 0xFF, 0xFF, 0xFF, 0xFF, 0xFF, 0xFF, 0xFF, 0xFF, 0xFF, 0xFF, 0xFF, 0xFF, 0xFF, 0xFF, 
  0xFE, 0x38, 0x00, 0x00, 0x07, 0x00, 0x07, 0x00, 0x00, 0x01, 0xE0, 0x01, 0xE0, 0x00, 0x00, 0x3C, 
  0x00, 0x3C, 0x00, 0x00, 0x07, 0x80, 0x07, 0xC0, 0x00, 0x00, 0xFE, 0x01, 0xF8, 0x00, 0x00, 0x3F, 
  0xFE, 0x3F, 0x80, 0x00, 0x07, 0xFF, 0xF7, 0xF8, 0x00, 0x00, 0xFF, 0xFF, 0xFF, 0x80, 0x00, 0x1F, 
  0xFF, 0xFF, 0xF8, 0x00, 0x03, 0xFF, 0xFD, 0xFF, 0x80, 0x00, 0x7F, 0xFF, 0xBF, 0xF8, 0x00, 0x0F, 
  0xFF, 0xF7, 0xFF, 0x00, 0x00, 0xFF, 0xFE, 0xFF, 0xF0, 0x00, 0x1F, 0xFF, 0xCF, 0xFF, 0x00, 0x00, 
  0xFF, 0xF8, 0xFF, 0xF0, 0x00, 0x03, 0xFF, 0x0F, 0xFF, 0x00, 0x00, 0x78, 0x01, 0xFF, 0xF0, 0x00, 
  0x1E, 0x00, 0x1F, 0xFF, 0x00, 0x07, 0xC0, 0x01, 0xFF, 0xF0, 0x00, 0xF0, 0x00, 0x1F, 0xFF, 0x00, 
  0x3E, 0x00, 0x01, 0xFF, 0xF0, 0x07, 0x80, 0x00, 0x7F, 0xFF, 0x01, 0xF0, 0x00, 0x1F, 0xFF, 0xF0, 
  0x3C, 0x00, 0x03, 0xDF, 0xFF, 0x0F, 0x80, 0x00, 0xF9, 0xFF, 0xE1, 0xE0, 0x00, 0x1E, 0x1F, 0xFE, 
  0x3C, 0x00, 0x07, 0xC1, 0xFF, 0xEF, 0x80, 0x01, 0xF0, 0x1F, 0xFF, 0xE0, 0x00, 0x3E, 0x03, 0xFF, 
  0xFC, 0x00, 0x0F, 0x80, 0x3F, 0xFF, 0x80, 0x01, 0xF0, 0x03, 0xFF, 0xF0, 0x00, 0x3E, 0x00, 0x3F, 
  0xFE, 0x00, 0x07, 0xC0, 0x03, 0xFF, 0xE0, 0x00, 0xF8, 0x00, 0x3F, 0xFE, 0x00, 0x1F, 0x80, 0x03, 
  0xFF, 0xE0, 0x03, 0xF0, 0x00, 0x3F, 0xFE, 0x00, 0x7E, 0x00, 0x03, 0xFF, 0xC0, 0x0F, 0xE0, 0x00, 
  0x3F, 0xFC, 0x01, 0xFC, 0x00, 0x03, 0xFF, 0xC0, 0x3F, 0xC0, 0x00, 0x3F, 0xFC, 0x07, 0xF8, 0x00, 
  0x03, 0xFF, 0xC0, 0x7F, 0x80, 0x00, 0x7F, 0xFC, 0x0F, 0xF0, 0x00, 0x07, 0xFF, 0xC1, 0xFF, 0x00, 
  0x00, 0x7F, 0xF8, 0x3F, 0xE0, 0x00, 0x07, 0xFF, 0x87, 0xFC, 0x00, 0x00, 0x7F, 0xF0, 0x7F, 0xC0, 
  0x00, 0x07, 0xFE, 0x0F, 0xF8, 0x00, 0x00, 0x7F, 0xC1, 0xFF, 0x00, 0x00, 0x07, 0xFB, 0xFF, 0xE0, 
  0x00, 0x00, 0x7F, 0x7F, 0xFC, 0x00, 0x00, 0x07, 0xEF, 0xFF, 0x80, 0x00, 0x00, 0xFD, 0xFF, 0xE0, 
  0x00, 0x00, 0x0F, 0x3F, 0xFC, 0x00, 0x00, 0x01, 0xC0, 0x00, 0x00, 0x00, 0x00, 0x18, 0x38, 0x00, 
  0x00, 0x00, 0x00, 0x38, 0x00, 0x00, 0x00, 0x00, 0x38, 0x00, 0x00, 0x00, 0x00, 0x3C, 0x00, 0x00, 
  0x00, 0x00, 0x3F, 0x00, 0x00, 0x00, 0x00, 0x7F, 0xFF, 0xFF, 0xFC, 0x00, 0x7F, 0xFF, 0xFF, 0xFF, 
  0x00, 0x7F, 0xFF, 0xFF, 0xFF, 0x80, 0x7F, 0xFF, 0xFF, 0xFF, 0x80, 0x7F, 0xFF, 0xFF, 0xFF, 0xC0, 
  0x7F, 0xFF, 0xFF, 0xFF, 0xC0, 0x7F, 0xFF, 0xFF, 0xFF, 0xE0, 0x3F, 0xFF, 0xFF, 0xFF, 0xE0, 0x3F, 
  0xFF, 0xFF, 0xFF, 0xE0, 0x1F, 0xFF, 0xFF, 0xFF, 0xE0, 0x00, 0x00, 0x00, 0x3F, 0xE0, 0x00, 0x00, 
  0x00, 0x07, 0xE0, 0x00, 0x00, 0x00, 0x03, 0xE0, 0x00, 0x00, 0x00, 0x03, 0xE0, 0x00, 0x00, 0x00, 
  0x03, 0xE0, 0x00, 0x00, 0x00, 0x01, 0xE0, 0x00, 0x00, 0x00, 0x01, 0xE0, 0x00, 0x00, 0x00, 0x01, 
  0xE0, 0x00, 0x00, 0x00, 0x01, 0xE0, 0x00, 0x00, 0x00, 0x01, 0xE0, 0x00, 0x00, 0x00, 0x01, 0xE0, 
  0x00, 0x00, 0x00, 0x01, 0xE0, 0x00, 0x00, 0x00, 0x01, 0xE0, 0x00, 0x00, 0x00, 0x01, 0xE0, 0x00, 
  0x00, 0x00, 0x01, 0xE0, 0x00, 0x00, 0x00, 0x01, 0xE0, 0x00, 0x00, 0x00, 0x01, 0xE0, 0x00, 0x00, 
  0x00, 0x01, 0xE0, 0x00, 0x00, 0x00, 0x01, 0xE0, 0x00, 0x00, 0x00, 0x01, 0xE0, 0x00, 0x00, 0x00, 
  0x01, 0xE0, 0x00, 0x00, 0x00, 0x01, 0xE0, 0x00, 0x00, 0x00, 0x01, 0xE0, 0x00, 0x00, 0x00, 0x01, 
  0xE0, 0x00, 0x00, 0x00, 0x01, 0xE0, 0x00, 0x00, 0x00, 0x01, 0xE0, 0x00, 0x00, 0x00, 0x03, 0xE0, 
  0x00, 0x00, 0x00, 0x03, 0xE0, 0x00, 0x00, 0x00, 0x03, 0xC0, 0x00, 0x00, 0x00, 0x03, 0xC0, 0x3F, 
  0xFF, 0xFF, 0xFF, 0xFF, 0x3F, 0xFF, 0xFF, 0xFF, 0xFF, 0x3F, 0xFF, 0xFF, 0xFF, 0xFF, 0x7F, 0xFF, 
  0xFF, 0xFF, 0xFF, 0x7F, 0xFF, 0xFF, 0xFF, 0xFF, 0x7F, 0xFF, 0xFF, 0xFF, 0xFF, 0x7F, 0xFF, 0xFF, 
  0xFF, 0xFF, 0xFF, 0xFF, 0xFF, 0xFF, 0xFF, 0xFF, 0xFF, 0xFF, 0xFF, 0xFF, 0xFF, 0xFF, 0xFF, 0xFF, 
  0xFF, 0x00, 0xC0, 0x00, 0x00, 0x07, 0x00, 0x00, 0x00, 0x1E, 0x00, 0x00, 0x00, 0x78, 0x00, 0x00, 
  0x01, 0xF8, 0x00, 0x00, 0x07, 0xFF, 0xF0, 0x00, 0x3F, 0xFF, 0xE0, 0x00, 0xFF, 0xFF, 0x80, 0x03, 
  0xFF, 0xFF, 0x00, 0x0F, 0xFF, 0xFC, 0x00, 0x3F, 0xFF, 0xF0, 0x00, 0x7F, 0xFF, 0xC0, 0x01, 0xFF, 
  0xFF, 0x00, 0x07, 0xFF, 0xFC, 0x00, 0x07, 0xFF, 0xF0, 0x00, 0x00, 0x0F, 0xC0, 0x00, 0x00, 0x1F, 
  0x00, 0x00, 0x00, 0x7C, 0x00, 0x00, 0x01, 0xF0, 0x00, 0x00, 0x07, 0xC0, 0x00, 0x00, 0x1F, 0x00, 
  0x00, 0x00, 0x7C, 0x00, 0x00, 0x01, 0xF0, 0x00, 0x00, 0x07, 0xC0, 0x00, 0x00, 0x1F, 0x00, 0x00, 
  0x00, 0x7C, 0x00, 0x00, 0x01, 0xF0, 0x00, 0x00, 0x07, 0xC0, 0x00, 0x00, 0x1F, 0x00, 0x00, 0x00, 
  0x7C, 0x00, 0x00, 0x01, 0xF0, 0x00, 0x00, 0x07, 0xC0, 0x00, 0x00, 0x1F, 0x00, 0x00, 0x00, 0x7C, 
  0x00, 0x00, 0x01, 0xF0, 0x00, 0x00, 0x07, 0xC0, 0x00, 0x00, 0x1F, 0x00, 0x00, 0x00, 0x7C, 0x00, 
  0x00, 0x01, 0xF0, 0x00, 0x00, 0x07, 0xC0, 0x00, 0x00, 0x1F, 0x80, 0x00, 0x00, 0x7E, 0x00, 0x00, 
  0x03, 0xF8, 0x00, 0x00, 0x3F, 0xF0, 0x00, 0x0F, 0xFF, 0xC0, 0xFF, 0xFF, 0xFF, 0x83, 0xFF, 0xFF, 
  0x7E, 0x0F, 0xFF, 0xFD, 0xFC, 0x3F, 0xFF, 0xE3, 0xF1, 0xFF, 0xFF, 0x8F, 0xC7, 0xFF, 0xFC, 0x1F, 
  0x9F, 0xFF, 0xF0, 0x7E, 0x7F, 0xFF, 0x80, 0xFF, 0xFF, 0xFE, 0x03, 0xFF, 0xFF, 0xF0, 0x07, 0x80, 
  0x00, 0x00, 0x18, 0x70, 0x00, 0x00, 0x00, 0x03, 0x80, 0x00, 0x00, 0x00, 0x1C, 0x00, 0x00, 0x00, 
  0x00, 0xF0, 0x00, 0x00, 0x00, 0x0F, 0xE0, 0x00, 0x00, 0x00, 0x7F, 0xFF, 0xFF, 0xFF, 0xFF, 0xFF, 
  0xFF, 0xFF, 0xFF, 0xFF, 0xFF, 0xFF, 0xFF, 0xFF, 0xFF, 0xFF, 0xFF, 0xFF, 0xFF, 0xFF, 0xFF, 0xFF, 
  0xFF, 0xFF, 0xFF, 0xFF, 0xFF, 0xFF, 0xFF, 0xFF, 0xFF, 0xFF, 0xFF, 0xFF, 0xFF, 0xFF, 0xFF, 0xBF, 
  0xFF, 0xFF, 0xFF, 0xFC, 0xFF, 0xFF, 0xFF, 0xFF, 0xE0, 0x00, 0x00, 0x01, 0xC0, 0x00, 0x00, 0x00, 
  0x0F, 0x00, 0x00, 0x00, 0x00, 0x78, 0x00, 0x00, 0x00, 0x03, 0xC0, 0x00, 0x00, 0x00, 0x3E, 0x00, 
  0x00, 0x00, 0x01, 0xF0, 0x00, 0x00, 0x00, 0x0F, 0x80, 0x00, 0x00, 0x00, 0x7C, 0x00, 0x00, 0x00, 
  0x03, 0xE0, 0x00, 0x00, 0x00, 0x1F, 0x00, 0x00, 0x00, 0x00, 0xF8, 0x00, 0x00, 0x00, 0x07, 0xC0, 
  0x00, 0x00, 0x00, 0x3E, 0x00, 0x00, 0x00, 0x01, 0xF0, 0x00, 0x00, 0x00, 0x0F, 0x80, 0x00, 0x00, 
  0x00, 0x7C, 0x00, 0x00, 0x00, 0x03, 0xE0, 0x00, 0x00, 0x00, 0x1F, 0x00, 0x00, 0x00, 0x00, 0xF8, 
  0x00, 0x00, 0x00, 0x07, 0xC0, 0x00, 0x00, 0x00, 0x3E, 0x00, 0x00, 0x00, 0x01, 0xF0, 0x00, 0x00, 
  0x00, 0x0F, 0x80, 0x00, 0x00, 0x00, 0x7C, 0x00, 0x00, 0x00, 0x03, 0xE0, 0x00, 0x00, 0x00, 0x1F, 
  0x00, 0x00, 0x00, 0x00, 0xF8, 0x00, 0x00, 0x00, 0x07, 0xC0, 0x00, 0x00, 0x00, 0x3E, 0x00, 0x00, 
  0x00, 0x01, 0xF0, 0x00, 0x00, 0x00, 0x0F, 0x80, 0x00, 0x00, 0x00, 0x7C, 0x00, 0x00, 0x00, 0x03, 
  0xE0, 0x00, 0x00, 0x00, 0x1F, 0x80, 0x00, 0x00, 0x00, 0xFC, 0x00, 0x00, 0x00, 0x07, 0xE0, 0x00, 
  0x00, 0x00, 0x3F, 0x00, 0x00, 0x00, 0x01, 0xF8, 0x00, 0x00, 0x00, 0x0F, 0x80, 0x00, 0x00, 0x00, 
  0x70, 0x00, 0x00, 0x00, 0x02, 0x00, 0x70, 0x00, 0x00, 0x00, 0x00, 0x70, 0x00, 0x00, 0x00, 0x00, 
  0x70, 0x00, 0x00, 0x00, 0x00, 0xF8, 0x00, 0x00, 0x00, 0x00, 0xFE, 0x00, 0x00, 0x00, 0x00, 0xFF, 
  0xFF, 0xFF, 0xFF, 0xFF, 0xFF, 0xFF, 0xFF, 0xFF, 0xFF, 0xFF, 0xFF, 0xFF, 0xFF, 0xFF, 0xFF, 0xFF, 
  0xFF, 0xFF, 0xFF, 0xFF, 0xFF, 0xFF, 0xFF, 0xFF, 0xFF, 0xFF, 0xFF, 0xFF, 0xFF, 0xFF, 0xFF, 0xFF, 
  0xFF, 0xFF, 0xFF, 0xFF, 0xFF, 0xFF, 0xFF, 0x7F, 0xFF, 0xFF, 0xFF, 0xFF, 0x3F, 0xFF, 0xFF, 0xFF, 
  0xFF, 0x00, 0x00, 0x00, 0x00, 0x1C, 0x00, 0x00, 0x00, 0x00, 0x1C, 0x00, 0x00, 0x00, 0x00, 0x3C, 
  0x00, 0x00, 0x00, 0x00, 0x3C, 0x00, 0x00, 0x00, 0x00, 0x3C, 0x00, 0x00, 0x00, 0x00, 0x3C, 0x00, 
  0x00, 0x00, 0x00, 0x3C, 0x00, 0x00, 0x00, 0x00, 0x3E, 0x00, 0x00, 0x00, 0x00, 0x3E, 0x00, 0x00, 
  0x00, 0x00, 0x3E, 0x00, 0x00, 0x00, 0x00, 0x7E, 0x06, 0x00, 0x00, 0x00, 0x7E, 0x1E, 0x00, 0x00, 
  0x00, 0x7E, 0x3E, 0x00, 0x00, 0x00, 0x7E, 0x3E, 0x00, 0x00, 0x00, 0x7E, 0x3E, 0x00, 0x00, 0x00, 
  0x7E, 0x7E, 0x00, 0x00, 0x00, 0x7E, 0x7E, 0x00, 0x00, 0x00, 0x7E, 0x7E, 0x00, 0x00, 0x00, 0x7E, 
  0x7E, 0x00, 0x00, 0x00, 0x7E, 0x7E, 0x00, 0x00, 0x00, 0x7E, 0x7E, 0x00, 0x00, 0x00, 0x7E, 0x7E, 
  0x00, 0x00, 0x00, 0x7E, 0x7E, 0x00, 0x00, 0x00, 0x7E, 0x7E, 0x00, 0x00, 0x00, 0x7E, 0x7E, 0x00, 
  0x00, 0x00, 0x7E, 0x7E, 0x00, 0x00, 0x00, 0x7E, 0x7E, 0x00, 0x00, 0x00, 0x7E, 0x7E, 0x00, 0x00, 
  0x00, 0x7E, 0x7E, 0x00, 0x00, 0x00, 0x7E, 0x7E, 0x00, 0x00, 0x00, 0x7E, 0x7E, 0x00, 0x00, 0x00, 
  0x7E, 0x7E, 0x00, 0x00, 0x00, 0x7E, 0x7E, 0x00, 0x00, 0x00, 0x7E, 0x7E, 0x00, 0x00, 0x00, 0x7E, 
  0x7E, 0x00, 0x00, 0x00, 0x7E, 0x7E, 0x00, 0x00, 0x00, 0x7E, 0x7E, 0x00, 0x00, 0x00, 0x7E, 0x7C, 
  0x00, 0x00, 0x00, 0x7C, 0x78, 0x00, 0x00, 0x00, 0x78, 0x60, 0x00, 0x00, 0x00, 0x60, 0x70, 0x00, 
  0x1C, 0x00, 0x07, 0x00, 0x01, 0xE0, 0x00, 0x7E, 0x00, 0x3F, 0xFF, 0xCF, 0xFF, 0xFB, 0xFF, 0xFE, 
  0xFF, 0xFF, 0xBF, 0xFF, 0xEF, 0xFF, 0xFB, 0xFF, 0xFE, 0x7F, 0xFF, 0x9F, 0xFF, 0xE3, 0xFF, 0xF8, 
  0x00, 0x7E, 0x00, 0x0F, 0xC0, 0x03, 0xF0, 0x00, 0xFC, 0x00, 0x3F, 0x00, 0x0F, 0xC0, 0x03, 0xF0, 
  0x00, 0xFC, 0x00, 0x3F, 0x00, 0x0F, 0xC0, 0x03, 0xF0, 0x00, 0xFC, 0x00, 0x3F, 0x00, 0x0F, 0xC0, 
  0x03, 0xF0, 0x00, 0xFC, 0x00, 0x3F, 0x00, 0x0F, 0xC0, 0x03, 0xF0, 0x00, 0xFC, 0x00, 0x3F, 0x00, 
  0x0F, 0xC0, 0x03, 0xF0, 0x00, 0xFC, 0x00, 0x3F, 0x00, 0x0F, 0xC0, 0x03, 0xF0, 0x00, 0xFC, 0x00, 
  0x3F, 0x00, 0x0F, 0xC0, 0x03, 0xF0, 0x00, 0xFC, 0x00, 0x3F, 0x00, 0x0F, 0xC0, 0x03, 0xF0, 0x00, 
  0xFC, 0x00, 0x3F, 0x00, 0x0F, 0xC0, 0x03, 0xE0, 0x00, 0xF0, 0x00, 0x30, 0x38, 0x00, 0x0E, 0x00, 
  0x07, 0x80, 0x01, 0xF0, 0x00, 0x7F, 0x00, 0x3F, 0xFF, 0x8F, 0xFF, 0xFB, 0xFF, 0xFF, 0xFF, 0xFF, 
  0xFF, 0xFF, 0xFF, 0xFF, 0xFF, 0xFF, 0xFF, 0x7F, 0xFF, 0xDF, 0xFF, 0xF0, 0xFF, 0xFC, 0x03, 0xFF, 
  0x00, 0xF0, 0x00, 0x7C, 0x00, 0x1E, 0x00, 0x07, 0x80, 0x01, 0xE0, 0x00, 0xF8, 0x00, 0x3E, 0x00, 
  0x0F, 0x80, 0x03, 0xE0, 0x00, 0xF8, 0x00, 0x3E, 0x00, 0x0F, 0x80, 0x07, 0xE0, 0x01, 0xF8, 0x00, 
  0x7E, 0x00, 0x1F, 0x80, 0x07, 0xE0, 0x01, 0xF8, 0x00, 0x7E, 0x00, 0x1F, 0x80, 0x03, 0xE0, 0x00, 
  0xF8, 0x00, 0x3E, 0x00, 0x0F, 0xC0, 0x03, 0xF0, 0x00, 0xFC, 0x00, 0x3F, 0x00, 0x0F, 0xC0, 0x03, 
  0xF8, 0x00, 0x7E, 0x00, 0x1F, 0x80, 0x07, 0xF0, 0x01, 0xFC, 0x00, 0x7F, 0x00, 0x1F, 0xC0, 0x07, 
  0xF8, 0x00, 0xFE, 0x00, 0x3F, 0x00, 0x0F, 0x00, 0x03, 0x00, 0x70, 0x00, 0x00, 0x00, 0x00, 0x1C, 
  0x00, 0x00, 0x00, 0x00, 0x07, 0x00, 0x00, 0x00, 0x00, 0x01, 0xE0, 0x00, 0x00, 0x00, 0x00, 0xFE, 
  0x00, 0x00, 0x00, 0x00, 0x3F, 0xFF, 0xFF, 0xFF, 0xFF, 0xFF, 0xFF, 0xFF, 0xFF, 0xFF, 0xFF, 0xFF, 
  0xFF, 0xFF, 0xFF, 0xFF, 0xFF, 0xFF, 0xFF, 0xFF, 0xFF, 0xFF, 0xFF, 0xFF, 0xFF, 0xFF, 0xFF, 0xFF, 
  0xFF, 0xFF, 0xFF, 0xFF, 0xFF, 0xFF, 0xFF, 0xFF, 0xFF, 0x7F, 0xFF, 0xFF, 0xFF, 0xFF, 0xDF, 0xFF, 
  0xFF, 0xFF, 0xFF, 0xF3, 0xFF, 0xFF, 0xFF, 0xFF, 0xFC, 0x0E, 0x00, 0x00, 0x00, 0x1C, 0x07, 0x80, 
  0x00, 0x00, 0x07, 0x01, 0xE0, 0x00, 0x00, 0x03, 0xC0, 0x78, 0x00, 0x00, 0x00, 0xF0, 0x1E, 0x00, 
  0x00, 0x00, 0x3C, 0x07, 0x80, 0x00, 0x00, 0x0F, 0x01, 0xE0, 0x00, 0x00, 0x03, 0xC0, 0x7C, 0x00, 
  0x00, 0x00, 0xF0, 0x3F, 0x00, 0x00, 0x00, 0x3E, 0x0F, 0xC0, 0x00, 0x00, 0x0F, 0x83, 0xF0, 0x00, 
  0x00, 0x07, 0xE0, 0xFC, 0x00, 0x00, 0x01, 0xF8, 0x3F, 0x00, 0x00, 0x00, 0x7E, 0x0F, 0xC0, 0x00, 
  0x00, 0x1F, 0x83, 0xF0, 0x00, 0x00, 0x07, 0xE0, 0xFC, 0x00, 0x00, 0x01, 0xF8, 0x3F, 0x00, 0x00, 
  0x00, 0x7E, 0x0F, 0xC0, 0x00, 0x00, 0x1F, 0x83, 0xF0, 0x00, 0x00, 0x07, 0xE0, 0xFC, 0x00, 0x00, 
  0x01, 0xF8, 0x3F, 0x00, 0x00, 0x00, 0x7E, 0x0F, 0xC0, 0x00, 0x00, 0x1F, 0x83, 0xF0, 0x00, 0x00, 
  0x07, 0xE0, 0xFC, 0x00, 0x00, 0x01, 0xF8, 0x3F, 0x00, 0x00, 0x00, 0x7E, 0x0F, 0xC0, 0x00, 0x00, 
  0x1F, 0x83, 0xF0, 0x00, 0x00, 0x07, 0xE0, 0xFC, 0x00, 0x00, 0x01, 0xF8, 0x3F, 0x00, 0x00, 0x00, 
  0x7E, 0x0F, 0xC0, 0x00, 0x00, 0x1F, 0x83, 0xF0, 0x00, 0x00, 0x07, 0xE0, 0xFC, 0x00, 0x00, 0x01, 
  0xF8, 0x3F, 0x00, 0x00, 0x00, 0x7E, 0x0F, 0xC0, 0x00, 0x00, 0x1F, 0x83, 0xF0, 0x00, 0x00, 0x07, 
  0xE0, 0xFC, 0x00, 0x00, 0x01, 0xF8, 0x3F, 0x00, 0x00, 0x00, 0x7E, 0x0F, 0xC0, 0x00, 0x00, 0x1F, 
  0x83, 0xE0, 0x00, 0x00, 0x07, 0xC0, 0xF0, 0x00, 0x00, 0x01, 0xE0, 0x30, 0x00, 0x00, 0x00, 0x60, 
  0x38, 0x00, 0x00, 0x00, 0x00, 0x00, 0xE0, 0x00, 0x00, 0x00, 0x00, 0x07, 0x80, 0x00, 0x00, 0x00, 
  0x00, 0x1F, 0x00, 0x00, 0x00, 0x00, 0x00, 0x7F, 0x00, 0x00, 0x01, 0xFE, 0x03, 0xFF, 0xF0, 0x00, 
  0x1F, 0xFC, 0x0F, 0xFF, 0xF0, 0x00, 0xFF, 0xF8, 0x3F, 0xFF, 0xE0, 0x07, 0xFF, 0xF0, 0xFF, 0xFF, 
  0x80, 0x3F, 0xFF, 0xE3, 0xFF, 0xFE, 0x01, 0xFF, 0xFF, 0x8F, 0xFF, 0xF8, 0x07, 0xFF, 0xFF, 0x3F, 
  0xFF, 0xE0, 0x3F, 0xFF, 0xFC, 0x7F, 0xFF, 0x80, 0xFF, 0xFF, 0xF1, 0xFF, 0xFE, 0x03, 0xFF, 0xFF, 
  0xE0, 0xFF, 0xF8, 0x1F, 0x81, 0xFF, 0x80, 0x7F, 0xE0, 0x78, 0x01, 0xFE, 0x01, 0xE0, 0x01, 0xE0, 
  0x03, 0xF8, 0x0F, 0x80, 0x07, 0x00, 0x07, 0xE0, 0x3C, 0x00, 0x1C, 0x00, 0x1F, 0x80, 0xF0, 0x00, 
  0xE0, 0x00, 0x3F, 0x03, 0xC0, 0x03, 0x80, 0x00, 0xFC, 0x1F, 0x00, 0x00, 0x00, 0x03, 0xF0, 0x7C, 
  0x00, 0x00, 0x00, 0x07, 0xC1, 0xF0, 0x00, 0x00, 0x00, 0x1F, 0x07, 0xC0, 0x00, 0x00, 0x00, 0x7C, 
  0x1F, 0x00, 0x00, 0x00, 0x01, 0xF0, 0x7C, 0x00, 0x00, 0x00, 0x07, 0xC3, 0xE0, 0x00, 0x00, 0x00, 
  0x1F, 0x0F, 0x80, 0x00, 0x00, 0x00, 0x78, 0x3E, 0x00, 0x00, 0x00, 0x01, 0xE0, 0xF8, 0x00, 0x00, 
  0x00, 0x07, 0x83, 0xE0, 0x00, 0x00, 0x00, 0x1E, 0x0F, 0xC0, 0x00, 0x00, 0x00, 0xF8, 0x3F, 0x00, 
  0x00, 0x00, 0x03, 0xE0, 0xFC, 0x00, 0x00, 0x00, 0x0F, 0x83, 0xF0, 0x00, 0x00, 0x00, 0x3C, 0x07, 
  0xC0, 0x00, 0x00, 0x01, 0xF0, 0x1F, 0x00, 0x00, 0x00, 0x07, 0xC0, 0x7C, 0x00, 0x00, 0x00, 0x3F, 
  0x01, 0xF8, 0x00, 0x00, 0x00, 0xF8, 0x07, 0xE0, 0x00, 0x00, 0x07, 0xE0, 0x1F, 0x80, 0x00, 0x00, 
  0x3F, 0x80, 0x7E, 0x00, 0x00, 0x01, 0xFE, 0x01, 0xFC, 0x00, 0x00, 0x1F, 0xF0, 0x03, 0xF0, 0x00, 
  0x07, 0xFF, 0xC0, 0x0F, 0xFF, 0xFF, 0xFF, 0xFE, 0x00, 0x3F, 0xFF, 0xFF, 0xFF, 0xF8, 0x00, 0xFF, 
  0xFF, 0xFF, 0xFF, 0xE0, 0x03, 0xFF, 0xFF, 0xFF, 0xFF, 0x00, 0x0F, 0xFF, 0xFF, 0xFF, 0xFC, 0x00, 
  0x3F, 0xFF, 0xFF, 0xFF, 0xE0, 0x00, 0x7F, 0xFF, 0xFF, 0xFF, 0x80, 0x01, 0xFF, 0xFF, 0xFF, 0xFC, 
  0x00, 0x07, 0xFF, 0xFF, 0xFF, 0xE0, 0x00, 0x1F, 0xFF, 0xFF, 0xFE, 0x00, 0x00, 0x70, 0x00, 0x03, 
  0x80, 0x00, 0x1C, 0x00, 0x00, 0xF0, 0x00, 0x07, 0xE0, 0x00, 0x7F, 0xFF, 0xE3, 0xFF, 0xFF, 0x9F, 
  0xFF, 0xFE, 0xFF, 0xFF, 0xF7, 0xFF, 0xFF, 0xBF, 0xFF, 0xFF, 0xFF, 0xFF, 0xF7, 0xFF, 0xFF, 0xBF, 
  0xFF, 0xFC, 0xFF, 0xFF, 0xE0, 0x00, 0xFF, 0x00, 0x03, 0xF0, 0x00, 0x1F, 0x80, 0x00, 0xFC, 0x00, 
  0x07, 0xE0, 0x00, 0x3E, 0x00, 0x01, 0xF0, 0x00, 0x1F, 0x00, 0x01, 0xF8, 0x00, 0x0F, 0x80, 0x00, 
  0xFC, 0x00, 0x0F, 0xC0, 0x00, 0xFC, 0x00, 0x0F, 0xC0, 0x00, 0xFC, 0x00, 0x07, 0xE0, 0x00, 0x1E, 
  0x00, 0x00, 0x60, 0x00, 0x02, 0x00, 0x00, 0x70, 0x00, 0x00, 0x00, 0x07, 0x00, 0x00, 0x00, 0x00, 
  0x70, 0x00, 0x00, 0x00, 0x07, 0x80, 0x00, 0x00, 0x00, 0xFE, 0x00, 0x00, 0x00, 0x0F, 0xFF, 0xFF, 
  0xFF, 0xFE, 0xFF, 0xFF, 0xFF, 0xFF, 0xFF, 0xFF, 0xFF, 0xFF, 0xFF, 0xFF, 0xFF, 0xFF, 0xFF, 0xFF, 
  0xFF, 0xFF, 0xFF, 0xFF, 0xFF, 0xFF, 0xFF, 0xFF, 0xFF, 0xFF, 0xFF, 0xFF, 0xFF, 0xFF, 0xFF, 0xFF, 
  0xFF, 0xF7, 0xFF, 0xFF, 0xFF, 0xFF, 0x3F, 0xFF, 0xFF, 0xFF, 0xE0, 0x00, 0x00, 0x00, 0x1E, 0x00, 
  0x00, 0x00, 0x03, 0xE0, 0x00, 0x00, 0x00, 0x3C, 0x00, 0x00, 0x00, 0x03, 0xC0, 0x00, 0x00, 0x00, 
  0x3C, 0x00, 0x00, 0x00, 0x07, 0xC0, 0x00, 0x00, 0x00, 0x7C, 0x00, 0x00, 0x00, 0x07, 0xC0, 0x00, 
  0x00, 0x00, 0x7C, 0x00, 0x00, 0x00, 0x07, 0xC0, 0x00, 0x00, 0x00, 0x7C, 0x00, 0x00, 0x00, 0x07, 
  0xC0, 0x00, 0x00, 0x00, 0x7C, 0x00, 0x00, 0x00, 0x07, 0xC0, 0x00, 0x00, 0x00, 0x7C, 0x00, 0x00, 
  0x00, 0x07, 0xC0, 0x00, 0x00, 0x00, 0x7C, 0x00, 0x00, 0x00, 0x07, 0xC0, 0x00, 0x00, 0x00, 0x7C, 
  0x00, 0x00, 0x00, 0x07, 0xC0, 0x00, 0x00, 0x00, 0x7C, 0x00, 0x00, 0x00, 0x07, 0xC0, 0x00, 0x00, 
  0x00, 0x7C, 0x00, 0x00, 0x00, 0x07, 0xC0, 0x00, 0x00, 0x00, 0x7C, 0x00, 0x00, 0x00, 0x07, 0xC0, 
  0x00, 0x00, 0x00, 0x7C, 0x00, 0x00, 0x00, 0x07, 0xC0, 0x00, 0x00, 0x00, 0x7C, 0x00, 0x00, 0x00, 
  0x07, 0xC0, 0x00, 0x00, 0x00, 0x7C, 0x00, 0x00, 0x00, 0x07, 0xC0, 0x00, 0x00, 0x00, 0x7C, 0x00, 
  0x00, 0x00, 0x07, 0xC0, 0x00, 0x00, 0x00, 0x7C, 0x00, 0x00, 0x00, 0x07, 0xC0, 0x00, 0x00, 0x00, 
  0x7C, 0x00, 0x00, 0x00, 0x07, 0xC0, 0x00, 0x00, 0x00, 0x7C, 0x00, 0x00, 0x00, 0x07, 0xC0, 0x00, 
  0x00, 0x00, 0x7C, 0x00, 0x00, 0x00, 0x07, 0xC0, 0x00, 0x00, 0x00, 0x7C, 0x00, 0x00, 0x00, 0x07, 
  0xC0, 0x00, 0x00, 0x00, 0x7C, 0x00, 0x00, 0x00, 0x07, 0xC0, 0x00, 0x00, 0x00, 0x7C, 0x00, 0x00, 
  0x00, 0x07, 0xC0, 0x00, 0x00, 0x00, 0x7C, 0x00, 0x00, 0x00, 0x07, 0xC0, 0x00, 0x00, 0x00, 0x7C, 
  0x00, 0x00, 0x00, 0x07, 0xC0, 0x00, 0x00, 0x00, 0x7E, 0x00, 0x00, 0x00, 0x07, 0xE0, 0x00, 0x00, 
  0x00, 0x7E, 0x00, 0x00, 0x00, 0x07, 0xE0, 0x00, 0x00, 0x00, 0x7E, 0x00, 0x00, 0x00, 0x07, 0xC0, 
  0x00, 0x00, 0x00, 0x78, 0x00, 0x00, 0x00, 0x07, 0x00, 0x38, 0x00, 0x00, 0x00, 0x00, 0xE0, 0x00, 
  0x00, 0x00, 0x03, 0x80, 0x00, 0x00, 0x00, 0x1F, 0x00, 0x00, 0x00, 0x00, 0x7F, 0x00, 0x00, 0x00, 
  0x01, 0xFF, 0xFF, 0xFF, 0xE0, 0x07, 0xFF, 0xFF, 0xFF, 0xF0, 0x1F, 0xFF, 0xFF, 0xFF, 0xE0, 0x7F, 
  0xFF, 0xFF, 0xFF, 0xC1, 0xFF, 0xFF, 0xFF, 0xFF, 0x87, 0xFF, 0xFF, 0xFF, 0xFF, 0x1F, 0xFF, 0xFF, 
  0xFF, 0xFC, 0x7F, 0xFF, 0xFF, 0xFF, 0xF8, 0xFF, 0xFF, 0xFF, 0xFF, 0xE1, 0xFF, 0xFF, 0xFF, 0xFF, 
  0x80, 0x00, 0x00, 0x07, 0xFF, 0x00, 0x00, 0x00, 0x07, 0xFC, 0x00, 0x00, 0x00, 0x07, 0xF0, 0x00, 
  0x00, 0x00, 0x1F, 0xC0, 0x00, 0x00, 0x00, 0x3F, 0x00, 0x00, 0x00, 0x00, 0xFC, 0x00, 0x00, 0x00, 
  0x01, 0xF0, 0x00, 0x00, 0x00, 0x07, 0xC0, 0x00, 0x00, 0x00, 0x1F, 0x00, 0x00, 0x00, 0x00, 0x7C, 
  0x00, 0x00, 0x00, 0x01, 0xF0, 0x00, 0x00, 0x00, 0x07, 0xC0, 0x00, 0x00, 0x00, 0x1F, 0x00, 0x00, 
  0x00, 0x00, 0x7C, 0x00, 0x00, 0x00, 0x01, 0xF0, 0x00, 0x00, 0x00, 0x07, 0xC0, 0x00, 0x00, 0x00, 
  0x1F, 0x00, 0x00, 0x00, 0x00, 0x7C, 0x00, 0x00, 0x00, 0x01, 0xF0, 0x00, 0x00, 0x00, 0x07, 0xC0, 
  0x00, 0x00, 0x00, 0x1F, 0x00, 0x00, 0x00, 0x00, 0x7C, 0x00, 0x00, 0x00, 0x01, 0xF0, 0x00, 0x00, 
  0x00, 0x0F, 0xC0, 0x00, 0x00, 0x00, 0x3F, 0x00, 0x00, 0x00, 0x00, 0xFC, 0x00, 0x00, 0x00, 0x07, 
  0xF0, 0x00, 0x00, 0x00, 0x3F, 0x80, 0x00, 0x00, 0x03, 0xFE, 0x00, 0x00, 0x03, 0xFF, 0xF8, 0xFF, 
  0xFF, 0xFF, 0xFF, 0xE3, 0xFF, 0xFF, 0xFF, 0xFF, 0x0F, 0xFF, 0xFF, 0xFF, 0xFC, 0x7F, 0xFF, 0xFF, 
  0xFF, 0xF1, 0xFF, 0xFF, 0xFF, 0xFF, 0x87, 0xFF, 0xFF, 0xFF, 0xFC, 0x1F, 0xFF, 0xFF, 0xFF, 0xF0, 
  0xFF, 0xFF, 0xFF, 0xFF, 0x03, 0xFF, 0xFF, 0xFF, 0xF8, 0x0F, 0xFF, 0xFF, 0xFF, 0x80, 0x00, 0x60, 
  0x00, 0x00, 0x00, 0x03, 0x00, 0x00, 0x00, 0x00, 0x1C, 0x00, 0x00, 0x00, 0x01, 0xFE, 0x00, 0x00, 
  0x00, 0x0F, 0xFC, 0x00, 0x00, 0x00, 0x7F, 0xE0, 0x00, 0x00, 0x03, 0xFF, 0x80, 0x00, 0x00, 0x1F, 
  0xFC, 0x00, 0x00, 0x00, 0xFF, 0xC0, 0x00, 0x00, 0x03, 0xFE, 0x00, 0x00, 0x00, 0x01, 0xF0, 0x00, 
  0x00, 0x00, 0x07, 0x80, 0x00, 0x00, 0x00, 0x38, 0x00, 0x00, 0x00, 0x03, 0xC0, 0x00, 0x00, 0x00, 
  0x1E, 0x00, 0x00, 0x00, 0x00, 0xF0, 0x00, 0x00, 0x00, 0x0F, 0x00, 0x00, 0x00, 0x00, 0x78, 0x00, 
  0x00, 0x00, 0x03, 0xC0, 0x00, 0x00, 0x00, 0x1E, 0x00, 0x00, 0x00, 0x01, 0xE0, 0x00, 0x00, 0x00, 
  0x0F, 0x00, 0x00, 0x00, 0x00, 0x7C, 0x00, 0x00, 0x00, 0x03, 0xF0, 0x00, 0x00, 0x00, 0x3F, 0xFF, 
  0xFF, 0xFF, 0xC1, 0xFF, 0xFF, 0xFF, 0xFF, 0x0F, 0xFF, 0xFF, 0xFF, 0xFC, 0x7F, 0xFF, 0xFF, 0xFF, 
  0xF3, 0xFF, 0xFF, 0xFF, 0xFF, 0x9F, 0xFF, 0xFF, 0xFF, 0xFC, 0xFF, 0xFF, 0xFF, 0xFF, 0xE7, 0xFF, 
  0xFF, 0xFF, 0xFF, 0x1F, 0xFF, 0xFF, 0xFF, 0xF8, 0x7F, 0xFF, 0xFF, 0xFF, 0xC0, 0x00, 0x00, 0x00, 
  0x7E, 0x00, 0x00, 0x00, 0x01, 0xF0, 0x00, 0x00, 0x00, 0x07, 0x80, 0x00, 0x00, 0x00, 0x3C, 0x00, 
  0x00, 0x00, 0x01, 0xE0, 0x00, 0x00, 0x00, 0x0F, 0x00, 0x00, 0x00, 0x00, 0x78, 0x00, 0x00, 0x00, 
  0x03, 0xC0, 0x00, 0x00, 0x00, 0x1E, 0x00, 0x00, 0x00, 0x00, 0xF0, 0x00, 0x00, 0x00, 0x07, 0x80, 
  0x00, 0x00, 0x00, 0x7C, 0x00, 0x00, 0x00, 0x03, 0xE0, 0x00, 0x00, 0x00, 0x3F, 0x00, 0x00, 0x00, 
  0x03, 0xF0, 0x00, 0x00, 0x00, 0x3F, 0x80, 0x00, 0x00, 0x03, 0xF8, 0x00, 0x00, 0x00, 0x3F, 0x80, 
  0x00, 0x00, 0x03, 0xF8, 0x00, 0x00, 0x00, 0x3F, 0x80, 0x00, 0x00, 0x03, 0xF8, 0x00, 0x00, 0x00, 
  0x3F, 0x80, 0x00, 0x00, 0x03, 0xF8, 0x00, 0x00, 0x00, 0x3F, 0x80, 0x00, 0x00, 0x01, 0xF8, 0x00, 
  0x00, 0x00, 0x1F, 0x80, 0x00, 0x00, 0x01, 0xF8, 0x00, 0x00, 0x00, 0x1F, 0x80, 0x00, 0x00, 0x01, 
  0xF8, 0x00, 0x00, 0x00, 0x1F, 0x80, 0x00, 0x00, 0x01, 0xF8, 0x00, 0x00, 0x00, 0x0F, 0xC0, 0x00, 
  0x00, 0x00, 0x7E, 0x00, 0x00, 0x00, 0x03, 0xF0, 0x00, 0x00, 0x00, 0x1F, 0x80, 0x00, 0x00, 0x00, 
  0xFC, 0x00, 0x00, 0x00, 0x07, 0xE0, 0x00, 0x00, 0x00, 0x3F, 0x00, 0x00, 0x00, 0x01, 0xF0, 0x00, 
  0x00, 0x00, 0x0F, 0x80, 0x00, 0x00, 0x00, 0x18, 0x00, 0x00, 0x70, 0x00, 0x00, 0x00, 0x00, 0xE0, 
  0x00, 0x00, 0x00, 0x01, 0xC0, 0x00, 0x00, 0x00, 0x03, 0xC0, 0x00, 0x00, 0x00, 0x0F, 0xE0, 0x00, 
  0x00, 0x00, 0x1F, 0xFF, 0xFF, 0xFF, 0xF0, 0x3F, 0xFF, 0xFF, 0xFF, 0xF8, 0x7F, 0xFF, 0xFF, 0xFF, 
  0xF8, 0xFF, 0xFF, 0xFF, 0xFF, 0xF9, 0xFF, 0xFF, 0xFF, 0xFF, 0xF3, 0xFF, 0xFF, 0xFF, 0xFF, 0xF7, 
  0xFF, 0xFF, 0xFF, 0xFF, 0xEF, 0xFF, 0xFF, 0xFF, 0xFF, 0xCF, 0xFF, 0xFF, 0xFF, 0xFF, 0x8F, 0xFF, 
  0xFF, 0xFF, 0xFF, 0x07, 0xC0, 0x00, 0x03, 0xFF, 0x0F, 0x00, 0x00, 0x01, 0xFE, 0x3C, 0x00, 0x00, 
  0x01, 0xFC, 0xF8, 0x00, 0x00, 0x01, 0xF9, 0xE0, 0x00, 0x00, 0x03, 0xF7, 0xC0, 0x00, 0x00, 0x07, 
  0xEF, 0x00, 0x00, 0x00, 0x07, 0xFE, 0x00, 0x00, 0x00, 0x0F, 0xFC, 0x00, 0x00, 0x00, 0x1F, 0xF8, 
  0x00, 0x00, 0x00, 0x3F, 0xF0, 0x00, 0x00, 0x00, 0x7F, 0xC0, 0x00, 0x00, 0x00, 0xFF, 0x80, 0x00, 
  0x00, 0x01, 0xFF, 0x00, 0x00, 0x00, 0x03, 0xFE, 0x00, 0x00, 0x00, 0x07, 0xFC, 0x00, 0x00, 0x00, 
  0x0F, 0xF8, 0x00, 0x00, 0x00, 0x1F, 0xF0, 0x00, 0x00, 0x00, 0x3F, 0xE0, 0x00, 0x00, 0x00, 0x7F, 
  0xC0, 0x00, 0x00, 0x00, 0xFF, 0x80, 0x00, 0x00, 0x01, 0xFF, 0x00, 0x00, 0x00, 0x03, 0xFE, 0x00, 
  0x00, 0x00, 0x07, 0xFC, 0x00, 0x00, 0x00, 0x0F, 0xF8, 0x00, 0x00, 0x00, 0x1F, 0xF0, 0x00, 0x00, 
  0x00, 0x3F, 0xE0, 0x00, 0x00, 0x00, 0xFF, 0xC0, 0x00, 0x00, 0x01, 0xFF, 0x80, 0x00, 0x00, 0x07, 
  0xFF, 0x00, 0x00, 0x00, 0x3F, 0xFF, 0xFF, 0xFF, 0xFF, 0xFF, 0xFF, 0xFF, 0xFF, 0xFF, 0xFF, 0xFF, 
  0xFF, 0xFF, 0xFF, 0xFF, 0xFF, 0xFF, 0xFF, 0xFF, 0xFF, 0xFF, 0xFF, 0xFF, 0xFF, 0xFF, 0xFF, 0xFF, 
  0xFF, 0xFF, 0xF7, 0xFF, 0xFF, 0xFF, 0xFF, 0xEF, 0xFF, 0xFF, 0xFF, 0xFF, 0xCF, 0xFF, 0xFF, 0xFF, 
  0xFF, 0x0F, 0xFF, 0xFF, 0xFF, 0xF8, 0x00, 0x60, 0x00, 0x00, 0x00, 0x00, 0x03, 0x00, 0x00, 0x00, 
  0x00, 0x00, 0x3C, 0x00, 0x00, 0x00, 0x00, 0x01, 0xE0, 0x00, 0x00, 0x00, 0x00, 0x0F, 0xE0, 0x00, 
  0x3F, 0x00, 0x00, 0x7F, 0xFC, 0x03, 0xFF, 0xC0, 0x03, 0xFF, 0xF0, 0x1F, 0xFF, 0x80, 0x1F, 0xFF, 
  0x81, 0xFF, 0xFF, 0x00, 0xFF, 0xFC, 0x1F, 0xFF, 0xFC, 0x07, 0xFF, 0xF1, 0xFF, 0xFF, 0xF0, 0x3F, 
  0xFF, 0x9F, 0xFF, 0xFF, 0xC1, 0xFF, 0xFD, 0xFF, 0xFF, 0xFF, 0x0F, 0xFF, 0xFF, 0xFF, 0xFF, 0xF8, 
  0x3F, 0xFF, 0xFF, 0xFF, 0xFF, 0xE0, 0xFF, 0xFF, 0xFF, 0x1F, 0xFF, 0x00, 0x07, 0xFF, 0x00, 0x0F, 
  0xFC, 0x00, 0x1F, 0xE0, 0x00, 0x3F, 0xE0, 0x01, 0xFE, 0x00, 0x00, 0xFF, 0x00, 0x0F, 0xE0, 0x00, 
  0x03, 0xFC, 0x00, 0xFC, 0x00, 0x00, 0x0F, 0xE0, 0x07, 0xE0, 0x00, 0x00, 0x3F, 0x00, 0x7E, 0x00, 
  0x00, 0x01, 0xF8, 0x03, 0xE0, 0x00, 0x00, 0x07, 0xC0, 0x3E, 0x00, 0x00, 0x00, 0x3F, 0x01, 0xF0, 
  0x00, 0x00, 0x01, 0xF8, 0x1F, 0x00, 0x00, 0x00, 0x0F, 0xC0, 0xF8, 0x00, 0x00, 0x00, 0x3E, 0x07, 
  0x80, 0x00, 0x00, 0x01, 0xF0, 0x7C, 0x00, 0x00, 0x00, 0x0F, 0x83, 0xE0, 0x00, 0x00, 0x00, 0x7C, 
  0x1E, 0x00, 0x00, 0x00, 0x03, 0xE1, 0xF0, 0x00, 0x00, 0x00, 0x1F, 0x0F, 0x80, 0x00, 0x00, 0x00, 
  0xF8, 0x7C, 0x00, 0x00, 0x00, 0x07, 0xC3, 0xE0, 0x00, 0x00, 0x00, 0x3E, 0x1F, 0x00, 0x00, 0x00, 
  0x01, 0xF0, 0xF0, 0x00, 0x00, 0x00, 0x0F, 0x8F, 0x80, 0x00, 0x00, 0x00, 0x7C, 0x7C, 0x00, 0x00, 
  0x00, 0x03, 0xE3, 0xE0, 0x00, 0x00, 0x00, 0x1F, 0x1F, 0x00, 0x00, 0x00, 0x00, 0xF8, 0xF8, 0x00, 
  0x00, 0x00, 0x07, 0x87, 0xC0, 0x00, 0x00, 0x00, 0x7C, 0x3C, 0x00, 0x00, 0x00, 0x03, 0xE3, 0xE0, 
  0x00, 0x00, 0x00, 0xFF, 0x1F, 0x00, 0x3F, 0xFF, 0xFF, 0xF8, 0xF8, 0x01, 0xFF, 0xFF, 0xFF, 0xC7, 
  0xC0, 0x0F, 0xFF, 0xFF, 0xFE, 0x3E, 0x00, 0x7F, 0xFF, 0xFF, 0xE1, 0xF0, 0x03, 0xFF, 0xFF, 0xFF, 
  0x0F, 0x00, 0x1F, 0xFF, 0xFF, 0xF8, 0xF8, 0x00, 0xFF, 0xFF, 0xFF, 0xC7, 0xC0, 0x0F, 0xFF, 0xFF, 
  0xFE, 0x3E, 0x00, 0x7F, 0xFF, 0xFF, 0xF1, 0xF0, 0x03, 0xFF, 0xFF, 0xFF, 0x00, 0x70, 0x00, 0x38, 
  0x00, 0x1C, 0x00, 0x0F, 0x00, 0x07, 0xE0, 0x07, 0xFF, 0xFB, 0xFF, 0xFF, 0xFF, 0xFF, 0xFF, 0xFF, 
  0xFF, 0xFF, 0xFF, 0xFF, 0xFF, 0xFF, 0xF7, 0xFF, 0xFB, 0xFF, 0xFC, 0xFF, 0xFE, 0x00, 0x1E, 0x00, 
  0x0F, 0x00, 0x0F, 0x00, 0x07, 0x80, 0x03, 0xC0, 0x01, 0xE0, 0x01, 0xF0, 0x00, 0xF8, 0x00, 0x7C, 
  0x00, 0x3E, 0x00, 0x1F, 0x00, 0x0F, 0x80, 0x07, 0xC0, 0x03, 0xE0, 0x01, 0xF0, 0x00, 0xF8, 0x00, 
  0x7C, 0x00, 0x3E, 0x00, 0x1F, 0x00, 0x0F, 0x80, 0x07, 0xC0, 0x03, 0xE0, 0x01, 0xF0, 0x00, 0xF8, 
  0x00, 0x7C, 0x00, 0x3E, 0x00, 0x1F, 0x00, 0x0F, 0x80, 0x07, 0xC0, 0x03, 0xE0, 0x01, 0xF0, 0x00, 
  0xF8, 0x00, 0x7C, 0x00, 0x3E, 0x00, 0x1F, 0x00, 0x0F, 0x80, 0x07, 0xC0, 0x03, 0xE0, 0x01, 0xF0, 
  0x00, 0xF8, 0x00, 0x7C, 0x00, 0x3F, 0x00, 0x1F, 0x80, 0x0F, 0xC0, 0x07, 0xE0, 0x03, 0xF0, 0x01, 
  0xF8, 0x00, 0xFC, 0x00, 0x7E, 0x00, 0x3F, 0x00, 0x1F, 0x80, 0x0F, 0xC0, 0x07, 0xE0, 0x03, 0xF0, 
  0x01, 0xF8, 0x00, 0xFC, 0x00, 0x7E, 0x00, 0x3F, 0x00, 0x1E, 0x00, 0x0E, 0x00, 0x01, 0x80, 0x00, 
  0x03, 0x80, 0x00, 0x03, 0xC0, 0x00, 0x03, 0xC0, 0x00, 0x03, 0xF0, 0x00, 0x03, 0xFF, 0xF8, 0x07, 
  0xFF, 0xFC, 0x07, 0xFF, 0xFE, 0x07, 0xFF, 0xFE, 0x07, 0xFF, 0xFF, 0x07, 0xFF, 0xFF, 0x03, 0xFF, 
  0xFF, 0x03, 0xFF, 0xFF, 0x03, 0xFF, 0xFF, 0x01, 0xFF, 0xFF, 0x00, 0x00, 0xFF, 0x00, 0x00, 0x3F, 
  0x00, 0x00, 0x1F, 0x00, 0x00, 0x1F, 0x00, 0x00, 0x1F, 0x00, 0x00, 0x1F, 0x00, 0x00, 0x1F, 0x00, 
  0x00, 0x1F, 0x00, 0x00, 0x1F, 0x00, 0x00, 0x1F, 0x00, 0x00, 0x1F, 0x00, 0x00, 0x1F, 0x00, 0x00, 
  0x1F, 0x00, 0x00, 0x1F, 0x00, 0x00, 0x1F, 0x00, 0x00, 0x1F, 0x00, 0x00, 0x1F, 0x00, 0x00, 0x1F, 
  0x00, 0x00, 0x1F, 0x00, 0x00, 0x1F, 0x00, 0x00, 0x1F, 0x00, 0x00, 0x1F, 0x00, 0x00, 0x1F, 0x00, 
  0x00, 0x1F, 0x00, 0x00, 0x1F, 0x00, 0x00, 0x1F, 0x00, 0x00, 0x1F, 0x00, 0x00, 0x1F, 0x00, 0x00, 
  0x3F, 0x00, 0x01, 0xFF, 0x3F, 0xFF, 0xFF, 0x3F, 0xFF, 0xFF, 0x3F, 0xFF, 0xFF, 0x3F, 0xFF, 0xFF, 
  0x7F, 0xFF, 0xFF, 0x7F, 0xFF, 0xFE, 0x7F, 0xFF, 0xFE, 0x7F, 0xFF, 0xFC, 0xFF, 0xFF, 0xF8, 0xFF, 
  0xFF, 0xE0, 0x30, 0x00, 0x00, 0x00, 0x00, 0x38, 0x00, 0x00, 0x00, 0x00, 0x1E, 0x00, 0x00, 0x00, 
  0x00, 0x0F, 0x00, 0x00, 0x00, 0x00, 0x07, 0xE0, 0x00, 0x00, 0x00, 0x03, 0xFF, 0xFF, 0xFF, 0xFC, 
  0x01, 0xFF, 0xFF, 0xFF, 0xFF, 0x81, 0xFF, 0xFF, 0xFF, 0xFF, 0xE0, 0xFF, 0xFF, 0xFF, 0xFF, 0xF8, 
  0x7F, 0xFF, 0xFF, 0xFF, 0xFE, 0x1F, 0xFF, 0xFF, 0xFF, 0xFF, 0x0F, 0xFF, 0xFF, 0xFF, 0xFF, 0xC7, 
  0xFF, 0xFF, 0xFF, 0xFF, 0xE1, 0xFF, 0xFF, 0xFF, 0xFF, 0xF8, 0x7F, 0xFF, 0xFF, 0xFF, 0xFC, 0x07, 
  0x00, 0x00, 0x0F, 0xFE, 0x07, 0x80, 0x00, 0x00, 0xFF, 0x03, 0x80, 0x00, 0x00, 0x3F, 0xC3, 0xC0, 
  0x00, 0x00, 0x0F, 0xE1, 0xC0, 0x00, 0x00, 0x03, 0xF0, 0xE0, 0x00, 0x00, 0x01, 0xF8, 0xF0, 0x00, 
  0x00, 0x00, 0x7C, 0x78, 0x00, 0x00, 0x00, 0x3E, 0x78, 0x00, 0x00, 0x00, 0x1F, 0x3C, 0x00, 0x00, 
  0x00, 0x0F, 0x9E, 0x00, 0x00, 0x00, 0x07, 0xDF, 0x00, 0x00, 0x00, 0x01, 0xEF, 0x80, 0x00, 0x00, 
  0x00, 0xF7, 0xC0, 0x00, 0x00, 0x00, 0x7B, 0xE0, 0x00, 0x00, 0x00, 0x3D, 0xF0, 0x00, 0x00, 0x00, 
  0x1E, 0xF8, 0x00, 0x00, 0x00, 0x0F, 0x7C, 0x00, 0x00, 0x00, 0x0F, 0xBE, 0x00, 0x00, 0x00, 0x07, 
  0xDF, 0x00, 0x00, 0x00, 0x03, 0xEF, 0x80, 0x00, 0x00, 0x01, 0xF7, 0xC0, 0x00, 0x00, 0x00, 0xF3, 
  0xF0, 0x00, 0x00, 0x00, 0xF9, 0xF8, 0x00, 0x00, 0x00, 0x7C, 0xFC, 0x00, 0x00, 0x00, 0x7E, 0x3F, 
  0x00, 0x00, 0x00, 0x7F, 0x1F, 0xC0, 0x00, 0x00, 0x3F, 0x0F, 0xF0, 0x00, 0x00, 0x3F, 0x87, 0xFC, 
  0x00, 0x00, 0x7F, 0xC1, 0xFF, 0x80, 0x00, 0xFF, 0xC0, 0xFF, 0xFF, 0x1F, 0xFF, 0xE0, 0x3F, 0xFF, 
  0xFF, 0xFF, 0xE0, 0x1F, 0xFF, 0xFF, 0xFF, 0xF0, 0x07, 0xFF, 0xFF, 0xFF, 0xF0, 0x03, 0xFF, 0xFF, 
  0xFF, 0xF0, 0x00, 0xFF, 0xFF, 0xFF, 0xF0, 0x00, 0x3F, 0xFF, 0xFF, 0xF0, 0x00, 0x07, 0xFF, 0xFF, 
  0xF0, 0x00, 0x01, 0xFF, 0xFF, 0xE0, 0x00, 0x00, 0x3F, 0xFF, 0xC0, 0x00, 0x00, 0x01, 0xFC, 0x00, 
  0x00, 0x38, 0x00, 0x00, 0x30, 0x00, 0x1C, 0x00, 0x00, 0x38, 0x00, 0x1E, 0x00, 0x00, 0x1E, 0x00, 
  0x0F, 0x80, 0x00, 0x0F, 0x00, 0x07, 0xF0, 0x00, 0x0F, 0xE0, 0x03, 0xFF, 0xE0, 0x07, 0xFF, 0xE3, 
  0xFF, 0xFC, 0x03, 0xFF, 0xF9, 0xFF, 0xFF, 0x01, 0xFF, 0xFE, 0xFF, 0xFF, 0x80, 0xFF, 0xFF, 0xFF, 
  0xFF, 0xE0, 0x7F, 0xFF, 0xFF, 0xFF, 0xF0, 0x3F, 0xFF, 0xCF, 0xFF, 0xF8, 0x1F, 0xFF, 0xE7, 0xFF, 
  0xF8, 0x07, 0xFF, 0xF1, 0xFF, 0xFC, 0x03, 0xFF, 0xF8, 0x3F, 0xFE, 0x00, 0x7F, 0xFC, 0x03, 0xFF, 
  0x00, 0x00, 0x3E, 0x01, 0xE0, 0x00, 0x00, 0x1F, 0x00, 0xF0, 0x00, 0x00, 0x0F, 0x00, 0x78, 0x00, 
  0x00, 0x0F, 0x80, 0x3C, 0x00, 0x00, 0x07, 0xC0, 0x1E, 0x00, 0x00, 0x03, 0xC0, 0x0F, 0x00, 0x00, 
  0x03, 0xE0, 0x07, 0xC0, 0x00, 0x01, 0xF0, 0x03, 0xE0, 0x00, 0x01, 0xF8, 0x01, 0xF0, 0x00, 0x00, 
  0xF8, 0x00, 0x7C, 0x00, 0x00, 0x7C, 0x00, 0x3E, 0x00, 0x00, 0x7C, 0x00, 0x1F, 0x80, 0x00, 0x7E, 
  0x00, 0x0F, 0xC0, 0x00, 0x3F, 0x00, 0x03, 0xF0, 0x00, 0x3F, 0x00, 0x01, 0xF8, 0x00, 0x3F, 0x80, 
  0x00, 0xFE, 0x00, 0x1F, 0x80, 0x00, 0x3F, 0x00, 0x1F, 0xC0, 0x00, 0x1F, 0xC0, 0x1F, 0xC0, 0x00, 
  0x07, 0xE0, 0x1F, 0xE0, 0x00, 0x03, 0xF8, 0x0F, 0xE0, 0x00, 0x00, 0xFC, 0x0F, 0xF0, 0x00, 0x00, 
  0x7F, 0x0F, 0xF0, 0x00, 0x00, 0x1F, 0x8F, 0xF0, 0x00, 0x00, 0x0F, 0xEF, 0xF8, 0x00, 0x00, 0x03, 
  0xFF, 0xF8, 0x00, 0x00, 0x01, 0xFF, 0xF8, 0x00, 0x00, 0x00, 0xFF, 0xFC, 0x00, 0x00, 0x00, 0x7F, 
  0xFC, 0x00, 0x00, 0x00, 0xFF, 0xFC, 0x00, 0x00, 0x00, 0xFF, 0xFC, 0x00, 0x00, 0x01, 0xFF, 0xFC, 
  0x00, 0x00, 0x03, 0xFF, 0xFC, 0x00, 0x00, 0x07, 0xFF, 0xFC, 0x00, 0x00, 0x0F, 0xFF, 0xFC, 0x00, 
  0x00, 0x1F, 0xFF, 0xFC, 0x00, 0x00, 0x0F, 0xFF, 0xFC, 0x00, 0x00, 0x07, 0xFF, 0xFC, 0x00, 0x00, 
  0x03, 0xFF, 0xF8, 0x00, 0x00, 0x01, 0xFF, 0xF8, 0x00, 0x00, 0x00, 0xFF, 0xF0, 0x00, 0x00, 0x00, 
  0x7F, 0xE0, 0x00, 0x00, 0x00, 0x3F, 0xE0, 0x00, 0x00, 0x00, 0x1F, 0xC0, 0x00, 0x00, 0x00, 0x0F, 
  0xC0, 0x00, 0x00, 0x00, 0x07, 0x80, 0x00, 0x00, 0x00, 0x03, 0x80, 0x00, 0x00, 0x00, 0x00, 0x70, 
  0x00, 0x00, 0x00, 0x00, 0x70, 0x00, 0x00, 0x00, 0x00, 0x70, 0x00, 0x00, 0x00, 0x00, 0x78, 0x00, 
  0x00, 0x00, 0x00, 0xFE, 0x00, 0x00, 0x00, 0x00, 0xFF, 0xFF, 0xFF, 0xFF, 0x80, 0xFF, 0xFF, 0xFF, 
  0xFF, 0xE0, 0xFF, 0xFF, 0xFF, 0xFF, 0xF0, 0xFF, 0xFF, 0xFF, 0xFF, 0xF8, 0xFF, 0xFF, 0xFF, 0xFF, 
  0xFC, 0xFF, 0xFF, 0xFF, 0xFF, 0xFC, 0xFF, 0xFF, 0xFF, 0xFF, 0xFC, 0xFF, 0xFF, 0xFF, 0xFF, 0xFE, 
  0x7F, 0xFF, 0xFF, 0xFF, 0xFE, 0x3F, 0xFF, 0xFF, 0xFF, 0xFE, 0x01, 0xE0, 0x00, 0x01, 0xFE, 0x03, 
  0xC0, 0x00, 0x00, 0x7E, 0x03, 0xC0, 0x00, 0x00, 0x7E, 0x07, 0xC0, 0x00, 0x00, 0x3E, 0x07, 0x80, 
  0x00, 0x00, 0x3E, 0x0F, 0x80, 0x00, 0x00, 0x3E, 0x0F, 0x00, 0x00, 0x00, 0x3E, 0x0F, 0x00, 0x00, 
  0x00, 0x3E, 0x1F, 0x00, 0x00, 0x00, 0x3E, 0x1F, 0x00, 0x00, 0x00, 0x3E, 0x1F, 0x00, 0x00, 0x00, 
  0x3E, 0x1F, 0x00, 0x00, 0x00, 0x3E, 0x1E, 0x7F, 0x00, 0x00, 0x3E, 0x3F, 0xFF, 0x80, 0x00, 0x3E, 
  0x3F, 0xFF, 0xC0, 0x00, 0x3E, 0x3F, 0xFF, 0xC0, 0x00, 0x3E, 0x3F, 0xFF, 0xC0, 0x00, 0x3E, 0x3F, 
  0xFF, 0xC0, 0x00, 0x3E, 0x3F, 0xFF, 0xC0, 0x00, 0x3E, 0x3E, 0x07, 0x80, 0x00, 0x3E, 0x38, 0x01, 
  0x80, 0x00, 0x3E, 0x00, 0x01, 0x00, 0x00, 0x3E, 0x00, 0x00, 0x00, 0x00, 0x3E, 0x00, 0x00, 0x00, 
  0x00, 0x3E, 0x00, 0x00, 0x00, 0x00, 0x3E, 0x00, 0x00, 0x00, 0x00, 0x3E, 0x00, 0x00, 0x00, 0x00, 
  0x3E, 0x00, 0x00, 0x00, 0x00, 0x3E, 0x00, 0x00, 0x00, 0x00, 0x3E, 0x00, 0x00, 0x00, 0x00, 0x3E, 
  0x00, 0x00, 0x00, 0x00, 0x3E, 0x00, 0x00, 0x00, 0x00, 0x3E, 0x00, 0x00, 0x00, 0x00, 0x3E, 0x00, 
  0x00, 0x00, 0x00, 0x3E, 0x00, 0x00, 0x00, 0x00, 0x3E, 0x00, 0x00, 0x00, 0x00, 0x3E, 0x00, 0x00, 
  0x00, 0x00, 0x3E, 0x00, 0x00, 0x00, 0x00, 0x3E, 0x00, 0x00, 0x00, 0x00, 0x3E, 0x00, 0x00, 0x00, 
  0x00, 0x3E, 0x00, 0x00, 0x00, 0x00, 0x3E, 0x00, 0x00, 0x00, 0x00, 0x3E, 0x00, 0x00, 0x00, 0x00, 
  0x3E, 0x00, 0x00, 0x00, 0x00, 0x3E, 0x00, 0x00, 0x00, 0x00, 0x3F, 0x00, 0x00, 0x00, 0x00, 0x3F, 
  0x00, 0x00, 0x00, 0x00, 0x3F, 0x00, 0x00, 0x00, 0x00, 0x3F, 0x00, 0x00, 0x00, 0x00, 0x3F, 0x00, 
  0x00, 0x00, 0x00, 0x3F, 0x00, 0x00, 0x00, 0x00, 0x3F, 0x00, 0x00, 0x00, 0x00, 0x3F, 0x00, 0x00, 
  0x00, 0x00, 0x3F, 0x00, 0x00, 0x00, 0x00, 0x3F, 0x00, 0x00, 0x00, 0x00, 0x3F, 0x00, 0x00, 0x00, 
  0x00, 0x3F, 0x00, 0x00, 0x00, 0x00, 0x3F, 0x00, 0x00, 0x00, 0x00, 0x3E, 0x00, 0x00, 0x00, 0x00, 
  0x3C, 0x00, 0x00, 0x00, 0x00, 0x38, 0x38, 0x00, 0x00, 0x00, 0x00, 0x70, 0x00, 0x00, 0x00, 0x00, 
  0xE0, 0x00, 0x00, 0x00, 0x03, 0xE0, 0x00, 0x00, 0x00, 0x07, 0xF0, 0x00, 0x00, 0x00, 0x0F, 0xFF, 
  0xFF, 0xFF, 0xC0, 0x1F, 0xFF, 0xFF, 0xFF, 0xE0, 0x3F, 0xFF, 0xFF, 0xFF, 0xF0, 0x7F, 0xFF, 0xFF, 
  0xFF, 0xF0, 0xFF, 0xFF, 0xFF, 0xFF, 0xF1, 0xFF, 0xFF, 0xFF, 0xFF, 0xF3, 0xFF, 0xFF, 0xFF, 0xFF, 
  0xE7, 0xFF, 0xFF, 0xFF, 0xFF, 0xE7, 0xFF, 0xFF, 0xFF, 0xFF, 0xC7, 0xFF, 0xFF, 0xFF, 0xFF, 0x80, 
  0xF0, 0x00, 0x07, 0xFF, 0x01, 0xE0, 0x00, 0x01, 0xFE, 0x07, 0x80, 0x00, 0x01, 0xFC, 0x0F, 0x00, 
  0x00, 0x01, 0xF8, 0x3C, 0x00, 0x00, 0x01, 0xF0, 0x78, 0x00, 0x00, 0x03, 0xE1, 0xF0, 0x00, 0x00, 
  0x07, 0xC3, 0xC0, 0x00, 0x00, 0x07, 0x87, 0x80, 0x00, 0x00, 0x0F, 0x1F, 0x0C, 0x00, 0x00, 0x1E, 
  0x3E, 0xFF, 0x00, 0x00, 0x3C, 0x7F, 0xFF, 0x00, 0x00, 0x78, 0xFF, 0xFE, 0x00, 0x00, 0xF1, 0xFF, 
  0xFE, 0x00, 0x01, 0xE3, 0xFF, 0xFC, 0x00, 0x03, 0xCF, 0xFF, 0xF8, 0x00, 0x07, 0x9F, 0xFF, 0xE0, 
  0x00, 0x0F, 0x3E, 0x03, 0xC0, 0x00, 0x1E, 0x70, 0x01, 0x00, 0x00, 0x3C, 0x00, 0x02, 0x00, 0x00, 
  0x78, 0x00, 0x00, 0x00, 0x00, 0xF0, 0x00, 0x00, 0x00, 0x01, 0xE0, 0x00, 0x00, 0x00, 0x07, 0xC0, 
  0x00, 0x00, 0x00, 0x0F, 0x80, 0x00, 0x00, 0x00, 0x1F, 0x00, 0x00, 0x00, 0x00, 0x7E, 0x00, 0x00, 
  0x00, 0x00, 0xFC, 0x00, 0x00, 0x00, 0x07, 0xF8, 0x00, 0x00, 0x00, 0x1F, 0xF0, 0x00, 0x00, 0x0F, 
  0xFF, 0xE7, 0xFF, 0xFF, 0xFF, 0xFF, 0xCF, 0xFF, 0xFF, 0xFF, 0xFF, 0x1F, 0xFF, 0xFF, 0xFF, 0xFE, 
  0x3F, 0xFF, 0xFF, 0xFF, 0xF8, 0xFF, 0xFF, 0xFF, 0xFF, 0xF1, 0xFF, 0xFF, 0xFF, 0xFF, 0xC3, 0xFF, 
  0xFF, 0xFF, 0xFF, 0x07, 0xFF, 0xFF, 0xFF, 0xFC, 0x1F, 0xFF, 0xFF, 0xFF, 0xF0, 0x3F, 0xFF, 0xFF, 
  0xFF, 0x80, 0x00, 0x38, 0x00, 0x01, 0xC0, 0x01, 0xE0, 0x00, 0x07, 0x00, 0x07, 0x80, 0x00, 0x1E, 
  0x00, 0x1F, 0x00, 0x00, 0xF8, 0x00, 0x7F, 0x00, 0x03, 0xFC, 0x03, 0xFF, 0xF0, 0x0F, 0xFF, 0xCF, 
  0xFF, 0xE0, 0x3F, 0xFF, 0xBF, 0xFF, 0xC0, 0xFF, 0xFE, 0xFF, 0xFF, 0x03, 0xFF, 0xFF, 0xFF, 0xFC, 
  0x0F, 0xFF, 0xFF, 0xFF, 0xF0, 0x3F, 0xFF, 0xFF, 0xFF, 0xC0, 0xFF, 0xFF, 0x7F, 0xFF, 0x03, 0xFF, 
  0xFD, 0xFF, 0xFC, 0x07, 0xFF, 0xE0, 0xFF, 0xF0, 0x03, 0xFF, 0x80, 0x7F, 0x80, 0x07, 0xDE, 0x01, 
  0xC0, 0x00, 0x3E, 0x00, 0x0F, 0x00, 0x01, 0xF0, 0x00, 0x3C, 0x00, 0x0F, 0x80, 0x00, 0xF0, 0x00, 
  0x7E, 0x00, 0x03, 0x80, 0x03, 0xF0, 0x00, 0x1E, 0x00, 0x1F, 0x80, 0x00, 0x78, 0x00, 0xFC, 0x00, 
  0x01, 0xE0, 0x07, 0xE0, 0x00, 0x07, 0x80, 0x1F, 0x00, 0x00, 0x1E, 0x00, 0xF8, 0x00, 0x00, 0x78, 
  0x07, 0xC0, 0x00, 0x01, 0xE0, 0x3F, 0x00, 0x00, 0x07, 0x81, 0xF8, 0x00, 0x00, 0x1E, 0x0F, 0xC0, 
  0x00, 0x00, 0x78, 0x7E, 0x00, 0x00, 0x01, 0xE1, 0xF8, 0x00, 0x00, 0x07, 0x8F, 0xC0, 0x00, 0x00, 
  0x1E, 0x3E, 0x00, 0x00, 0x00, 0x79, 0xF0, 0x00, 0x00, 0x01, 0xEF, 0xC0, 0x00, 0x00, 0x07, 0xBE, 
  0x00, 0x00, 0x00, 0x1F, 0xF8, 0x00, 0x00, 0x00, 0x7F, 0xC0, 0x00, 0x00, 0x01, 0xFF, 0x00, 0x00, 
  0x00, 0x07, 0xF8, 0x00, 0x00, 0x00, 0x1F, 0xE0, 0x00, 0x00, 0x00, 0x7F, 0x00, 0x00, 0x00, 0x01, 
  0xFC, 0x00, 0x00, 0x00, 0x07, 0xE0, 0x00, 0x00, 0x00, 0x1F, 0x80, 0x00, 0x00, 0x00, 0x7E, 0x00, 
  0x00, 0x00, 0x01, 0xF8, 0x00, 0x00, 0x00, 0x07, 0xC0, 0x00, 0x00, 0x00, 0x1F, 0x00, 0x00, 0x00, 
  0x00, 0x7C, 0x00, 0x00, 0x00, 0x01, 0xF0, 0x00, 0x00, 0x00, 0x07, 0xC0, 0x00, 0x00, 0x00, 0x1F, 
  0x00, 0x00, 0x00, 0x00, 0x7C, 0x00, 0x00, 0x00, 0x01, 0xF0, 0x00, 0x00, 0x00, 0x07, 0xC0, 0x00, 
  0x00, 0x00, 0x1F, 0x00, 0x00, 0x00, 0x00, 0x7C, 0x00, 0x00, 0x00, 0x01, 0xF0, 0x00, 0x00, 0x00, 
  0x07, 0xC0, 0x00, 0x00, 0x00, 0x1F, 0x00, 0x00, 0x00, 0x00, 0x7C, 0x00, 0x00, 0x00, 0x01, 0xF0, 
  0x00, 0x00, 0x00, 0x07, 0xC0, 0x00, 0x00, 0x00, 0x1F, 0x80, 0x00, 0x00, 0x00, 0x7E, 0x00, 0x00, 
  0x00, 0x01, 0xF8, 0x00, 0x00, 0x00, 0x07, 0xE0, 0x00, 0x00, 0x00, 0x1F, 0x80, 0x00, 0x00, 0x00, 
  0x7E, 0x00, 0x00, 0x00, 0x01, 0xF8, 0x00, 0x00, 0x00, 0x07, 0xE0, 0x00, 0x00, 0x00, 0x1F, 0x00, 
  0x00, 0x00, 0x00, 0x70, 0x00, 0x00, 0x00, 0x00, 0x1C, 0x00, 0x00, 0x18, 0x00, 0x0E, 0x00, 0x00, 
  0x1E, 0x00, 0x07, 0x00, 0x00, 0x0F, 0x00, 0x07, 0xC0, 0x00, 0x07, 0xC0, 0x03, 0xF8, 0x00, 0x03, 
  0xF8, 0x01, 0xFF, 0xF8, 0x03, 0xFF, 0xF0, 0xFF, 0xFE, 0x01, 0xFF, 0xFC, 0x7F, 0xFF, 0x00, 0xFF, 
  0xFF, 0x3F, 0xFF, 0x80, 0x7F, 0xFF, 0x9F, 0xFF, 0xC0, 0x3F, 0xFF, 0xCF, 0xFF, 0xE0, 0x1F, 0xFF, 
  0xE7, 0xFF, 0xF8, 0x0F, 0xFF, 0xF3, 0xFF, 0xFC, 0x03, 0xFF, 0xF8, 0xFF, 0xFE, 0x01, 0xFF, 0xFC, 
  0x3F, 0xFF, 0x00, 0x1F, 0xFE, 0x00, 0x1F, 0x80, 0x03, 0xDE, 0x00, 0x07, 0xC0, 0x03, 0xE0, 0x00, 
  0x03, 0xE0, 0x01, 0xE0, 0x00, 0x01, 0xF0, 0x01, 0xF0, 0x00, 0x00, 0xF8, 0x00, 0xF0, 0x00, 0x00, 
  0x7C, 0x00, 0xF8, 0x00, 0x00, 0x3E, 0x00, 0x78, 0x00, 0x00, 0x1F, 0x00, 0x78, 0x00, 0x00, 0x0F, 
  0xC0, 0x3C, 0x00, 0x00, 0x07, 0xF0, 0x3C, 0x00, 0x00, 0x03, 0xFC, 0x1E, 0x00, 0x00, 0x00, 0xFF, 
  0x1F, 0x00, 0x00, 0x00, 0x7F, 0xCF, 0x00, 0x00, 0x00, 0x1F, 0xF7, 0x80, 0x00, 0x00, 0x0F, 0xFF, 
  0xC0, 0x00, 0x00, 0x03, 0xFF, 0xE0, 0x00, 0x00, 0x00, 0xFF, 0xF0, 0x00, 0x00, 0x00, 0x1F, 0xF8, 
  0x00, 0x00, 0x00, 0x07, 0xFE, 0x00, 0x00, 0x00, 0x01, 0xFF, 0x80, 0x00, 0x00, 0x00, 0x7F, 0xE0, 
  0x00, 0x00, 0x00, 0x1F, 0xFC, 0x00, 0x00, 0x00, 0x03, 0xFF, 0x00, 0x00, 0x00, 0x00, 0xFF, 0x80, 
  0x00, 0x00, 0x00, 0x3F, 0xE0, 0x00, 0x00, 0x00, 0x0F, 0xF0, 0x00, 0x00, 0x00, 0x07, 0xFC, 0x00, 
  0x00, 0x00, 0x01, 0xFE, 0x00, 0x00, 0x00, 0x01, 0xFF, 0x00, 0x00, 0x00, 0x01, 0xFF, 0x81, 0xFF, 
  0xFF, 0xFF, 0xFF, 0xC0, 0xFF, 0xFF, 0xFF, 0xFF, 0xE0, 0x7F, 0xFF, 0xFF, 0xFF, 0xF0, 0x7F, 0xFF, 
  0xFF, 0xFF, 0xF8, 0x3F, 0xFF, 0xFF, 0xFF, 0xF8, 0x1F, 0xFF, 0xFF, 0xFF, 0xFC, 0x0F, 0xFF, 0xFF, 
  0xFF, 0xFC, 0x07, 0xFF, 0xFF, 0xFF, 0xFE, 0x03, 0xFF, 0xFF, 0xFF, 0xFF, 0x03, 0xFF, 0xFF, 0xFF, 
  0xFF, 0x00, 0x70, 0x00, 0x00, 0x00, 0x01, 0xC0, 0x00, 0x00, 0x00, 0x07, 0x00, 0x00, 0x00, 0x00, 
  0x1E, 0x00, 0x00, 0x00, 0x00, 0x7E, 0x00, 0x00, 0x00, 0x03, 0xFF, 0xFF, 0xFF, 0xFF, 0x0F, 0xFF, 
  0xFF, 0xFF, 0xFE, 0x3F, 0xFF, 0xFF, 0xFF, 0xFC, 0xFF, 0xFF, 0xFF, 0xFF, 0xFB, 0xFF, 0xFF, 0xFF, 
  0xFF, 0xEF, 0xFF, 0xFF, 0xFF, 0xFF, 0xFF, 0xFF, 0xFF, 0xFF, 0xFF, 0x7F, 0xFF, 0xFF, 0xFF, 0xFD, 
  0xFF, 0xFF, 0xFF, 0xFF, 0xF3, 0xFF, 0xFF, 0xFF, 0xFF, 0xC0, 0x00, 0x00, 0x00, 0x7F, 0x00, 0x00, 
  0x00, 0x00, 0x7C, 0x00, 0x00, 0x00, 0x01, 0xF0, 0x00, 0x00, 0x00, 0x07, 0xC0, 0x00, 0x00, 0x00, 
  0x1F, 0x00, 0x00, 0x00, 0x00, 0x7C, 0x00, 0x00, 0x00, 0x01, 0xF0, 0x00, 0x00, 0x00, 0x07, 0xC0, 
  0x00, 0x00, 0x00, 0x1F, 0x00, 0x00, 0x00, 0x00, 0x7C, 0x30, 0x00, 0x00, 0x01, 0xF1, 0xC0, 0x00, 
  0x00, 0x07, 0xCF, 0x00, 0x00, 0x00, 0x1F, 0x7C, 0x00, 0x00, 0x00, 0x7D, 0xF0, 0x00, 0x00, 0x01, 
  0xF7, 0xC0, 0x00, 0x00, 0x07, 0xDF, 0x00, 0x00, 0x00, 0x3F, 0x7C, 0x00, 0x00, 0x00, 0xF9, 0xF0, 
  0x00, 0x00, 0x07, 0xE7, 0xC0, 0x00, 0x00, 0x3F, 0x1F, 0x00, 0x00, 0x03, 0xFC, 0x7C, 0x00, 0x00, 
  0x1F, 0xE1, 0xF0, 0x00, 0x00, 0xFE, 0x07, 0xC0, 0x00, 0x07, 0xF0, 0x1F, 0x00, 0x00, 0x3F, 0x80, 
  0x7C, 0x00, 0x03, 0xFC, 0x01, 0xF0, 0x00, 0x1F, 0xE0, 0x07, 0xC0, 0x00, 0xFE, 0x00, 0x1F, 0x00, 
  0x07, 0xF0, 0x00, 0x7C, 0x00, 0x1F, 0x80, 0x01, 0xF0, 0x00, 0xFC, 0x00, 0x07, 0xC0, 0x03, 0xF0, 
  0x00, 0x1F, 0x00, 0x0F, 0xC0, 0x00, 0x7C, 0x00, 0x3F, 0x00, 0x01, 0xF0, 0x00, 0xFC, 0x00, 0x07, 
  0xE0, 0x03, 0xF0, 0x00, 0x1F, 0x80, 0x0F, 0xC0, 0x00, 0x7E, 0x00, 0x3F, 0x00, 0x01, 0xF8, 0x00, 
  0xFC, 0x00, 0x07, 0xE0, 0x03, 0xE0, 0x00, 0x1F, 0x80, 0x02, 0x00, 0x00, 0x7E, 0x00, 0x00, 0x00, 
  0x01, 0xF8, 0x00, 0x00, 0x00, 0x07, 0xE0, 0x00, 0x00, 0x00, 0x1F, 0x80, 0x00, 0x00, 0x00, 0x7E, 
  0x00, 0x00, 0x00, 0x01, 0xF8, 0x00, 0x00, 0x00, 0x07, 0xE0, 0x00, 0x00, 0x00, 0x1F, 0x80, 0x00, 
  0x00, 0x00, 0x7E, 0x00, 0x00, 0x00, 0x01, 0xF8, 0x00, 0x00, 0x00, 0x07, 0xE0, 0x00, 0x00, 0x00, 
  0x1F, 0x80, 0x00, 0x00, 0x00, 0x7E, 0x00, 0x00, 0x00, 0x01, 0xF8, 0x00, 0x00, 0x00, 0x07, 0xE0, 
  0x00, 0x00, 0x00, 0x1F, 0x80, 0x00, 0x00, 0x00, 0x7E, 0x00, 0x00, 0x00, 0x01, 0xF0, 0x00, 0x00, 
  0x00, 0x07, 0x00, 0x00, 0x00, 0x00, 0x00, 0x70, 0x00, 0x00, 0x00, 0x0E, 0x00, 0x00, 0x00, 0x01, 
  0xC0, 0x00, 0x00, 0x00, 0x3C, 0x00, 0x00, 0x00, 0x0F, 0xE0, 0x00, 0x00, 0x01, 0xFF, 0xFF, 0xFF, 
  0xE0, 0x3F, 0xFF, 0xFF, 0xFF, 0x07, 0xFF, 0xFF, 0xFF, 0xF0, 0xFF, 0xFF, 0xFF, 0xFF, 0x1F, 0xFF, 
  0xFF, 0xFF, 0xE3, 0xFF, 0xFF, 0xFF, 0xFE, 0x7F, 0xFF, 0xFF, 0xFF, 0xCF, 0xFF, 0xFF, 0xFF, 0xFC, 
  0xFF, 0xFF, 0xFF, 0xFF, 0x8F, 0xFF, 0xFF, 0xFF, 0xF0, 0x00, 0x00, 0x01, 0xFE, 0x00, 0x00, 0x00, 
  0x0F, 0xC0, 0x00, 0x00, 0x01, 0xF8, 0x00, 0x00, 0x00, 0x1F, 0x00, 0x00, 0x00, 0x03, 0xE0, 0x00, 
  0x00, 0x00, 0x7C, 0x00, 0x00, 0x00, 0x0F, 0x80, 0x00, 0x00, 0x01, 0xF0, 0x00, 0x00, 0x00, 0x3E, 
  0x00, 0x00, 0x00, 0x07, 0xC0, 0x00, 0x00, 0x00, 0xF8, 0x00, 0x00, 0x00, 0x1F, 0x00, 0x00, 0x00, 
  0x03, 0xE0, 0x00, 0x00, 0x00, 0x7C, 0x00, 0x00, 0x00, 0x0F, 0x80, 0x00, 0x00, 0x01, 0xF0, 0x00, 
  0x00, 0x00, 0x3F, 0x00, 0x00, 0x00, 0x07, 0xE0, 0x00, 0x00, 0x00, 0xFC, 0x00, 0x00, 0x00, 0x1F, 
  0x80, 0x00, 0x00, 0x03, 0xF0, 0x00, 0x00, 0x00, 0x7E, 0x00, 0x00, 0x00, 0x0F, 0xC0, 0x00, 0x00, 
  0x01, 0xF8, 0x00, 0x00, 0x00, 0x3F, 0x00, 0x00, 0x00, 0x07, 0xE0, 0x00, 0x00, 0x00, 0xFC, 0x00, 
  0x00, 0x00, 0x1F, 0x80, 0x00, 0x00, 0x03, 0xF0, 0x00, 0x00, 0x00, 0x7E, 0x00, 0x00, 0x00, 0x0F, 
  0xC0, 0x00, 0x00, 0x01, 0xF8, 0x00, 0x00, 0x00, 0x3F, 0x00, 0x00, 0x00, 0x07, 0xE0, 0x00, 0x00, 
  0x00, 0xFC, 0x00, 0x00, 0x00, 0x1F, 0x80, 0x00, 0x00, 0x03, 0xF0, 0x00, 0x00, 0x00, 0x7E, 0x00, 
  0x00, 0x00, 0x0F, 0x80, 0x00, 0x00, 0x01, 0xE0, 0x00, 0x00, 0x00, 0x30, 0x38, 0x00, 0x03, 0x80, 
  0x00, 0x18, 0x00, 0xF0, 0x00, 0x07, 0x00, 0x00, 0x70, 0x01, 0xE0, 0x00, 0x0E, 0x00, 0x00, 0xF0, 
  0x03, 0xE0, 0x00, 0x3E, 0x00, 0x01, 0xE0, 0x07, 0xF0, 0x00, 0x7F, 0x80, 0x07, 0xFC, 0x1F, 0xFF, 
  0x80, 0xFF, 0xF8, 0x0F, 0xFF, 0xBF, 0xFF, 0x81, 0xFF, 0xF8, 0x1F, 0xFF, 0xFF, 0xFF, 0x03, 0xFF, 
  0xF8, 0x3F, 0xFF, 0xFF, 0xFE, 0x0F, 0xFF, 0xF0, 0x7F, 0xFF, 0xFF, 0xFC, 0x1F, 0xFF, 0xE0, 0xFF, 
  0xFF, 0xFF, 0xF8, 0x1F, 0xFF, 0xC1, 0xFF, 0xFF, 0xFF, 0xF0, 0x3F, 0xFF, 0x83, 0xFF, 0xF7, 0xFF, 
  0xE0, 0x7F, 0xFF, 0x07, 0xFF, 0xE7, 0xFF, 0xC0, 0x7F, 0xFC, 0x07, 0xFF, 0xC3, 0xFF, 0x80, 0x1F, 
  0xF8, 0x07, 0xFF, 0x81, 0xEF, 0x00, 0x1F, 0xF0, 0x00, 0x1E, 0x07, 0x80, 0x00, 0x3E, 0x00, 0x00, 
  0x3C, 0x0F, 0x00, 0x00, 0x7C, 0x00, 0x00, 0x78, 0x1E, 0x00, 0x00, 0xF0, 0x00, 0x00, 0xF0, 0x3C, 
  0x00, 0x01, 0xE0, 0x00, 0x01, 0xE0, 0xF8, 0x00, 0x03, 0xC0, 0x00, 0x07, 0xC1, 0xF0, 0x00, 0x0F, 
  0x80, 0x00, 0x0F, 0x83, 0xE0, 0x00, 0x1F, 0x00, 0x00, 0x1F, 0x07, 0x80, 0x00, 0x3E, 0x00, 0x00, 
  0x3C, 0x1F, 0x00, 0x00, 0x78, 0x00, 0x00, 0x78, 0x3E, 0x00, 0x00, 0xF0, 0x00, 0x01, 0xF0, 0x7C, 
  0x00, 0x01, 0xE0, 0x00, 0x03, 0xE0, 0xF8, 0x00, 0x07, 0xC0, 0x00, 0x07, 0xC1, 0xF0, 0x00, 0x0F, 
  0x80, 0x00, 0x0F, 0x83, 0xE0, 0x00, 0x1E, 0x00, 0x00, 0x3E, 0x07, 0xC0, 0x00, 0x3C, 0x00, 0x00, 
  0x7C, 0x0F, 0x80, 0x00, 0x78, 0x00, 0x00, 0xF8, 0x1F, 0x00, 0x00, 0xF0, 0x00, 0x03, 0xF0, 0x3E, 
  0x00, 0x03, 0xE0, 0x00, 0x07, 0xC0, 0x7C, 0x00, 0x07, 0xC0, 0x00, 0x1F, 0x80, 0xFC, 0x00, 0x0F, 
  0x00, 0x00, 0x3F, 0x01, 0xF8, 0x00, 0x1E, 0x00, 0x00, 0xFE, 0x03, 0xF0, 0x00, 0x3C, 0x00, 0x01, 
  0xF8, 0x07, 0xE0, 0x00, 0xF8, 0x00, 0x07, 0xF0, 0x07, 0xC0, 0x01, 0xF0, 0x00, 0x1F, 0xE0, 0x0F, 
  0x80, 0x03, 0xE0, 0x00, 0x3F, 0x80, 0x1F, 0x80, 0x07, 0x80, 0x00, 0xFF, 0x00, 0x3F, 0x00, 0x0F, 
  0x00, 0x03, 0xFC, 0x00, 0x7E, 0x00, 0x1E, 0x00, 0x1F, 0xF8, 0x00, 0xFC, 0x00, 0x7C, 0x03, 0xFF, 
  0xF0, 0x01, 0xFF, 0xFF, 0xFF, 0xFF, 0xFF, 0xC0, 0x01, 0xFF, 0xFF, 0xFF, 0xFF, 0xFF, 0x00, 0x03, 
  0xFF, 0xFF, 0xFF, 0xFF, 0xFE, 0x00, 0x07, 0xFF, 0xFF, 0xFF, 0xFF, 0xF8, 0x00, 0x0F, 0xFF, 0xFF, 
  0xFF, 0xFF, 0xE0, 0x00, 0x1F, 0xFF, 0xFF, 0xFF, 0xFF, 0x80, 0x00, 0x3F, 0xFF, 0xFF, 0xFF, 0xFE, 
  0x00, 0x00, 0x7F, 0xFF, 0xFF, 0xFF, 0xF8, 0x00, 0x00, 0x7F, 0xFF, 0xFF, 0xFF, 0xE0, 0x00, 0x00, 
  0xFF, 0xFF, 0xFF, 0xFE, 0x00, 0x00, 0x00, 0x07, 0x00, 0x00, 0x00, 0x00, 0x00, 0x70, 0x00, 0x00, 
  0x00, 0x00, 0x07, 0x00, 0x00, 0x00, 0x00, 0x00, 0x78, 0x00, 0x00, 0x00, 0x00, 0x0F, 0xE0, 0x00, 
  0x00, 0x00, 0x00, 0xFF, 0xFF, 0xFF, 0xFF, 0x80, 0x0F, 0xFF, 0xFF, 0xFF, 0xFE, 0x00, 0xFF, 0xFF, 
  0xFF, 0xFF, 0xF0, 0x0F, 0xFF, 0xFF, 0xFF, 0xFF, 0x80, 0xFF, 0xFF, 0xFF, 0xFF, 0xFC, 0x0F, 0xFF, 
  0xFF, 0xFF, 0xFF, 0xC0, 0xFF, 0xFF, 0xFF, 0xFF, 0xFC, 0x0F, 0xFF, 0xFF, 0xFF, 0xFF, 0xE0, 0x7F, 
  0xFF, 0xFF, 0xFF, 0xFE, 0x03, 0xFF, 0xFF, 0xFF, 0xFF, 0xE0, 0x01, 0xE0, 0x00, 0x01, 0xFE, 0x00, 
  0x1E, 0x00, 0x00, 0x07, 0xE0, 0x01, 0xC0, 0x00, 0x00, 0x3E, 0x00, 0x3C, 0x00, 0x00, 0x03, 0xE0, 
  0x03, 0xC0, 0x00, 0x00, 0x3E, 0x00, 0x3C, 0x00, 0x00, 0x03, 0xE0, 0x07, 0xC0, 0x00, 0x00, 0x3E, 
  0x00, 0x78, 0x00, 0x00, 0x03, 0xE0, 0x07, 0x80, 0x00, 0x00, 0x3E, 0x00, 0x78, 0x00, 0x00, 0x03, 
  0xF0, 0x0F, 0x80, 0x00, 0x00, 0x3F, 0x00, 0xF8, 0x00, 0x00, 0x03, 0xF0, 0x0F, 0x80, 0x00, 0x00, 
  0x3F, 0x00, 0xF8, 0x00, 0x00, 0x03, 0xF0, 0x0F, 0x80, 0x00, 0x00, 0x3F, 0x00, 0xF8, 0x00, 0x00, 
  0x03, 0xF0, 0x0F, 0x80, 0x00, 0x00, 0x3F, 0x00, 0xF8, 0x00, 0x00, 0x03, 0xF0, 0x0F, 0x80, 0x00, 
  0x00, 0x3F, 0x00, 0xF8, 0x00, 0x00, 0x03, 0xF0, 0x0F, 0x80, 0x00, 0x00, 0x3F, 0x00, 0xF8, 0x00, 
  0x00, 0x03, 0xF0, 0x0F, 0x80, 0x00, 0x00, 0x3F, 0x00, 0xFC, 0x00, 0x00, 0x03, 0xF0, 0x0F, 0xC0, 
  0x00, 0x00, 0x3F, 0x00, 0xFC, 0x00, 0x00, 0x03, 0xF0, 0x0F, 0xC0, 0x00, 0x00, 0x3F, 0x00, 0xFC, 
  0x00, 0x00, 0x03, 0xF0, 0x0F, 0xC0, 0x00, 0x00, 0x3F, 0x03, 0xFE, 0x00, 0x00, 0x03, 0xF7, 0xFF, 
  0xE0, 0x00, 0x00, 0x3F, 0x7F, 0xFE, 0x00, 0x00, 0x03, 0xF7, 0xFF, 0xE0, 0x00, 0x00, 0x3F, 0xFF, 
  0xFE, 0x00, 0x00, 0x03, 0xFF, 0xFF, 0xE0, 0x00, 0x00, 0x3F, 0xFF, 0xFE, 0x00, 0x00, 0x03, 0xFF, 
  0xFF, 0xE0, 0x00, 0x00, 0x3F, 0xFF, 0xFE, 0x00, 0x00, 0x03, 0xFF, 0xFF, 0xE0, 0x00, 0x00, 0x3E, 
  0xFF, 0xFC, 0x00, 0x00, 0x03, 0xC0, 0x00, 0x00, 0x00, 0x00, 0x30
};

const GFXglyph NotoSerifHebrew_Bold_85Glyphs[] PROGMEM = {
  {      0,   1,   1,  22,    0,   -1 },  // 0x0020 ' '
  {      1,  11,  62,  29,    9,  -61 },  // 0x0021 '!'
  {     87,  27,  21,  37,    5,  -61 },  // 0x0022 '"'
  {    158,  43,  61,  48,    2,  -61 },  // 0x0023 '#'
  {    486,  37,  72,  48,    5,  -65 },  // 0x0024 '$'
  {    819,  69,  63,  76,    4,  -62 },  // 0x0025 '%'
  {   1363,  61,  63,  64,    3,  -62 },  // 0x0026 '&'
  {   1844,  10,  21,  20,    5,  -61 },  // 0x0027 '''
  {   1871,  23,  76,  31,    5,  -65 },  // 0x0028 '('
  {   2090,  23,  76,  31,    3,  -65 },  // 0x0029 ')'
  {   2309,  36,  33,  43,    3,  -65 },  // 0x002A '*'
  {   2458,  37,  37,  48,    5,  -49 },  // 0x002B '+'
  {   2630,  14,  25,  22,    3,  -12 },  // 0x002C ','
  {   2674,  22,   7,  26,    2,  -27 },  // 0x002D '-'
  {   2694,  12,  13,  22,    5,  -12 },  // 0x002E '.'
  {   2714,  24,  75,  24,    0,  -65 },  // 0x002F '/'
  {   2939,  40,  63,  48,    4,  -62 },  // 0x0030 '0'
  {   3254,  36,  61,  48,    5,  -61 },  // 0x0031 '1'
  {   3529,  38,  62,  48,    5,  -62 },  // 0x0032 '2'
  {   3824,  39,  63,  48,    4,  -62 },  // 0x0033 '3'
  {   4132,  45,  61,  48,    1,  -61 },  // 0x0034 '4'
  {   4476,  38,  62,  48,    4,  -61 },  // 0x0035 '5'
  {   4771,  39,  63,  48,    5,  -62 },  // 0x0036 '6'
  {   5079,  39,  61,  48,    5,  -61 },  // 0x0037 '7'
  {   5377,  40,  63,  48,    4,  -62 },  // 0x0038 '8'
  {   5692,  39,  63,  48,    4,  -62 },  // 0x0039 '9'
  {   6000,  11,  47,  25,    7,  -46 },  // 0x003A ':'
  {   6065,  15,  59,  25,    4,  -46 },  // 0x003B ';'
  {   6176,  37,  43,  48,    5,  -52 },  // 0x003C '<'
  {   6375,  37,  22,  48,    5,  -41 },  // 0x003D '='
  {   6477,  37,  43,  48,    5,  -52 },  // 0x003E '>'
  {   6676,  35,  63,  41,    3,  -62 },  // 0x003F '?'
  {   6952,  69,  73,  78,    5,  -61 },  // 0x0040 '@'
  {   7582,  61,  61,  61,    0,  -61 },  // 0x0041 'A'
  {   8048,  49,  61,  57,    3,  -61 },  // 0x0042 'B'
  {   8422,  45,  63,  53,    5,  -62 },  // 0x0043 'C'
  {   8777,  55,  61,  63,    3,  -61 },  // 0x0044 'D'
  {   9197,  47,  61,  54,    3,  -61 },  // 0x0045 'E'
  {   9556,  44,  61,  51,    3,  -61 },  // 0x0046 'F'
  {   9892,  55,  63,  62,    5,  -62 },  // 0x0047 'G'
  {  10326,  62,  61,  68,    3,  -61 },  // 0x0048 'H'
  {  10799,  26,  61,  32,    3,  -61 },  // 0x0049 'I'
  {  10998,  30,  81,  31,   -1,  -61 },  // 0x004A 'J'
  {  11302,  58,  61,  61,    3,  -61 },  // 0x004B 'K'
  {  11745,  47,  61,  54,    3,  -61 },  // 0x004C 'L'
  {  12104,  74,  61,  80,    3,  -61 },  // 0x004D 'M'
  {  12669,  60,  61,  65,    3,  -61 },  // 0x004E 'N'
  {  13127,  54,  63,  64,    5,  -62 },  // 0x004F 'O'
  {  13553,  46,  61,  52,    3,  -61 },  // 0x0050 'P'
  {  13904,  54,  82,  64,    5,  -62 },  // 0x0051 'Q'
  {  14458,  55,  61,  57,    3,  -61 },  // 0x0052 'R'
  {  14878,  39,  63,  47,    4,  -62 },  // 0x0053 'S'
  {  15186,  51,  61,  53,    1,  -61 },  // 0x0054 'T'
  {  15575,  59,  62,  62,    1,  -61 },  // 0x0055 'U'
  {  16033,  58,  61,  58,    0,  -61 },  // 0x0056 'V'
  {  16476,  88,  61,  90,    1,  -61 },  // 0x0057 'W'
  {  17147,  56,  61,  58,    1,  -61 },  // 0x0058 'X'
  {  17574,  55,  61,  55,    0,  -61 },  // 0x0059 'Y'
  {  17994,  45,  61,  52,    3,  -61 },  // 0x005A 'Z'
  {  18338,  21,  76,  32,    8,  -65 },  // 0x005B '['
  {  18538,  24,  75,  24,    0,  -65 },  // 0x005C '\'
  {  18763,  20,  76,  32,    3,  -65 },  // 0x005D ']'
  {  18953,  39,  39,  48,    4,  -61 },  // 0x005E '^'
  {  19144,  39,   5,  39,    0,    7 },  // 0x005F '_'
  {  19169,  18,  13,  25,    3,  -65 },  // 0x0060 '`'
  {  19199,  41,  47,  49,    4,  -46 },  // 0x0061 'a'
  {  19440,  48,  66,  53,    1,  -65 },  // 0x0062 'b'
  {  19836,  35,  47,  43,    4,  -46 },  // 0x0063 'c'
  {  20042,  48,  66,  53,    4,  -65 },  // 0x0064 'd'
  {  20438,  38,  47,  46,    4,  -46 },  // 0x0065 'e'
  {  20662,  36,  65,  32,    2,  -65 },  // 0x0066 'f'
  {  20955,  44,  68,  46,    1,  -48 },  // 0x0067 'g'
  {  21329,  51,  65,  55,    1,  -65 },  // 0x0068 'h'
  {  21744,  25,  65,  28,    2,  -65 },  // 0x0069 'i'
  {  21948,  20,  85,  27,   -1,  -65 },  // 0x006A 'j'
  {  22161,  50,  65,  51,    1,  -65 },  // 0x006B 'k'
  {  22568,  25,  65,  27,    1,  -65 },  // 0x006C 'l'
  {  22772,  77,  46,  81,    2,  -46 },  // 0x006D 'm'
  {  23215,  51,  46,  55,    2,  -46 },  // 0x006E 'n'
  {  23509,  41,  47,  50,    4,  -46 },  // 0x006F 'o'
  {  23750,  47,  66,  53,    1,  -46 },  // 0x0070 'p'
  {  24138,  48,  66,  53,    4,  -46 },  // 0x0071 'q'
  {  24534,  38,  46,  41,    2,  -46 },  // 0x0072 'r'
  {  24753,  32,  47,  39,    4,  -46 },  // 0x0073 's'
  {  24941,  27,  57,  31,    2,  -56 },  // 0x0074 't'
  {  25134,  51,  47,  55,    2,  -46 },  // 0x0075 'u'
  {  25434,  50,  46,  50,    0,  -46 },  // 0x0076 'v'
  {  25722,  73,  46,  73,    0,  -46 },  // 0x0077 'w'
  {  26142,  49,  46,  51,    1,  -46 },  // 0x0078 'x'
  {  26424,  48,  66,  48,    0,  -46 },  // 0x0079 'y'
  {  26820,  37,  46,  44,    3,  -46 },  // 0x007A 'z'
  {  27033,  29,  76,  37,    4,  -65 },  // 0x007B '{'
  {  27309,   5,  85,  48,   21,  -65 },  // 0x007C '|'
  {  27363,  29,  76,  37,    4,  -65 },  // 0x007D '}'
  {  27639,  39,  15,  48,    4,  -38 },  // 0x007E '~'
  {  27713,   0,   0,   0,    0,    0 },  // 0x007F 'gap'
  {  27713,   0,   0,   0,    0,    0 },  // 0x0080 'gap'
  {  27713,   0,   0,   0,    0,    0 },  // 0x0081 'gap'
  {  27713,   0,   0,   0,    0,    0 },  // 0x0082 'gap'
  {  27713,   0,   0,   0,    0,    0 },  // 0x0083 'gap'
  {  27713,   0,   0,   0,    0,    0 },  // 0x0084 'gap'
  {  27713,   0,   0,   0,    0,    0 },  // 0x0085 'gap'
  {  27713,   0,   0,   0,    0,    0 },  // 0x0086 'gap'
  {  27713,   0,   0,   0,    0,    0 },  // 0x0087 'gap'
  {  27713,   0,   0,   0,    0,    0 },  // 0x0088 'gap'
  {  27713,   0,   0,   0,    0,    0 },  // 0x0089 'gap'
  {  27713,   0,   0,   0,    0,    0 },  // 0x008A 'gap'
  {  27713,   0,   0,   0,    0,    0 },  // 0x008B 'gap'
  {  27713,   0,   0,   0,    0,    0 },  // 0x008C 'gap'
  {  27713,   0,   0,   0,    0,    0 },  // 0x008D 'gap'
  {  27713,   0,   0,   0,    0,    0 },  // 0x008E 'gap'
  {  27713,   0,   0,   0,    0,    0 },  // 0x008F 'gap'
  {  27713,   0,   0,   0,    0,    0 },  // 0x0090 'gap'
  {  27713,   0,   0,   0,    0,    0 },  // 0x0091 'gap'
  {  27713,   0,   0,   0,    0,    0 },  // 0x0092 'gap'
  {  27713,   0,   0,   0,    0,    0 },  // 0x0093 'gap'
  {  27713,   0,   0,   0,    0,    0 },  // 0x0094 'gap'
  {  27713,   0,   0,   0,    0,    0 },  // 0x0095 'gap'
  {  27713,   0,   0,   0,    0,    0 },  // 0x0096 'gap'
  {  27713,   0,   0,   0,    0,    0 },  // 0x0097 'gap'
  {  27713,   0,   0,   0,    0,    0 },  // 0x0098 'gap'
  {  27713,   0,   0,   0,    0,    0 },  // 0x0099 'gap'
  {  27713,   0,   0,   0,    0,    0 },  // 0x009A 'gap'
  {  27713,   0,   0,   0,    0,    0 },  // 0x009B 'gap'
  {  27713,   0,   0,   0,    0,    0 },  // 0x009C 'gap'
  {  27713,   0,   0,   0,    0,    0 },  // 0x009D 'gap'
  {  27713,   0,   0,   0,    0,    0 },  // 0x009E 'gap'
  {  27713,   0,   0,   0,    0,    0 },  // 0x009F 'gap'
  {  27713,   0,   0,   0,    0,    0 },  // 0x00A0 'gap'
  {  27713,   0,   0,   0,    0,    0 },  // 0x00A1 'gap'
  {  27713,   0,   0,   0,    0,    0 },  // 0x00A2 'gap'
  {  27713,   0,   0,   0,    0,    0 },  // 0x00A3 'gap'
  {  27713,   0,   0,   0,    0,    0 },  // 0x00A4 'gap'
  {  27713,   0,   0,   0,    0,    0 },  // 0x00A5 'gap'
  {  27713,   0,   0,   0,    0,    0 },  // 0x00A6 'gap'
  {  27713,   0,   0,   0,    0,    0 },  // 0x00A7 'gap'
  {  27713,   0,   0,   0,    0,    0 },  // 0x00A8 'gap'
  {  27713,   0,   0,   0,    0,    0 },  // 0x00A9 'gap'
  {  27713,   0,   0,   0,    0,    0 },  // 0x00AA 'gap'
  {  27713,   0,   0,   0,    0,    0 },  // 0x00AB 'gap'
  {  27713,   0,   0,   0,    0,    0 },  // 0x00AC 'gap'
  {  27713,   0,   0,   0,    0,    0 },  // 0x00AD 'gap'
  {  27713,   0,   0,   0,    0,    0 },  // 0x00AE 'gap'
  {  27713,   0,   0,   0,    0,    0 },  // 0x00AF 'gap'
  {  27713,   0,   0,   0,    0,    0 },  // 0x00B0 'gap'
  {  27713,   0,   0,   0,    0,    0 },  // 0x00B1 'gap'
  {  27713,   0,   0,   0,    0,    0 },  // 0x00B2 'gap'
  {  27713,   0,   0,   0,    0,    0 },  // 0x00B3 'gap'
  {  27713,   0,   0,   0,    0,    0 },  // 0x00B4 'gap'
  {  27713,   0,   0,   0,    0,    0 },  // 0x00B5 'gap'
  {  27713,   0,   0,   0,    0,    0 },  // 0x00B6 'gap'
  {  27713,   0,   0,   0,    0,    0 },  // 0x00B7 'gap'
  {  27713,   0,   0,   0,    0,    0 },  // 0x00B8 'gap'
  {  27713,   0,   0,   0,    0,    0 },  // 0x00B9 'gap'
  {  27713,   0,   0,   0,    0,    0 },  // 0x00BA 'gap'
  {  27713,   0,   0,   0,    0,    0 },  // 0x00BB 'gap'
  {  27713,   0,   0,   0,    0,    0 },  // 0x00BC 'gap'
  {  27713,   0,   0,   0,    0,    0 },  // 0x00BD 'gap'
  {  27713,   0,   0,   0,    0,    0 },  // 0x00BE 'gap'
  {  27713,   0,   0,   0,    0,    0 },  // 0x00BF 'gap'
  {  27713,   0,   0,   0,    0,    0 },  // 0x00C0 'gap'
  {  27713,   0,   0,   0,    0,    0 },  // 0x00C1 'gap'
  {  27713,   0,   0,   0,    0,    0 },  // 0x00C2 'gap'
  {  27713,   0,   0,   0,    0,    0 },  // 0x00C3 'gap'
  {  27713,   0,   0,   0,    0,    0 },  // 0x00C4 'gap'
  {  27713,   0,   0,   0,    0,    0 },  // 0x00C5 'gap'
  {  27713,   0,   0,   0,    0,    0 },  // 0x00C6 'gap'
  {  27713,   0,   0,   0,    0,    0 },  // 0x00C7 'gap'
  {  27713,   0,   0,   0,    0,    0 },  // 0x00C8 'gap'
  {  27713,   0,   0,   0,    0,    0 },  // 0x00C9 'gap'
  {  27713,   0,   0,   0,    0,    0 },  // 0x00CA 'gap'
  {  27713,   0,   0,   0,    0,    0 },  // 0x00CB 'gap'
  {  27713,   0,   0,   0,    0,    0 },  // 0x00CC 'gap'
  {  27713,   0,   0,   0,    0,    0 },  // 0x00CD 'gap'
  {  27713,   0,   0,   0,    0,    0 },  // 0x00CE 'gap'
  {  27713,   0,   0,   0,    0,    0 },  // 0x00CF 'gap'
  {  27713,   0,   0,   0,    0,    0 },  // 0x00D0 'gap'
  {  27713,   0,   0,   0,    0,    0 },  // 0x00D1 'gap'
  {  27713,   0,   0,   0,    0,    0 },  // 0x00D2 'gap'
  {  27713,   0,   0,   0,    0,    0 },  // 0x00D3 'gap'
  {  27713,   0,   0,   0,    0,    0 },  // 0x00D4 'gap'
  {  27713,   0,   0,   0,    0,    0 },  // 0x00D5 'gap'
  {  27713,   0,   0,   0,    0,    0 },  // 0x00D6 'gap'
  {  27713,   0,   0,   0,    0,    0 },  // 0x00D7 'gap'
  {  27713,   0,   0,   0,    0,    0 },  // 0x00D8 'gap'
  {  27713,   0,   0,   0,    0,    0 },  // 0x00D9 'gap'
  {  27713,   0,   0,   0,    0,    0 },  // 0x00DA 'gap'
  {  27713,   0,   0,   0,    0,    0 },  // 0x00DB 'gap'
  {  27713,   0,   0,   0,    0,    0 },  // 0x00DC 'gap'
  {  27713,   0,   0,   0,    0,    0 },  // 0x00DD 'gap'
  {  27713,   0,   0,   0,    0,    0 },  // 0x00DE 'gap'
  {  27713,   0,   0,   0,    0,    0 },  // 0x00DF 'gap'
  {  27713,   0,   0,   0,    0,    0 },  // 0x00E0 'gap'
  {  27713,   0,   0,   0,    0,    0 },  // 0x00E1 'gap'
  {  27713,   0,   0,   0,    0,    0 },  // 0x00E2 'gap'
  {  27713,   0,   0,   0,    0,    0 },  // 0x00E3 'gap'
  {  27713,   0,   0,   0,    0,    0 },  // 0x00E4 'gap'
  {  27713,   0,   0,   0,    0,    0 },  // 0x00E5 'gap'
  {  27713,   0,   0,   0,    0,    0 },  // 0x00E6 'gap'
  {  27713,   0,   0,   0,    0,    0 },  // 0x00E7 'gap'
  {  27713,   0,   0,   0,    0,    0 },  // 0x00E8 'gap'
  {  27713,   0,   0,   0,    0,    0 },  // 0x00E9 'gap'
  {  27713,   0,   0,   0,    0,    0 },  // 0x00EA 'gap'
  {  27713,   0,   0,   0,    0,    0 },  // 0x00EB 'gap'
  {  27713,   0,   0,   0,    0,    0 },  // 0x00EC 'gap'
  {  27713,   0,   0,   0,    0,    0 },  // 0x00ED 'gap'
  {  27713,   0,   0,   0,    0,    0 },  // 0x00EE 'gap'
  {  27713,   0,   0,   0,    0,    0 },  // 0x00EF 'gap'
  {  27713,   0,   0,   0,    0,    0 },  // 0x00F0 'gap'
  {  27713,   0,   0,   0,    0,    0 },  // 0x00F1 'gap'
  {  27713,   0,   0,   0,    0,    0 },  // 0x00F2 'gap'
  {  27713,   0,   0,   0,    0,    0 },  // 0x00F3 'gap'
  {  27713,   0,   0,   0,    0,    0 },  // 0x00F4 'gap'
  {  27713,   0,   0,   0,    0,    0 },  // 0x00F5 'gap'
  {  27713,   0,   0,   0,    0,    0 },  // 0x00F6 'gap'
  {  27713,   0,   0,   0,    0,    0 },  // 0x00F7 'gap'
  {  27713,   0,   0,   0,    0,    0 },  // 0x00F8 'gap'
  {  27713,   0,   0,   0,    0,    0 },  // 0x00F9 'gap'
  {  27713,   0,   0,   0,    0,    0 },  // 0x00FA 'gap'
  {  27713,   0,   0,   0,    0,    0 },  // 0x00FB 'gap'
  {  27713,   0,   0,   0,    0,    0 },  // 0x00FC 'gap'
  {  27713,   0,   0,   0,    0,    0 },  // 0x00FD 'gap'
  {  27713,   0,   0,   0,    0,    0 },  // 0x00FE 'gap'
  {  27713,   0,   0,   0,    0,    0 },  // 0x00FF 'gap'
  {  27713,   0,   0,   0,    0,    0 },  // 0x0100 'gap'
  {  27713,   0,   0,   0,    0,    0 },  // 0x0101 'gap'
  {  27713,   0,   0,   0,    0,    0 },  // 0x0102 'gap'
  {  27713,   0,   0,   0,    0,    0 },  // 0x0103 'gap'
  {  27713,   0,   0,   0,    0,    0 },  // 0x0104 'gap'
  {  27713,   0,   0,   0,    0,    0 },  // 0x0105 'gap'
  {  27713,   0,   0,   0,    0,    0 },  // 0x0106 'gap'
  {  27713,   0,   0,   0,    0,    0 },  // 0x0107 'gap'
  {  27713,   0,   0,   0,    0,    0 },  // 0x0108 'gap'
  {  27713,   0,   0,   0,    0,    0 },  // 0x0109 'gap'
  {  27713,   0,   0,   0,    0,    0 },  // 0x010A 'gap'
  {  27713,   0,   0,   0,    0,    0 },  // 0x010B 'gap'
  {  27713,   0,   0,   0,    0,    0 },  // 0x010C 'gap'
  {  27713,   0,   0,   0,    0,    0 },  // 0x010D 'gap'
  {  27713,   0,   0,   0,    0,    0 },  // 0x010E 'gap'
  {  27713,   0,   0,   0,    0,    0 },  // 0x010F 'gap'
  {  27713,   0,   0,   0,    0,    0 },  // 0x0110 'gap'
  {  27713,   0,   0,   0,    0,    0 },  // 0x0111 'gap'
  {  27713,   0,   0,   0,    0,    0 },  // 0x0112 'gap'
  {  27713,   0,   0,   0,    0,    0 },  // 0x0113 'gap'
  {  27713,   0,   0,   0,    0,    0 },  // 0x0114 'gap'
  {  27713,   0,   0,   0,    0,    0 },  // 0x0115 'gap'
  {  27713,   0,   0,   0,    0,    0 },  // 0x0116 'gap'
  {  27713,   0,   0,   0,    0,    0 },  // 0x0117 'gap'
  {  27713,   0,   0,   0,    0,    0 },  // 0x0118 'gap'
  {  27713,   0,   0,   0,    0,    0 },  // 0x0119 'gap'
  {  27713,   0,   0,   0,    0,    0 },  // 0x011A 'gap'
  {  27713,   0,   0,   0,    0,    0 },  // 0x011B 'gap'
  {  27713,   0,   0,   0,    0,    0 },  // 0x011C 'gap'
  {  27713,   0,   0,   0,    0,    0 },  // 0x011D 'gap'
  {  27713,   0,   0,   0,    0,    0 },  // 0x011E 'gap'
  {  27713,   0,   0,   0,    0,    0 },  // 0x011F 'gap'
  {  27713,   0,   0,   0,    0,    0 },  // 0x0120 'gap'
  {  27713,   0,   0,   0,    0,    0 },  // 0x0121 'gap'
  {  27713,   0,   0,   0,    0,    0 },  // 0x0122 'gap'
  {  27713,   0,   0,   0,    0,    0 },  // 0x0123 'gap'
  {  27713,   0,   0,   0,    0,    0 },  // 0x0124 'gap'
  {  27713,   0,   0,   0,    0,    0 },  // 0x0125 'gap'
  {  27713,   0,   0,   0,    0,    0 },  // 0x0126 'gap'
  {  27713,   0,   0,   0,    0,    0 },  // 0x0127 'gap'
  {  27713,   0,   0,   0,    0,    0 },  // 0x0128 'gap'
  {  27713,   0,   0,   0,    0,    0 },  // 0x0129 'gap'
  {  27713,   0,   0,   0,    0,    0 },  // 0x012A 'gap'
  {  27713,   0,   0,   0,    0,    0 },  // 0x012B 'gap'
  {  27713,   0,   0,   0,    0,    0 },  // 0x012C 'gap'
  {  27713,   0,   0,   0,    0,    0 },  // 0x012D 'gap'
  {  27713,   0,   0,   0,    0,    0 },  // 0x012E 'gap'
  {  27713,   0,   0,   0,    0,    0 },  // 0x012F 'gap'
  {  27713,   0,   0,   0,    0,    0 },  // 0x0130 'gap'
  {  27713,   0,   0,   0,    0,    0 },  // 0x0131 'gap'
  {  27713,   0,   0,   0,    0,    0 },  // 0x0132 'gap'
  {  27713,   0,   0,   0,    0,    0 },  // 0x0133 'gap'
  {  27713,   0,   0,   0,    0,    0 },  // 0x0134 'gap'
  {  27713,   0,   0,   0,    0,    0 },  // 0x0135 'gap'
  {  27713,   0,   0,   0,    0,    0 },  // 0x0136 'gap'
  {  27713,   0,   0,   0,    0,    0 },  // 0x0137 'gap'
  {  27713,   0,   0,   0,    0,    0 },  // 0x0138 'gap'
  {  27713,   0,   0,   0,    0,    0 },  // 0x0139 'gap'
  {  27713,   0,   0,   0,    0,    0 },  // 0x013A 'gap'
  {  27713,   0,   0,   0,    0,    0 },  // 0x013B 'gap'
  {  27713,   0,   0,   0,    0,    0 },  // 0x013C 'gap'
  {  27713,   0,   0,   0,    0,    0 },  // 0x013D 'gap'
  {  27713,   0,   0,   0,    0,    0 },  // 0x013E 'gap'
  {  27713,   0,   0,   0,    0,    0 },  // 0x013F 'gap'
  {  27713,   0,   0,   0,    0,    0 },  // 0x0140 'gap'
  {  27713,   0,   0,   0,    0,    0 },  // 0x0141 'gap'
  {  27713,   0,   0,   0,    0,    0 },  // 0x0142 'gap'
  {  27713,   0,   0,   0,    0,    0 },  // 0x0143 'gap'
  {  27713,   0,   0,   0,    0,    0 },  // 0x0144 'gap'
  {  27713,   0,   0,   0,    0,    0 },  // 0x0145 'gap'
  {  27713,   0,   0,   0,    0,    0 },  // 0x0146 'gap'
  {  27713,   0,   0,   0,    0,    0 },  // 0x0147 'gap'
  {  27713,   0,   0,   0,    0,    0 },  // 0x0148 'gap'
  {  27713,   0,   0,   0,    0,    0 },  // 0x0149 'gap'
  {  27713,   0,   0,   0,    0,    0 },  // 0x014A 'gap'
  {  27713,   0,   0,   0,    0,    0 },  // 0x014B 'gap'
  {  27713,   0,   0,   0,    0,    0 },  // 0x014C 'gap'
  {  27713,   0,   0,   0,    0,    0 },  // 0x014D 'gap'
  {  27713,   0,   0,   0,    0,    0 },  // 0x014E 'gap'
  {  27713,   0,   0,   0,    0,    0 },  // 0x014F 'gap'
  {  27713,   0,   0,   0,    0,    0 },  // 0x0150 'gap'
  {  27713,   0,   0,   0,    0,    0 },  // 0x0151 'gap'
  {  27713,   0,   0,   0,    0,    0 },  // 0x0152 'gap'
  {  27713,   0,   0,   0,    0,    0 },  // 0x0153 'gap'
  {  27713,   0,   0,   0,    0,    0 },  // 0x0154 'gap'
  {  27713,   0,   0,   0,    0,    0 },  // 0x0155 'gap'
  {  27713,   0,   0,   0,    0,    0 },  // 0x0156 'gap'
  {  27713,   0,   0,   0,    0,    0 },  // 0x0157 'gap'
  {  27713,   0,   0,   0,    0,    0 },  // 0x0158 'gap'
  {  27713,   0,   0,   0,    0,    0 },  // 0x0159 'gap'
  {  27713,   0,   0,   0,    0,    0 },  // 0x015A 'gap'
  {  27713,   0,   0,   0,    0,    0 },  // 0x015B 'gap'
  {  27713,   0,   0,   0,    0,    0 },  // 0x015C 'gap'
  {  27713,   0,   0,   0,    0,    0 },  // 0x015D 'gap'
  {  27713,   0,   0,   0,    0,    0 },  // 0x015E 'gap'
  {  27713,   0,   0,   0,    0,    0 },  // 0x015F 'gap'
  {  27713,   0,   0,   0,    0,    0 },  // 0x0160 'gap'
  {  27713,   0,   0,   0,    0,    0 },  // 0x0161 'gap'
  {  27713,   0,   0,   0,    0,    0 },  // 0x0162 'gap'
  {  27713,   0,   0,   0,    0,    0 },  // 0x0163 'gap'
  {  27713,   0,   0,   0,    0,    0 },  // 0x0164 'gap'
  {  27713,   0,   0,   0,    0,    0 },  // 0x0165 'gap'
  {  27713,   0,   0,   0,    0,    0 },  // 0x0166 'gap'
  {  27713,   0,   0,   0,    0,    0 },  // 0x0167 'gap'
  {  27713,   0,   0,   0,    0,    0 },  // 0x0168 'gap'
  {  27713,   0,   0,   0,    0,    0 },  // 0x0169 'gap'
  {  27713,   0,   0,   0,    0,    0 },  // 0x016A 'gap'
  {  27713,   0,   0,   0,    0,    0 },  // 0x016B 'gap'
  {  27713,   0,   0,   0,    0,    0 },  // 0x016C 'gap'
  {  27713,   0,   0,   0,    0,    0 },  // 0x016D 'gap'
  {  27713,   0,   0,   0,    0,    0 },  // 0x016E 'gap'
  {  27713,   0,   0,   0,    0,    0 },  // 0x016F 'gap'
  {  27713,   0,   0,   0,    0,    0 },  // 0x0170 'gap'
  {  27713,   0,   0,   0,    0,    0 },  // 0x0171 'gap'
  {  27713,   0,   0,   0,    0,    0 },  // 0x0172 'gap'
  {  27713,   0,   0,   0,    0,    0 },  // 0x0173 'gap'
  {  27713,   0,   0,   0,    0,    0 },  // 0x0174 'gap'
  {  27713,   0,   0,   0,    0,    0 },  // 0x0175 'gap'
  {  27713,   0,   0,   0,    0,    0 },  // 0x0176 'gap'
  {  27713,   0,   0,   0,    0,    0 },  // 0x0177 'gap'
  {  27713,   0,   0,   0,    0,    0 },  // 0x0178 'gap'
  {  27713,   0,   0,   0,    0,    0 },  // 0x0179 'gap'
  {  27713,   0,   0,   0,    0,    0 },  // 0x017A 'gap'
  {  27713,   0,   0,   0,    0,    0 },  // 0x017B 'gap'
  {  27713,   0,   0,   0,    0,    0 },  // 0x017C 'gap'
  {  27713,   0,   0,   0,    0,    0 },  // 0x017D 'gap'
  {  27713,   0,   0,   0,    0,    0 },  // 0x017E 'gap'
  {  27713,   0,   0,   0,    0,    0 },  // 0x017F 'gap'
  {  27713,   0,   0,   0,    0,    0 },  // 0x0180 'gap'
  {  27713,   0,   0,   0,    0,    0 },  // 0x0181 'gap'
  {  27713,   0,   0,   0,    0,    0 },  // 0x0182 'gap'
  {  27713,   0,   0,   0,    0,    0 },  // 0x0183 'gap'
  {  27713,   0,   0,   0,    0,    0 },  // 0x0184 'gap'
  {  27713,   0,   0,   0,    0,    0 },  // 0x0185 'gap'
  {  27713,   0,   0,   0,    0,    0 },  // 0x0186 'gap'
  {  27713,   0,   0,   0,    0,    0 },  // 0x0187 'gap'
  {  27713,   0,   0,   0,    0,    0 },  // 0x0188 'gap'
  {  27713,   0,   0,   0,    0,    0 },  // 0x0189 'gap'
  {  27713,   0,   0,   0,    0,    0 },  // 0x018A 'gap'
  {  27713,   0,   0,   0,    0,    0 },  // 0x018B 'gap'
  {  27713,   0,   0,   0,    0,    0 },  // 0x018C 'gap'
  {  27713,   0,   0,   0,    0,    0 },  // 0x018D 'gap'
  {  27713,   0,   0,   0,    0,    0 },  // 0x018E 'gap'
  {  27713,   0,   0,   0,    0,    0 },  // 0x018F 'gap'
  {  27713,   0,   0,   0,    0,    0 },  // 0x0190 'gap'
  {  27713,   0,   0,   0,    0,    0 },  // 0x0191 'gap'
  {  27713,   0,   0,   0,    0,    0 },  // 0x0192 'gap'
  {  27713,   0,   0,   0,    0,    0 },  // 0x0193 'gap'
  {  27713,   0,   0,   0,    0,    0 },  // 0x0194 'gap'
  {  27713,   0,   0,   0,    0,    0 },  // 0x0195 'gap'
  {  27713,   0,   0,   0,    0,    0 },  // 0x0196 'gap'
  {  27713,   0,   0,   0,    0,    0 },  // 0x0197 'gap'
  {  27713,   0,   0,   0,    0,    0 },  // 0x0198 'gap'
  {  27713,   0,   0,   0,    0,    0 },  // 0x0199 'gap'
  {  27713,   0,   0,   0,    0,    0 },  // 0x019A 'gap'
  {  27713,   0,   0,   0,    0,    0 },  // 0x019B 'gap'
  {  27713,   0,   0,   0,    0,    0 },  // 0x019C 'gap'
  {  27713,   0,   0,   0,    0,    0 },  // 0x019D 'gap'
  {  27713,   0,   0,   0,    0,    0 },  // 0x019E 'gap'
  {  27713,   0,   0,   0,    0,    0 },  // 0x019F 'gap'
  {  27713,   0,   0,   0,    0,    0 },  // 0x01A0 'gap'
  {  27713,   0,   0,   0,    0,    0 },  // 0x01A1 'gap'
  {  27713,   0,   0,   0,    0,    0 },  // 0x01A2 'gap'
  {  27713,   0,   0,   0,    0,    0 },  // 0x01A3 'gap'
  {  27713,   0,   0,   0,    0,    0 },  // 0x01A4 'gap'
  {  27713,   0,   0,   0,    0,    0 },  // 0x01A5 'gap'
  {  27713,   0,   0,   0,    0,    0 },  // 0x01A6 'gap'
  {  27713,   0,   0,   0,    0,    0 },  // 0x01A7 'gap'
  {  27713,   0,   0,   0,    0,    0 },  // 0x01A8 'gap'
  {  27713,   0,   0,   0,    0,    0 },  // 0x01A9 'gap'
  {  27713,   0,   0,   0,    0,    0 },  // 0x01AA 'gap'
  {  27713,   0,   0,   0,    0,    0 },  // 0x01AB 'gap'
  {  27713,   0,   0,   0,    0,    0 },  // 0x01AC 'gap'
  {  27713,   0,   0,   0,    0,    0 },  // 0x01AD 'gap'
  {  27713,   0,   0,   0,    0,    0 },  // 0x01AE 'gap'
  {  27713,   0,   0,   0,    0,    0 },  // 0x01AF 'gap'
  {  27713,   0,   0,   0,    0,    0 },  // 0x01B0 'gap'
  {  27713,   0,   0,   0,    0,    0 },  // 0x01B1 'gap'
  {  27713,   0,   0,   0,    0,    0 },  // 0x01B2 'gap'
  {  27713,   0,   0,   0,    0,    0 },  // 0x01B3 'gap'
  {  27713,   0,   0,   0,    0,    0 },  // 0x01B4 'gap'
  {  27713,   0,   0,   0,    0,    0 },  // 0x01B5 'gap'
  {  27713,   0,   0,   0,    0,    0 },  // 0x01B6 'gap'
  {  27713,   0,   0,   0,    0,    0 },  // 0x01B7 'gap'
  {  27713,   0,   0,   0,    0,    0 },  // 0x01B8 'gap'
  {  27713,   0,   0,   0,    0,    0 },  // 0x01B9 'gap'
  {  27713,   0,   0,   0,    0,    0 },  // 0x01BA 'gap'
  {  27713,   0,   0,   0,    0,    0 },  // 0x01BB 'gap'
  {  27713,   0,   0,   0,    0,    0 },  // 0x01BC 'gap'
  {  27713,   0,   0,   0,    0,    0 },  // 0x01BD 'gap'
  {  27713,   0,   0,   0,    0,    0 },  // 0x01BE 'gap'
  {  27713,   0,   0,   0,    0,    0 },  // 0x01BF 'gap'
  {  27713,   0,   0,   0,    0,    0 },  // 0x01C0 'gap'
  {  27713,   0,   0,   0,    0,    0 },  // 0x01C1 'gap'
  {  27713,   0,   0,   0,    0,    0 },  // 0x01C2 'gap'
  {  27713,   0,   0,   0,    0,    0 },  // 0x01C3 'gap'
  {  27713,   0,   0,   0,    0,    0 },  // 0x01C4 'gap'
  {  27713,   0,   0,   0,    0,    0 },  // 0x01C5 'gap'
  {  27713,   0,   0,   0,    0,    0 },  // 0x01C6 'gap'
  {  27713,   0,   0,   0,    0,    0 },  // 0x01C7 'gap'
  {  27713,   0,   0,   0,    0,    0 },  // 0x01C8 'gap'
  {  27713,   0,   0,   0,    0,    0 },  // 0x01C9 'gap'
  {  27713,   0,   0,   0,    0,    0 },  // 0x01CA 'gap'
  {  27713,   0,   0,   0,    0,    0 },  // 0x01CB 'gap'
  {  27713,   0,   0,   0,    0,    0 },  // 0x01CC 'gap'
  {  27713,   0,   0,   0,    0,    0 },  // 0x01CD 'gap'
  {  27713,   0,   0,   0,    0,    0 },  // 0x01CE 'gap'
  {  27713,   0,   0,   0,    0,    0 },  // 0x01CF 'gap'
  {  27713,   0,   0,   0,    0,    0 },  // 0x01D0 'gap'
  {  27713,   0,   0,   0,    0,    0 },  // 0x01D1 'gap'
  {  27713,   0,   0,   0,    0,    0 },  // 0x01D2 'gap'
  {  27713,   0,   0,   0,    0,    0 },  // 0x01D3 'gap'
  {  27713,   0,   0,   0,    0,    0 },  // 0x01D4 'gap'
  {  27713,   0,   0,   0,    0,    0 },  // 0x01D5 'gap'
  {  27713,   0,   0,   0,    0,    0 },  // 0x01D6 'gap'
  {  27713,   0,   0,   0,    0,    0 },  // 0x01D7 'gap'
  {  27713,   0,   0,   0,    0,    0 },  // 0x01D8 'gap'
  {  27713,   0,   0,   0,    0,    0 },  // 0x01D9 'gap'
  {  27713,   0,   0,   0,    0,    0 },  // 0x01DA 'gap'
  {  27713,   0,   0,   0,    0,    0 },  // 0x01DB 'gap'
  {  27713,   0,   0,   0,    0,    0 },  // 0x01DC 'gap'
  {  27713,   0,   0,   0,    0,    0 },  // 0x01DD 'gap'
  {  27713,   0,   0,   0,    0,    0 },  // 0x01DE 'gap'
  {  27713,   0,   0,   0,    0,    0 },  // 0x01DF 'gap'
  {  27713,   0,   0,   0,    0,    0 },  // 0x01E0 'gap'
  {  27713,   0,   0,   0,    0,    0 },  // 0x01E1 'gap'
  {  27713,   0,   0,   0,    0,    0 },  // 0x01E2 'gap'
  {  27713,   0,   0,   0,    0,    0 },  // 0x01E3 'gap'
  {  27713,   0,   0,   0,    0,    0 },  // 0x01E4 'gap'
  {  27713,   0,   0,   0,    0,    0 },  // 0x01E5 'gap'
  {  27713,   0,   0,   0,    0,    0 },  // 0x01E6 'gap'
  {  27713,   0,   0,   0,    0,    0 },  // 0x01E7 'gap'
  {  27713,   0,   0,   0,    0,    0 },  // 0x01E8 'gap'
  {  27713,   0,   0,   0,    0,    0 },  // 0x01E9 'gap'
  {  27713,   0,   0,   0,    0,    0 },  // 0x01EA 'gap'
  {  27713,   0,   0,   0,    0,    0 },  // 0x01EB 'gap'
  {  27713,   0,   0,   0,    0,    0 },  // 0x01EC 'gap'
  {  27713,   0,   0,   0,    0,    0 },  // 0x01ED 'gap'
  {  27713,   0,   0,   0,    0,    0 },  // 0x01EE 'gap'
  {  27713,   0,   0,   0,    0,    0 },  // 0x01EF 'gap'
  {  27713,   0,   0,   0,    0,    0 },  // 0x01F0 'gap'
  {  27713,   0,   0,   0,    0,    0 },  // 0x01F1 'gap'
  {  27713,   0,   0,   0,    0,    0 },  // 0x01F2 'gap'
  {  27713,   0,   0,   0,    0,    0 },  // 0x01F3 'gap'
  {  27713,   0,   0,   0,    0,    0 },  // 0x01F4 'gap'
  {  27713,   0,   0,   0,    0,    0 },  // 0x01F5 'gap'
  {  27713,   0,   0,   0,    0,    0 },  // 0x01F6 'gap'
  {  27713,   0,   0,   0,    0,    0 },  // 0x01F7 'gap'
  {  27713,   0,   0,   0,    0,    0 },  // 0x01F8 'gap'
  {  27713,   0,   0,   0,    0,    0 },  // 0x01F9 'gap'
  {  27713,   0,   0,   0,    0,    0 },  // 0x01FA 'gap'
  {  27713,   0,   0,   0,    0,    0 },  // 0x01FB 'gap'
  {  27713,   0,   0,   0,    0,    0 },  // 0x01FC 'gap'
  {  27713,   0,   0,   0,    0,    0 },  // 0x01FD 'gap'
  {  27713,   0,   0,   0,    0,    0 },  // 0x01FE 'gap'
  {  27713,   0,   0,   0,    0,    0 },  // 0x01FF 'gap'
  {  27713,   0,   0,   0,    0,    0 },  // 0x0200 'gap'
  {  27713,   0,   0,   0,    0,    0 },  // 0x0201 'gap'
  {  27713,   0,   0,   0,    0,    0 },  // 0x0202 'gap'
  {  27713,   0,   0,   0,    0,    0 },  // 0x0203 'gap'
  {  27713,   0,   0,   0,    0,    0 },  // 0x0204 'gap'
  {  27713,   0,   0,   0,    0,    0 },  // 0x0205 'gap'
  {  27713,   0,   0,   0,    0,    0 },  // 0x0206 'gap'
  {  27713,   0,   0,   0,    0,    0 },  // 0x0207 'gap'
  {  27713,   0,   0,   0,    0,    0 },  // 0x0208 'gap'
  {  27713,   0,   0,   0,    0,    0 },  // 0x0209 'gap'
  {  27713,   0,   0,   0,    0,    0 },  // 0x020A 'gap'
  {  27713,   0,   0,   0,    0,    0 },  // 0x020B 'gap'
  {  27713,   0,   0,   0,    0,    0 },  // 0x020C 'gap'
  {  27713,   0,   0,   0,    0,    0 },  // 0x020D 'gap'
  {  27713,   0,   0,   0,    0,    0 },  // 0x020E 'gap'
  {  27713,   0,   0,   0,    0,    0 },  // 0x020F 'gap'
  {  27713,   0,   0,   0,    0,    0 },  // 0x0210 'gap'
  {  27713,   0,   0,   0,    0,    0 },  // 0x0211 'gap'
  {  27713,   0,   0,   0,    0,    0 },  // 0x0212 'gap'
  {  27713,   0,   0,   0,    0,    0 },  // 0x0213 'gap'
  {  27713,   0,   0,   0,    0,    0 },  // 0x0214 'gap'
  {  27713,   0,   0,   0,    0,    0 },  // 0x0215 'gap'
  {  27713,   0,   0,   0,    0,    0 },  // 0x0216 'gap'
  {  27713,   0,   0,   0,    0,    0 },  // 0x0217 'gap'
  {  27713,   0,   0,   0,    0,    0 },  // 0x0218 'gap'
  {  27713,   0,   0,   0,    0,    0 },  // 0x0219 'gap'
  {  27713,   0,   0,   0,    0,    0 },  // 0x021A 'gap'
  {  27713,   0,   0,   0,    0,    0 },  // 0x021B 'gap'
  {  27713,   0,   0,   0,    0,    0 },  // 0x021C 'gap'
  {  27713,   0,   0,   0,    0,    0 },  // 0x021D 'gap'
  {  27713,   0,   0,   0,    0,    0 },  // 0x021E 'gap'
  {  27713,   0,   0,   0,    0,    0 },  // 0x021F 'gap'
  {  27713,   0,   0,   0,    0,    0 },  // 0x0220 'gap'
  {  27713,   0,   0,   0,    0,    0 },  // 0x0221 'gap'
  {  27713,   0,   0,   0,    0,    0 },  // 0x0222 'gap'
  {  27713,   0,   0,   0,    0,    0 },  // 0x0223 'gap'
  {  27713,   0,   0,   0,    0,    0 },  // 0x0224 'gap'
  {  27713,   0,   0,   0,    0,    0 },  // 0x0225 'gap'
  {  27713,   0,   0,   0,    0,    0 },  // 0x0226 'gap'
  {  27713,   0,   0,   0,    0,    0 },  // 0x0227 'gap'
  {  27713,   0,   0,   0,    0,    0 },  // 0x0228 'gap'
  {  27713,   0,   0,   0,    0,    0 },  // 0x0229 'gap'
  {  27713,   0,   0,   0,    0,    0 },  // 0x022A 'gap'
  {  27713,   0,   0,   0,    0,    0 },  // 0x022B 'gap'
  {  27713,   0,   0,   0,    0,    0 },  // 0x022C 'gap'
  {  27713,   0,   0,   0,    0,    0 },  // 0x022D 'gap'
  {  27713,   0,   0,   0,    0,    0 },  // 0x022E 'gap'
  {  27713,   0,   0,   0,    0,    0 },  // 0x022F 'gap'
  {  27713,   0,   0,   0,    0,    0 },  // 0x0230 'gap'
  {  27713,   0,   0,   0,    0,    0 },  // 0x0231 'gap'
  {  27713,   0,   0,   0,    0,    0 },  // 0x0232 'gap'
  {  27713,   0,   0,   0,    0,    0 },  // 0x0233 'gap'
  {  27713,   0,   0,   0,    0,    0 },  // 0x0234 'gap'
  {  27713,   0,   0,   0,    0,    0 },  // 0x0235 'gap'
  {  27713,   0,   0,   0,    0,    0 },  // 0x0236 'gap'
  {  27713,   0,   0,   0,    0,    0 },  // 0x0237 'gap'
  {  27713,   0,   0,   0,    0,    0 },  // 0x0238 'gap'
  {  27713,   0,   0,   0,    0,    0 },  // 0x0239 'gap'
  {  27713,   0,   0,   0,    0,    0 },  // 0x023A 'gap'
  {  27713,   0,   0,   0,    0,    0 },  // 0x023B 'gap'
  {  27713,   0,   0,   0,    0,    0 },  // 0x023C 'gap'
  {  27713,   0,   0,   0,    0,    0 },  // 0x023D 'gap'
  {  27713,   0,   0,   0,    0,    0 },  // 0x023E 'gap'
  {  27713,   0,   0,   0,    0,    0 },  // 0x023F 'gap'
  {  27713,   0,   0,   0,    0,    0 },  // 0x0240 'gap'
  {  27713,   0,   0,   0,    0,    0 },  // 0x0241 'gap'
  {  27713,   0,   0,   0,    0,    0 },  // 0x0242 'gap'
  {  27713,   0,   0,   0,    0,    0 },  // 0x0243 'gap'
  {  27713,   0,   0,   0,    0,    0 },  // 0x0244 'gap'
  {  27713,   0,   0,   0,    0,    0 },  // 0x0245 'gap'
  {  27713,   0,   0,   0,    0,    0 },  // 0x0246 'gap'
  {  27713,   0,   0,   0,    0,    0 },  // 0x0247 'gap'
  {  27713,   0,   0,   0,    0,    0 },  // 0x0248 'gap'
  {  27713,   0,   0,   0,    0,    0 },  // 0x0249 'gap'
  {  27713,   0,   0,   0,    0,    0 },  // 0x024A 'gap'
  {  27713,   0,   0,   0,    0,    0 },  // 0x024B 'gap'
  {  27713,   0,   0,   0,    0,    0 },  // 0x024C 'gap'
  {  27713,   0,   0,   0,    0,    0 },  // 0x024D 'gap'
  {  27713,   0,   0,   0,    0,    0 },  // 0x024E 'gap'
  {  27713,   0,   0,   0,    0,    0 },  // 0x024F 'gap'
  {  27713,   0,   0,   0,    0,    0 },  // 0x0250 'gap'
  {  27713,   0,   0,   0,    0,    0 },  // 0x0251 'gap'
  {  27713,   0,   0,   0,    0,    0 },  // 0x0252 'gap'
  {  27713,   0,   0,   0,    0,    0 },  // 0x0253 'gap'
  {  27713,   0,   0,   0,    0,    0 },  // 0x0254 'gap'
  {  27713,   0,   0,   0,    0,    0 },  // 0x0255 'gap'
  {  27713,   0,   0,   0,    0,    0 },  // 0x0256 'gap'
  {  27713,   0,   0,   0,    0,    0 },  // 0x0257 'gap'
  {  27713,   0,   0,   0,    0,    0 },  // 0x0258 'gap'
  {  27713,   0,   0,   0,    0,    0 },  // 0x0259 'gap'
  {  27713,   0,   0,   0,    0,    0 },  // 0x025A 'gap'
  {  27713,   0,   0,   0,    0,    0 },  // 0x025B 'gap'
  {  27713,   0,   0,   0,    0,    0 },  // 0x025C 'gap'
  {  27713,   0,   0,   0,    0,    0 },  // 0x025D 'gap'
  {  27713,   0,   0,   0,    0,    0 },  // 0x025E 'gap'
  {  27713,   0,   0,   0,    0,    0 },  // 0x025F 'gap'
  {  27713,   0,   0,   0,    0,    0 },  // 0x0260 'gap'
  {  27713,   0,   0,   0,    0,    0 },  // 0x0261 'gap'
  {  27713,   0,   0,   0,    0,    0 },  // 0x0262 'gap'
  {  27713,   0,   0,   0,    0,    0 },  // 0x0263 'gap'
  {  27713,   0,   0,   0,    0,    0 },  // 0x0264 'gap'
  {  27713,   0,   0,   0,    0,    0 },  // 0x0265 'gap'
  {  27713,   0,   0,   0,    0,    0 },  // 0x0266 'gap'
  {  27713,   0,   0,   0,    0,    0 },  // 0x0267 'gap'
  {  27713,   0,   0,   0,    0,    0 },  // 0x0268 'gap'
  {  27713,   0,   0,   0,    0,    0 },  // 0x0269 'gap'
  {  27713,   0,   0,   0,    0,    0 },  // 0x026A 'gap'
  {  27713,   0,   0,   0,    0,    0 },  // 0x026B 'gap'
  {  27713,   0,   0,   0,    0,    0 },  // 0x026C 'gap'
  {  27713,   0,   0,   0,    0,    0 },  // 0x026D 'gap'
  {  27713,   0,   0,   0,    0,    0 },  // 0x026E 'gap'
  {  27713,   0,   0,   0,    0,    0 },  // 0x026F 'gap'
  {  27713,   0,   0,   0,    0,    0 },  // 0x0270 'gap'
  {  27713,   0,   0,   0,    0,    0 },  // 0x0271 'gap'
  {  27713,   0,   0,   0,    0,    0 },  // 0x0272 'gap'
  {  27713,   0,   0,   0,    0,    0 },  // 0x0273 'gap'
  {  27713,   0,   0,   0,    0,    0 },  // 0x0274 'gap'
  {  27713,   0,   0,   0,    0,    0 },  // 0x0275 'gap'
  {  27713,   0,   0,   0,    0,    0 },  // 0x0276 'gap'
  {  27713,   0,   0,   0,    0,    0 },  // 0x0277 'gap'
  {  27713,   0,   0,   0,    0,    0 },  // 0x0278 'gap'
  {  27713,   0,   0,   0,    0,    0 },  // 0x0279 'gap'
  {  27713,   0,   0,   0,    0,    0 },  // 0x027A 'gap'
  {  27713,   0,   0,   0,    0,    0 },  // 0x027B 'gap'
  {  27713,   0,   0,   0,    0,    0 },  // 0x027C 'gap'
  {  27713,   0,   0,   0,    0,    0 },  // 0x027D 'gap'
  {  27713,   0,   0,   0,    0,    0 },  // 0x027E 'gap'
  {  27713,   0,   0,   0,    0,    0 },  // 0x027F 'gap'
  {  27713,   0,   0,   0,    0,    0 },  // 0x0280 'gap'
  {  27713,   0,   0,   0,    0,    0 },  // 0x0281 'gap'
  {  27713,   0,   0,   0,    0,    0 },  // 0x0282 'gap'
  {  27713,   0,   0,   0,    0,    0 },  // 0x0283 'gap'
  {  27713,   0,   0,   0,    0,    0 },  // 0x0284 'gap'
  {  27713,   0,   0,   0,    0,    0 },  // 0x0285 'gap'
  {  27713,   0,   0,   0,    0,    0 },  // 0x0286 'gap'
  {  27713,   0,   0,   0,    0,    0 },  // 0x0287 'gap'
  {  27713,   0,   0,   0,    0,    0 },  // 0x0288 'gap'
  {  27713,   0,   0,   0,    0,    0 },  // 0x0289 'gap'
  {  27713,   0,   0,   0,    0,    0 },  // 0x028A 'gap'
  {  27713,   0,   0,   0,    0,    0 },  // 0x028B 'gap'
  {  27713,   0,   0,   0,    0,    0 },  // 0x028C 'gap'
  {  27713,   0,   0,   0,    0,    0 },  // 0x028D 'gap'
  {  27713,   0,   0,   0,    0,    0 },  // 0x028E 'gap'
  {  27713,   0,   0,   0,    0,    0 },  // 0x028F 'gap'
  {  27713,   0,   0,   0,    0,    0 },  // 0x0290 'gap'
  {  27713,   0,   0,   0,    0,    0 },  // 0x0291 'gap'
  {  27713,   0,   0,   0,    0,    0 },  // 0x0292 'gap'
  {  27713,   0,   0,   0,    0,    0 },  // 0x0293 'gap'
  {  27713,   0,   0,   0,    0,    0 },  // 0x0294 'gap'
  {  27713,   0,   0,   0,    0,    0 },  // 0x0295 'gap'
  {  27713,   0,   0,   0,    0,    0 },  // 0x0296 'gap'
  {  27713,   0,   0,   0,    0,    0 },  // 0x0297 'gap'
  {  27713,   0,   0,   0,    0,    0 },  // 0x0298 'gap'
  {  27713,   0,   0,   0,    0,    0 },  // 0x0299 'gap'
  {  27713,   0,   0,   0,    0,    0 },  // 0x029A 'gap'
  {  27713,   0,   0,   0,    0,    0 },  // 0x029B 'gap'
  {  27713,   0,   0,   0,    0,    0 },  // 0x029C 'gap'
  {  27713,   0,   0,   0,    0,    0 },  // 0x029D 'gap'
  {  27713,   0,   0,   0,    0,    0 },  // 0x029E 'gap'
  {  27713,   0,   0,   0,    0,    0 },  // 0x029F 'gap'
  {  27713,   0,   0,   0,    0,    0 },  // 0x02A0 'gap'
  {  27713,   0,   0,   0,    0,    0 },  // 0x02A1 'gap'
  {  27713,   0,   0,   0,    0,    0 },  // 0x02A2 'gap'
  {  27713,   0,   0,   0,    0,    0 },  // 0x02A3 'gap'
  {  27713,   0,   0,   0,    0,    0 },  // 0x02A4 'gap'
  {  27713,   0,   0,   0,    0,    0 },  // 0x02A5 'gap'
  {  27713,   0,   0,   0,    0,    0 },  // 0x02A6 'gap'
  {  27713,   0,   0,   0,    0,    0 },  // 0x02A7 'gap'
  {  27713,   0,   0,   0,    0,    0 },  // 0x02A8 'gap'
  {  27713,   0,   0,   0,    0,    0 },  // 0x02A9 'gap'
  {  27713,   0,   0,   0,    0,    0 },  // 0x02AA 'gap'
  {  27713,   0,   0,   0,    0,    0 },  // 0x02AB 'gap'
  {  27713,   0,   0,   0,    0,    0 },  // 0x02AC 'gap'
  {  27713,   0,   0,   0,    0,    0 },  // 0x02AD 'gap'
  {  27713,   0,   0,   0,    0,    0 },  // 0x02AE 'gap'
  {  27713,   0,   0,   0,    0,    0 },  // 0x02AF 'gap'
  {  27713,   0,   0,   0,    0,    0 },  // 0x02B0 'gap'
  {  27713,   0,   0,   0,    0,    0 },  // 0x02B1 'gap'
  {  27713,   0,   0,   0,    0,    0 },  // 0x02B2 'gap'
  {  27713,   0,   0,   0,    0,    0 },  // 0x02B3 'gap'
  {  27713,   0,   0,   0,    0,    0 },  // 0x02B4 'gap'
  {  27713,   0,   0,   0,    0,    0 },  // 0x02B5 'gap'
  {  27713,   0,   0,   0,    0,    0 },  // 0x02B6 'gap'
  {  27713,   0,   0,   0,    0,    0 },  // 0x02B7 'gap'
  {  27713,   0,   0,   0,    0,    0 },  // 0x02B8 'gap'
  {  27713,   0,   0,   0,    0,    0 },  // 0x02B9 'gap'
  {  27713,   0,   0,   0,    0,    0 },  // 0x02BA 'gap'
  {  27713,   0,   0,   0,    0,    0 },  // 0x02BB 'gap'
  {  27713,   0,   0,   0,    0,    0 },  // 0x02BC 'gap'
  {  27713,   0,   0,   0,    0,    0 },  // 0x02BD 'gap'
  {  27713,   0,   0,   0,    0,    0 },  // 0x02BE 'gap'
  {  27713,   0,   0,   0,    0,    0 },  // 0x02BF 'gap'
  {  27713,   0,   0,   0,    0,    0 },  // 0x02C0 'gap'
  {  27713,   0,   0,   0,    0,    0 },  // 0x02C1 'gap'
  {  27713,   0,   0,   0,    0,    0 },  // 0x02C2 'gap'
  {  27713,   0,   0,   0,    0,    0 },  // 0x02C3 'gap'
  {  27713,   0,   0,   0,    0,    0 },  // 0x02C4 'gap'
  {  27713,   0,   0,   0,    0,    0 },  // 0x02C5 'gap'
  {  27713,   0,   0,   0,    0,    0 },  // 0x02C6 'gap'
  {  27713,   0,   0,   0,    0,    0 },  // 0x02C7 'gap'
  {  27713,   0,   0,   0,    0,    0 },  // 0x02C8 'gap'
  {  27713,   0,   0,   0,    0,    0 },  // 0x02C9 'gap'
  {  27713,   0,   0,   0,    0,    0 },  // 0x02CA 'gap'
  {  27713,   0,   0,   0,    0,    0 },  // 0x02CB 'gap'
  {  27713,   0,   0,   0,    0,    0 },  // 0x02CC 'gap'
  {  27713,   0,   0,   0,    0,    0 },  // 0x02CD 'gap'
  {  27713,   0,   0,   0,    0,    0 },  // 0x02CE 'gap'
  {  27713,   0,   0,   0,    0,    0 },  // 0x02CF 'gap'
  {  27713,   0,   0,   0,    0,    0 },  // 0x02D0 'gap'
  {  27713,   0,   0,   0,    0,    0 },  // 0x02D1 'gap'
  {  27713,   0,   0,   0,    0,    0 },  // 0x02D2 'gap'
  {  27713,   0,   0,   0,    0,    0 },  // 0x02D3 'gap'
  {  27713,   0,   0,   0,    0,    0 },  // 0x02D4 'gap'
  {  27713,   0,   0,   0,    0,    0 },  // 0x02D5 'gap'
  {  27713,   0,   0,   0,    0,    0 },  // 0x02D6 'gap'
  {  27713,   0,   0,   0,    0,    0 },  // 0x02D7 'gap'
  {  27713,   0,   0,   0,    0,    0 },  // 0x02D8 'gap'
  {  27713,   0,   0,   0,    0,    0 },  // 0x02D9 'gap'
  {  27713,   0,   0,   0,    0,    0 },  // 0x02DA 'gap'
  {  27713,   0,   0,   0,    0,    0 },  // 0x02DB 'gap'
  {  27713,   0,   0,   0,    0,    0 },  // 0x02DC 'gap'
  {  27713,   0,   0,   0,    0,    0 },  // 0x02DD 'gap'
  {  27713,   0,   0,   0,    0,    0 },  // 0x02DE 'gap'
  {  27713,   0,   0,   0,    0,    0 },  // 0x02DF 'gap'
  {  27713,   0,   0,   0,    0,    0 },  // 0x02E0 'gap'
  {  27713,   0,   0,   0,    0,    0 },  // 0x02E1 'gap'
  {  27713,   0,   0,   0,    0,    0 },  // 0x02E2 'gap'
  {  27713,   0,   0,   0,    0,    0 },  // 0x02E3 'gap'
  {  27713,   0,   0,   0,    0,    0 },  // 0x02E4 'gap'
  {  27713,   0,   0,   0,    0,    0 },  // 0x02E5 'gap'
  {  27713,   0,   0,   0,    0,    0 },  // 0x02E6 'gap'
  {  27713,   0,   0,   0,    0,    0 },  // 0x02E7 'gap'
  {  27713,   0,   0,   0,    0,    0 },  // 0x02E8 'gap'
  {  27713,   0,   0,   0,    0,    0 },  // 0x02E9 'gap'
  {  27713,   0,   0,   0,    0,    0 },  // 0x02EA 'gap'
  {  27713,   0,   0,   0,    0,    0 },  // 0x02EB 'gap'
  {  27713,   0,   0,   0,    0,    0 },  // 0x02EC 'gap'
  {  27713,   0,   0,   0,    0,    0 },  // 0x02ED 'gap'
  {  27713,   0,   0,   0,    0,    0 },  // 0x02EE 'gap'
  {  27713,   0,   0,   0,    0,    0 },  // 0x02EF 'gap'
  {  27713,   0,   0,   0,    0,    0 },  // 0x02F0 'gap'
  {  27713,   0,   0,   0,    0,    0 },  // 0x02F1 'gap'
  {  27713,   0,   0,   0,    0,    0 },  // 0x02F2 'gap'
  {  27713,   0,   0,   0,    0,    0 },  // 0x02F3 'gap'
  {  27713,   0,   0,   0,    0,    0 },  // 0x02F4 'gap'
  {  27713,   0,   0,   0,    0,    0 },  // 0x02F5 'gap'
  {  27713,   0,   0,   0,    0,    0 },  // 0x02F6 'gap'
  {  27713,   0,   0,   0,    0,    0 },  // 0x02F7 'gap'
  {  27713,   0,   0,   0,    0,    0 },  // 0x02F8 'gap'
  {  27713,   0,   0,   0,    0,    0 },  // 0x02F9 'gap'
  {  27713,   0,   0,   0,    0,    0 },  // 0x02FA 'gap'
  {  27713,   0,   0,   0,    0,    0 },  // 0x02FB 'gap'
  {  27713,   0,   0,   0,    0,    0 },  // 0x02FC 'gap'
  {  27713,   0,   0,   0,    0,    0 },  // 0x02FD 'gap'
  {  27713,   0,   0,   0,    0,    0 },  // 0x02FE 'gap'
  {  27713,   0,   0,   0,    0,    0 },  // 0x02FF 'gap'
  {  27713,   0,   0,   0,    0,    0 },  // 0x0300 'gap'
  {  27713,   0,   0,   0,    0,    0 },  // 0x0301 'gap'
  {  27713,   0,   0,   0,    0,    0 },  // 0x0302 'gap'
  {  27713,   0,   0,   0,    0,    0 },  // 0x0303 'gap'
  {  27713,   0,   0,   0,    0,    0 },  // 0x0304 'gap'
  {  27713,   0,   0,   0,    0,    0 },  // 0x0305 'gap'
  {  27713,   0,   0,   0,    0,    0 },  // 0x0306 'gap'
  {  27713,   0,   0,   0,    0,    0 },  // 0x0307 'gap'
  {  27713,   0,   0,   0,    0,    0 },  // 0x0308 'gap'
  {  27713,   0,   0,   0,    0,    0 },  // 0x0309 'gap'
  {  27713,   0,   0,   0,    0,    0 },  // 0x030A 'gap'
  {  27713,   0,   0,   0,    0,    0 },  // 0x030B 'gap'
  {  27713,   0,   0,   0,    0,    0 },  // 0x030C 'gap'
  {  27713,   0,   0,   0,    0,    0 },  // 0x030D 'gap'
  {  27713,   0,   0,   0,    0,    0 },  // 0x030E 'gap'
  {  27713,   0,   0,   0,    0,    0 },  // 0x030F 'gap'
  {  27713,   0,   0,   0,    0,    0 },  // 0x0310 'gap'
  {  27713,   0,   0,   0,    0,    0 },  // 0x0311 'gap'
  {  27713,   0,   0,   0,    0,    0 },  // 0x0312 'gap'
  {  27713,   0,   0,   0,    0,    0 },  // 0x0313 'gap'
  {  27713,   0,   0,   0,    0,    0 },  // 0x0314 'gap'
  {  27713,   0,   0,   0,    0,    0 },  // 0x0315 'gap'
  {  27713,   0,   0,   0,    0,    0 },  // 0x0316 'gap'
  {  27713,   0,   0,   0,    0,    0 },  // 0x0317 'gap'
  {  27713,   0,   0,   0,    0,    0 },  // 0x0318 'gap'
  {  27713,   0,   0,   0,    0,    0 },  // 0x0319 'gap'
  {  27713,   0,   0,   0,    0,    0 },  // 0x031A 'gap'
  {  27713,   0,   0,   0,    0,    0 },  // 0x031B 'gap'
  {  27713,   0,   0,   0,    0,    0 },  // 0x031C 'gap'
  {  27713,   0,   0,   0,    0,    0 },  // 0x031D 'gap'
  {  27713,   0,   0,   0,    0,    0 },  // 0x031E 'gap'
  {  27713,   0,   0,   0,    0,    0 },  // 0x031F 'gap'
  {  27713,   0,   0,   0,    0,    0 },  // 0x0320 'gap'
  {  27713,   0,   0,   0,    0,    0 },  // 0x0321 'gap'
  {  27713,   0,   0,   0,    0,    0 },  // 0x0322 'gap'
  {  27713,   0,   0,   0,    0,    0 },  // 0x0323 'gap'
  {  27713,   0,   0,   0,    0,    0 },  // 0x0324 'gap'
  {  27713,   0,   0,   0,    0,    0 },  // 0x0325 'gap'
  {  27713,   0,   0,   0,    0,    0 },  // 0x0326 'gap'
  {  27713,   0,   0,   0,    0,    0 },  // 0x0327 'gap'
  {  27713,   0,   0,   0,    0,    0 },  // 0x0328 'gap'
  {  27713,   0,   0,   0,    0,    0 },  // 0x0329 'gap'
  {  27713,   0,   0,   0,    0,    0 },  // 0x032A 'gap'
  {  27713,   0,   0,   0,    0,    0 },  // 0x032B 'gap'
  {  27713,   0,   0,   0,    0,    0 },  // 0x032C 'gap'
  {  27713,   0,   0,   0,    0,    0 },  // 0x032D 'gap'
  {  27713,   0,   0,   0,    0,    0 },  // 0x032E 'gap'
  {  27713,   0,   0,   0,    0,    0 },  // 0x032F 'gap'
  {  27713,   0,   0,   0,    0,    0 },  // 0x0330 'gap'
  {  27713,   0,   0,   0,    0,    0 },  // 0x0331 'gap'
  {  27713,   0,   0,   0,    0,    0 },  // 0x0332 'gap'
  {  27713,   0,   0,   0,    0,    0 },  // 0x0333 'gap'
  {  27713,   0,   0,   0,    0,    0 },  // 0x0334 'gap'
  {  27713,   0,   0,   0,    0,    0 },  // 0x0335 'gap'
  {  27713,   0,   0,   0,    0,    0 },  // 0x0336 'gap'
  {  27713,   0,   0,   0,    0,    0 },  // 0x0337 'gap'
  {  27713,   0,   0,   0,    0,    0 },  // 0x0338 'gap'
  {  27713,   0,   0,   0,    0,    0 },  // 0x0339 'gap'
  {  27713,   0,   0,   0,    0,    0 },  // 0x033A 'gap'
  {  27713,   0,   0,   0,    0,    0 },  // 0x033B 'gap'
  {  27713,   0,   0,   0,    0,    0 },  // 0x033C 'gap'
  {  27713,   0,   0,   0,    0,    0 },  // 0x033D 'gap'
  {  27713,   0,   0,   0,    0,    0 },  // 0x033E 'gap'
  {  27713,   0,   0,   0,    0,    0 },  // 0x033F 'gap'
  {  27713,   0,   0,   0,    0,    0 },  // 0x0340 'gap'
  {  27713,   0,   0,   0,    0,    0 },  // 0x0341 'gap'
  {  27713,   0,   0,   0,    0,    0 },  // 0x0342 'gap'
  {  27713,   0,   0,   0,    0,    0 },  // 0x0343 'gap'
  {  27713,   0,   0,   0,    0,    0 },  // 0x0344 'gap'
  {  27713,   0,   0,   0,    0,    0 },  // 0x0345 'gap'
  {  27713,   0,   0,   0,    0,    0 },  // 0x0346 'gap'
  {  27713,   0,   0,   0,    0,    0 },  // 0x0347 'gap'
  {  27713,   0,   0,   0,    0,    0 },  // 0x0348 'gap'
  {  27713,   0,   0,   0,    0,    0 },  // 0x0349 'gap'
  {  27713,   0,   0,   0,    0,    0 },  // 0x034A 'gap'
  {  27713,   0,   0,   0,    0,    0 },  // 0x034B 'gap'
  {  27713,   0,   0,   0,    0,    0 },  // 0x034C 'gap'
  {  27713,   0,   0,   0,    0,    0 },  // 0x034D 'gap'
  {  27713,   0,   0,   0,    0,    0 },  // 0x034E 'gap'
  {  27713,   0,   0,   0,    0,    0 },  // 0x034F 'gap'
  {  27713,   0,   0,   0,    0,    0 },  // 0x0350 'gap'
  {  27713,   0,   0,   0,    0,    0 },  // 0x0351 'gap'
  {  27713,   0,   0,   0,    0,    0 },  // 0x0352 'gap'
  {  27713,   0,   0,   0,    0,    0 },  // 0x0353 'gap'
  {  27713,   0,   0,   0,    0,    0 },  // 0x0354 'gap'
  {  27713,   0,   0,   0,    0,    0 },  // 0x0355 'gap'
  {  27713,   0,   0,   0,    0,    0 },  // 0x0356 'gap'
  {  27713,   0,   0,   0,    0,    0 },  // 0x0357 'gap'
  {  27713,   0,   0,   0,    0,    0 },  // 0x0358 'gap'
  {  27713,   0,   0,   0,    0,    0 },  // 0x0359 'gap'
  {  27713,   0,   0,   0,    0,    0 },  // 0x035A 'gap'
  {  27713,   0,   0,   0,    0,    0 },  // 0x035B 'gap'
  {  27713,   0,   0,   0,    0,    0 },  // 0x035C 'gap'
  {  27713,   0,   0,   0,    0,    0 },  // 0x035D 'gap'
  {  27713,   0,   0,   0,    0,    0 },  // 0x035E 'gap'
  {  27713,   0,   0,   0,    0,    0 },  // 0x035F 'gap'
  {  27713,   0,   0,   0,    0,    0 },  // 0x0360 'gap'
  {  27713,   0,   0,   0,    0,    0 },  // 0x0361 'gap'
  {  27713,   0,   0,   0,    0,    0 },  // 0x0362 'gap'
  {  27713,   0,   0,   0,    0,    0 },  // 0x0363 'gap'
  {  27713,   0,   0,   0,    0,    0 },  // 0x0364 'gap'
  {  27713,   0,   0,   0,    0,    0 },  // 0x0365 'gap'
  {  27713,   0,   0,   0,    0,    0 },  // 0x0366 'gap'
  {  27713,   0,   0,   0,    0,    0 },  // 0x0367 'gap'
  {  27713,   0,   0,   0,    0,    0 },  // 0x0368 'gap'
  {  27713,   0,   0,   0,    0,    0 },  // 0x0369 'gap'
  {  27713,   0,   0,   0,    0,    0 },  // 0x036A 'gap'
  {  27713,   0,   0,   0,    0,    0 },  // 0x036B 'gap'
  {  27713,   0,   0,   0,    0,    0 },  // 0x036C 'gap'
  {  27713,   0,   0,   0,    0,    0 },  // 0x036D 'gap'
  {  27713,   0,   0,   0,    0,    0 },  // 0x036E 'gap'
  {  27713,   0,   0,   0,    0,    0 },  // 0x036F 'gap'
  {  27713,   0,   0,   0,    0,    0 },  // 0x0370 'gap'
  {  27713,   0,   0,   0,    0,    0 },  // 0x0371 'gap'
  {  27713,   0,   0,   0,    0,    0 },  // 0x0372 'gap'
  {  27713,   0,   0,   0,    0,    0 },  // 0x0373 'gap'
  {  27713,   0,   0,   0,    0,    0 },  // 0x0374 'gap'
  {  27713,   0,   0,   0,    0,    0 },  // 0x0375 'gap'
  {  27713,   0,   0,   0,    0,    0 },  // 0x0376 'gap'
  {  27713,   0,   0,   0,    0,    0 },  // 0x0377 'gap'
  {  27713,   0,   0,   0,    0,    0 },  // 0x0378 'gap'
  {  27713,   0,   0,   0,    0,    0 },  // 0x0379 'gap'
  {  27713,   0,   0,   0,    0,    0 },  // 0x037A 'gap'
  {  27713,   0,   0,   0,    0,    0 },  // 0x037B 'gap'
  {  27713,   0,   0,   0,    0,    0 },  // 0x037C 'gap'
  {  27713,   0,   0,   0,    0,    0 },  // 0x037D 'gap'
  {  27713,   0,   0,   0,    0,    0 },  // 0x037E 'gap'
  {  27713,   0,   0,   0,    0,    0 },  // 0x037F 'gap'
  {  27713,   0,   0,   0,    0,    0 },  // 0x0380 'gap'
  {  27713,   0,   0,   0,    0,    0 },  // 0x0381 'gap'
  {  27713,   0,   0,   0,    0,    0 },  // 0x0382 'gap'
  {  27713,   0,   0,   0,    0,    0 },  // 0x0383 'gap'
  {  27713,   0,   0,   0,    0,    0 },  // 0x0384 'gap'
  {  27713,   0,   0,   0,    0,    0 },  // 0x0385 'gap'
  {  27713,   0,   0,   0,    0,    0 },  // 0x0386 'gap'
  {  27713,   0,   0,   0,    0,    0 },  // 0x0387 'gap'
  {  27713,   0,   0,   0,    0,    0 },  // 0x0388 'gap'
  {  27713,   0,   0,   0,    0,    0 },  // 0x0389 'gap'
  {  27713,   0,   0,   0,    0,    0 },  // 0x038A 'gap'
  {  27713,   0,   0,   0,    0,    0 },  // 0x038B 'gap'
  {  27713,   0,   0,   0,    0,    0 },  // 0x038C 'gap'
  {  27713,   0,   0,   0,    0,    0 },  // 0x038D 'gap'
  {  27713,   0,   0,   0,    0,    0 },  // 0x038E 'gap'
  {  27713,   0,   0,   0,    0,    0 },  // 0x038F 'gap'
  {  27713,   0,   0,   0,    0,    0 },  // 0x0390 'gap'
  {  27713,   0,   0,   0,    0,    0 },  // 0x0391 'gap'
  {  27713,   0,   0,   0,    0,    0 },  // 0x0392 'gap'
  {  27713,   0,   0,   0,    0,    0 },  // 0x0393 'gap'
  {  27713,   0,   0,   0,    0,    0 },  // 0x0394 'gap'
  {  27713,   0,   0,   0,    0,    0 },  // 0x0395 'gap'
  {  27713,   0,   0,   0,    0,    0 },  // 0x0396 'gap'
  {  27713,   0,   0,   0,    0,    0 },  // 0x0397 'gap'
  {  27713,   0,   0,   0,    0,    0 },  // 0x0398 'gap'
  {  27713,   0,   0,   0,    0,    0 },  // 0x0399 'gap'
  {  27713,   0,   0,   0,    0,    0 },  // 0x039A 'gap'
  {  27713,   0,   0,   0,    0,    0 },  // 0x039B 'gap'
  {  27713,   0,   0,   0,    0,    0 },  // 0x039C 'gap'
  {  27713,   0,   0,   0,    0,    0 },  // 0x039D 'gap'
  {  27713,   0,   0,   0,    0,    0 },  // 0x039E 'gap'
  {  27713,   0,   0,   0,    0,    0 },  // 0x039F 'gap'
  {  27713,   0,   0,   0,    0,    0 },  // 0x03A0 'gap'
  {  27713,   0,   0,   0,    0,    0 },  // 0x03A1 'gap'
  {  27713,   0,   0,   0,    0,    0 },  // 0x03A2 'gap'
  {  27713,   0,   0,   0,    0,    0 },  // 0x03A3 'gap'
  {  27713,   0,   0,   0,    0,    0 },  // 0x03A4 'gap'
  {  27713,   0,   0,   0,    0,    0 },  // 0x03A5 'gap'
  {  27713,   0,   0,   0,    0,    0 },  // 0x03A6 'gap'
  {  27713,   0,   0,   0,    0,    0 },  // 0x03A7 'gap'
  {  27713,   0,   0,   0,    0,    0 },  // 0x03A8 'gap'
  {  27713,   0,   0,   0,    0,    0 },  // 0x03A9 'gap'
  {  27713,   0,   0,   0,    0,    0 },  // 0x03AA 'gap'
  {  27713,   0,   0,   0,    0,    0 },  // 0x03AB 'gap'
  {  27713,   0,   0,   0,    0,    0 },  // 0x03AC 'gap'
  {  27713,   0,   0,   0,    0,    0 },  // 0x03AD 'gap'
  {  27713,   0,   0,   0,    0,    0 },  // 0x03AE 'gap'
  {  27713,   0,   0,   0,    0,    0 },  // 0x03AF 'gap'
  {  27713,   0,   0,   0,    0,    0 },  // 0x03B0 'gap'
  {  27713,   0,   0,   0,    0,    0 },  // 0x03B1 'gap'
  {  27713,   0,   0,   0,    0,    0 },  // 0x03B2 'gap'
  {  27713,   0,   0,   0,    0,    0 },  // 0x03B3 'gap'
  {  27713,   0,   0,   0,    0,    0 },  // 0x03B4 'gap'
  {  27713,   0,   0,   0,    0,    0 },  // 0x03B5 'gap'
  {  27713,   0,   0,   0,    0,    0 },  // 0x03B6 'gap'
  {  27713,   0,   0,   0,    0,    0 },  // 0x03B7 'gap'
  {  27713,   0,   0,   0,    0,    0 },  // 0x03B8 'gap'
  {  27713,   0,   0,   0,    0,    0 },  // 0x03B9 'gap'
  {  27713,   0,   0,   0,    0,    0 },  // 0x03BA 'gap'
  {  27713,   0,   0,   0,    0,    0 },  // 0x03BB 'gap'
  {  27713,   0,   0,   0,    0,    0 },  // 0x03BC 'gap'
  {  27713,   0,   0,   0,    0,    0 },  // 0x03BD 'gap'
  {  27713,   0,   0,   0,    0,    0 },  // 0x03BE 'gap'
  {  27713,   0,   0,   0,    0,    0 },  // 0x03BF 'gap'
  {  27713,   0,   0,   0,    0,    0 },  // 0x03C0 'gap'
  {  27713,   0,   0,   0,    0,    0 },  // 0x03C1 'gap'
  {  27713,   0,   0,   0,    0,    0 },  // 0x03C2 'gap'
  {  27713,   0,   0,   0,    0,    0 },  // 0x03C3 'gap'
  {  27713,   0,   0,   0,    0,    0 },  // 0x03C4 'gap'
  {  27713,   0,   0,   0,    0,    0 },  // 0x03C5 'gap'
  {  27713,   0,   0,   0,    0,    0 },  // 0x03C6 'gap'
  {  27713,   0,   0,   0,    0,    0 },  // 0x03C7 'gap'
  {  27713,   0,   0,   0,    0,    0 },  // 0x03C8 'gap'
  {  27713,   0,   0,   0,    0,    0 },  // 0x03C9 'gap'
  {  27713,   0,   0,   0,    0,    0 },  // 0x03CA 'gap'
  {  27713,   0,   0,   0,    0,    0 },  // 0x03CB 'gap'
  {  27713,   0,   0,   0,    0,    0 },  // 0x03CC 'gap'
  {  27713,   0,   0,   0,    0,    0 },  // 0x03CD 'gap'
  {  27713,   0,   0,   0,    0,    0 },  // 0x03CE 'gap'
  {  27713,   0,   0,   0,    0,    0 },  // 0x03CF 'gap'
  {  27713,   0,   0,   0,    0,    0 },  // 0x03D0 'gap'
  {  27713,   0,   0,   0,    0,    0 },  // 0x03D1 'gap'
  {  27713,   0,   0,   0,    0,    0 },  // 0x03D2 'gap'
  {  27713,   0,   0,   0,    0,    0 },  // 0x03D3 'gap'
  {  27713,   0,   0,   0,    0,    0 },  // 0x03D4 'gap'
  {  27713,   0,   0,   0,    0,    0 },  // 0x03D5 'gap'
  {  27713,   0,   0,   0,    0,    0 },  // 0x03D6 'gap'
  {  27713,   0,   0,   0,    0,    0 },  // 0x03D7 'gap'
  {  27713,   0,   0,   0,    0,    0 },  // 0x03D8 'gap'
  {  27713,   0,   0,   0,    0,    0 },  // 0x03D9 'gap'
  {  27713,   0,   0,   0,    0,    0 },  // 0x03DA 'gap'
  {  27713,   0,   0,   0,    0,    0 },  // 0x03DB 'gap'
  {  27713,   0,   0,   0,    0,    0 },  // 0x03DC 'gap'
  {  27713,   0,   0,   0,    0,    0 },  // 0x03DD 'gap'
  {  27713,   0,   0,   0,    0,    0 },  // 0x03DE 'gap'
  {  27713,   0,   0,   0,    0,    0 },  // 0x03DF 'gap'
  {  27713,   0,   0,   0,    0,    0 },  // 0x03E0 'gap'
  {  27713,   0,   0,   0,    0,    0 },  // 0x03E1 'gap'
  {  27713,   0,   0,   0,    0,    0 },  // 0x03E2 'gap'
  {  27713,   0,   0,   0,    0,    0 },  // 0x03E3 'gap'
  {  27713,   0,   0,   0,    0,    0 },  // 0x03E4 'gap'
  {  27713,   0,   0,   0,    0,    0 },  // 0x03E5 'gap'
  {  27713,   0,   0,   0,    0,    0 },  // 0x03E6 'gap'
  {  27713,   0,   0,   0,    0,    0 },  // 0x03E7 'gap'
  {  27713,   0,   0,   0,    0,    0 },  // 0x03E8 'gap'
  {  27713,   0,   0,   0,    0,    0 },  // 0x03E9 'gap'
  {  27713,   0,   0,   0,    0,    0 },  // 0x03EA 'gap'
  {  27713,   0,   0,   0,    0,    0 },  // 0x03EB 'gap'
  {  27713,   0,   0,   0,    0,    0 },  // 0x03EC 'gap'
  {  27713,   0,   0,   0,    0,    0 },  // 0x03ED 'gap'
  {  27713,   0,   0,   0,    0,    0 },  // 0x03EE 'gap'
  {  27713,   0,   0,   0,    0,    0 },  // 0x03EF 'gap'
  {  27713,   0,   0,   0,    0,    0 },  // 0x03F0 'gap'
  {  27713,   0,   0,   0,    0,    0 },  // 0x03F1 'gap'
  {  27713,   0,   0,   0,    0,    0 },  // 0x03F2 'gap'
  {  27713,   0,   0,   0,    0,    0 },  // 0x03F3 'gap'
  {  27713,   0,   0,   0,    0,    0 },  // 0x03F4 'gap'
  {  27713,   0,   0,   0,    0,    0 },  // 0x03F5 'gap'
  {  27713,   0,   0,   0,    0,    0 },  // 0x03F6 'gap'
  {  27713,   0,   0,   0,    0,    0 },  // 0x03F7 'gap'
  {  27713,   0,   0,   0,    0,    0 },  // 0x03F8 'gap'
  {  27713,   0,   0,   0,    0,    0 },  // 0x03F9 'gap'
  {  27713,   0,   0,   0,    0,    0 },  // 0x03FA 'gap'
  {  27713,   0,   0,   0,    0,    0 },  // 0x03FB 'gap'
  {  27713,   0,   0,   0,    0,    0 },  // 0x03FC 'gap'
  {  27713,   0,   0,   0,    0,    0 },  // 0x03FD 'gap'
  {  27713,   0,   0,   0,    0,    0 },  // 0x03FE 'gap'
  {  27713,   0,   0,   0,    0,    0 },  // 0x03FF 'gap'
  {  27713,   0,   0,   0,    0,    0 },  // 0x0400 'gap'
  {  27713,   0,   0,   0,    0,    0 },  // 0x0401 'gap'
  {  27713,   0,   0,   0,    0,    0 },  // 0x0402 'gap'
  {  27713,   0,   0,   0,    0,    0 },  // 0x0403 'gap'
  {  27713,   0,   0,   0,    0,    0 },  // 0x0404 'gap'
  {  27713,   0,   0,   0,    0,    0 },  // 0x0405 'gap'
  {  27713,   0,   0,   0,    0,    0 },  // 0x0406 'gap'
  {  27713,   0,   0,   0,    0,    0 },  // 0x0407 'gap'
  {  27713,   0,   0,   0,    0,    0 },  // 0x0408 'gap'
  {  27713,   0,   0,   0,    0,    0 },  // 0x0409 'gap'
  {  27713,   0,   0,   0,    0,    0 },  // 0x040A 'gap'
  {  27713,   0,   0,   0,    0,    0 },  // 0x040B 'gap'
  {  27713,   0,   0,   0,    0,    0 },  // 0x040C 'gap'
  {  27713,   0,   0,   0,    0,    0 },  // 0x040D 'gap'
  {  27713,   0,   0,   0,    0,    0 },  // 0x040E 'gap'
  {  27713,   0,   0,   0,    0,    0 },  // 0x040F 'gap'
  {  27713,   0,   0,   0,    0,    0 },  // 0x0410 'gap'
  {  27713,   0,   0,   0,    0,    0 },  // 0x0411 'gap'
  {  27713,   0,   0,   0,    0,    0 },  // 0x0412 'gap'
  {  27713,   0,   0,   0,    0,    0 },  // 0x0413 'gap'
  {  27713,   0,   0,   0,    0,    0 },  // 0x0414 'gap'
  {  27713,   0,   0,   0,    0,    0 },  // 0x0415 'gap'
  {  27713,   0,   0,   0,    0,    0 },  // 0x0416 'gap'
  {  27713,   0,   0,   0,    0,    0 },  // 0x0417 'gap'
  {  27713,   0,   0,   0,    0,    0 },  // 0x0418 'gap'
  {  27713,   0,   0,   0,    0,    0 },  // 0x0419 'gap'
  {  27713,   0,   0,   0,    0,    0 },  // 0x041A 'gap'
  {  27713,   0,   0,   0,    0,    0 },  // 0x041B 'gap'
  {  27713,   0,   0,   0,    0,    0 },  // 0x041C 'gap'
  {  27713,   0,   0,   0,    0,    0 },  // 0x041D 'gap'
  {  27713,   0,   0,   0,    0,    0 },  // 0x041E 'gap'
  {  27713,   0,   0,   0,    0,    0 },  // 0x041F 'gap'
  {  27713,   0,   0,   0,    0,    0 },  // 0x0420 'gap'
  {  27713,   0,   0,   0,    0,    0 },  // 0x0421 'gap'
  {  27713,   0,   0,   0,    0,    0 },  // 0x0422 'gap'
  {  27713,   0,   0,   0,    0,    0 },  // 0x0423 'gap'
  {  27713,   0,   0,   0,    0,    0 },  // 0x0424 'gap'
  {  27713,   0,   0,   0,    0,    0 },  // 0x0425 'gap'
  {  27713,   0,   0,   0,    0,    0 },  // 0x0426 'gap'
  {  27713,   0,   0,   0,    0,    0 },  // 0x0427 'gap'
  {  27713,   0,   0,   0,    0,    0 },  // 0x0428 'gap'
  {  27713,   0,   0,   0,    0,    0 },  // 0x0429 'gap'
  {  27713,   0,   0,   0,    0,    0 },  // 0x042A 'gap'
  {  27713,   0,   0,   0,    0,    0 },  // 0x042B 'gap'
  {  27713,   0,   0,   0,    0,    0 },  // 0x042C 'gap'
  {  27713,   0,   0,   0,    0,    0 },  // 0x042D 'gap'
  {  27713,   0,   0,   0,    0,    0 },  // 0x042E 'gap'
  {  27713,   0,   0,   0,    0,    0 },  // 0x042F 'gap'
  {  27713,   0,   0,   0,    0,    0 },  // 0x0430 'gap'
  {  27713,   0,   0,   0,    0,    0 },  // 0x0431 'gap'
  {  27713,   0,   0,   0,    0,    0 },  // 0x0432 'gap'
  {  27713,   0,   0,   0,    0,    0 },  // 0x0433 'gap'
  {  27713,   0,   0,   0,    0,    0 },  // 0x0434 'gap'
  {  27713,   0,   0,   0,    0,    0 },  // 0x0435 'gap'
  {  27713,   0,   0,   0,    0,    0 },  // 0x0436 'gap'
  {  27713,   0,   0,   0,    0,    0 },  // 0x0437 'gap'
  {  27713,   0,   0,   0,    0,    0 },  // 0x0438 'gap'
  {  27713,   0,   0,   0,    0,    0 },  // 0x0439 'gap'
  {  27713,   0,   0,   0,    0,    0 },  // 0x043A 'gap'
  {  27713,   0,   0,   0,    0,    0 },  // 0x043B 'gap'
  {  27713,   0,   0,   0,    0,    0 },  // 0x043C 'gap'
  {  27713,   0,   0,   0,    0,    0 },  // 0x043D 'gap'
  {  27713,   0,   0,   0,    0,    0 },  // 0x043E 'gap'
  {  27713,   0,   0,   0,    0,    0 },  // 0x043F 'gap'
  {  27713,   0,   0,   0,    0,    0 },  // 0x0440 'gap'
  {  27713,   0,   0,   0,    0,    0 },  // 0x0441 'gap'
  {  27713,   0,   0,   0,    0,    0 },  // 0x0442 'gap'
  {  27713,   0,   0,   0,    0,    0 },  // 0x0443 'gap'
  {  27713,   0,   0,   0,    0,    0 },  // 0x0444 'gap'
  {  27713,   0,   0,   0,    0,    0 },  // 0x0445 'gap'
  {  27713,   0,   0,   0,    0,    0 },  // 0x0446 'gap'
  {  27713,   0,   0,   0,    0,    0 },  // 0x0447 'gap'
  {  27713,   0,   0,   0,    0,    0 },  // 0x0448 'gap'
  {  27713,   0,   0,   0,    0,    0 },  // 0x0449 'gap'
  {  27713,   0,   0,   0,    0,    0 },  // 0x044A 'gap'
  {  27713,   0,   0,   0,    0,    0 },  // 0x044B 'gap'
  {  27713,   0,   0,   0,    0,    0 },  // 0x044C 'gap'
  {  27713,   0,   0,   0,    0,    0 },  // 0x044D 'gap'
  {  27713,   0,   0,   0,    0,    0 },  // 0x044E 'gap'
  {  27713,   0,   0,   0,    0,    0 },  // 0x044F 'gap'
  {  27713,   0,   0,   0,    0,    0 },  // 0x0450 'gap'
  {  27713,   0,   0,   0,    0,    0 },  // 0x0451 'gap'
  {  27713,   0,   0,   0,    0,    0 },  // 0x0452 'gap'
  {  27713,   0,   0,   0,    0,    0 },  // 0x0453 'gap'
  {  27713,   0,   0,   0,    0,    0 },  // 0x0454 'gap'
  {  27713,   0,   0,   0,    0,    0 },  // 0x0455 'gap'
  {  27713,   0,   0,   0,    0,    0 },  // 0x0456 'gap'
  {  27713,   0,   0,   0,    0,    0 },  // 0x0457 'gap'
  {  27713,   0,   0,   0,    0,    0 },  // 0x0458 'gap'
  {  27713,   0,   0,   0,    0,    0 },  // 0x0459 'gap'
  {  27713,   0,   0,   0,    0,    0 },  // 0x045A 'gap'
  {  27713,   0,   0,   0,    0,    0 },  // 0x045B 'gap'
  {  27713,   0,   0,   0,    0,    0 },  // 0x045C 'gap'
  {  27713,   0,   0,   0,    0,    0 },  // 0x045D 'gap'
  {  27713,   0,   0,   0,    0,    0 },  // 0x045E 'gap'
  {  27713,   0,   0,   0,    0,    0 },  // 0x045F 'gap'
  {  27713,   0,   0,   0,    0,    0 },  // 0x0460 'gap'
  {  27713,   0,   0,   0,    0,    0 },  // 0x0461 'gap'
  {  27713,   0,   0,   0,    0,    0 },  // 0x0462 'gap'
  {  27713,   0,   0,   0,    0,    0 },  // 0x0463 'gap'
  {  27713,   0,   0,   0,    0,    0 },  // 0x0464 'gap'
  {  27713,   0,   0,   0,    0,    0 },  // 0x0465 'gap'
  {  27713,   0,   0,   0,    0,    0 },  // 0x0466 'gap'
  {  27713,   0,   0,   0,    0,    0 },  // 0x0467 'gap'
  {  27713,   0,   0,   0,    0,    0 },  // 0x0468 'gap'
  {  27713,   0,   0,   0,    0,    0 },  // 0x0469 'gap'
  {  27713,   0,   0,   0,    0,    0 },  // 0x046A 'gap'
  {  27713,   0,   0,   0,    0,    0 },  // 0x046B 'gap'
  {  27713,   0,   0,   0,    0,    0 },  // 0x046C 'gap'
  {  27713,   0,   0,   0,    0,    0 },  // 0x046D 'gap'
  {  27713,   0,   0,   0,    0,    0 },  // 0x046E 'gap'
  {  27713,   0,   0,   0,    0,    0 },  // 0x046F 'gap'
  {  27713,   0,   0,   0,    0,    0 },  // 0x0470 'gap'
  {  27713,   0,   0,   0,    0,    0 },  // 0x0471 'gap'
  {  27713,   0,   0,   0,    0,    0 },  // 0x0472 'gap'
  {  27713,   0,   0,   0,    0,    0 },  // 0x0473 'gap'
  {  27713,   0,   0,   0,    0,    0 },  // 0x0474 'gap'
  {  27713,   0,   0,   0,    0,    0 },  // 0x0475 'gap'
  {  27713,   0,   0,   0,    0,    0 },  // 0x0476 'gap'
  {  27713,   0,   0,   0,    0,    0 },  // 0x0477 'gap'
  {  27713,   0,   0,   0,    0,    0 },  // 0x0478 'gap'
  {  27713,   0,   0,   0,    0,    0 },  // 0x0479 'gap'
  {  27713,   0,   0,   0,    0,    0 },  // 0x047A 'gap'
  {  27713,   0,   0,   0,    0,    0 },  // 0x047B 'gap'
  {  27713,   0,   0,   0,    0,    0 },  // 0x047C 'gap'
  {  27713,   0,   0,   0,    0,    0 },  // 0x047D 'gap'
  {  27713,   0,   0,   0,    0,    0 },  // 0x047E 'gap'
  {  27713,   0,   0,   0,    0,    0 },  // 0x047F 'gap'
  {  27713,   0,   0,   0,    0,    0 },  // 0x0480 'gap'
  {  27713,   0,   0,   0,    0,    0 },  // 0x0481 'gap'
  {  27713,   0,   0,   0,    0,    0 },  // 0x0482 'gap'
  {  27713,   0,   0,   0,    0,    0 },  // 0x0483 'gap'
  {  27713,   0,   0,   0,    0,    0 },  // 0x0484 'gap'
  {  27713,   0,   0,   0,    0,    0 },  // 0x0485 'gap'
  {  27713,   0,   0,   0,    0,    0 },  // 0x0486 'gap'
  {  27713,   0,   0,   0,    0,    0 },  // 0x0487 'gap'
  {  27713,   0,   0,   0,    0,    0 },  // 0x0488 'gap'
  {  27713,   0,   0,   0,    0,    0 },  // 0x0489 'gap'
  {  27713,   0,   0,   0,    0,    0 },  // 0x048A 'gap'
  {  27713,   0,   0,   0,    0,    0 },  // 0x048B 'gap'
  {  27713,   0,   0,   0,    0,    0 },  // 0x048C 'gap'
  {  27713,   0,   0,   0,    0,    0 },  // 0x048D 'gap'
  {  27713,   0,   0,   0,    0,    0 },  // 0x048E 'gap'
  {  27713,   0,   0,   0,    0,    0 },  // 0x048F 'gap'
  {  27713,   0,   0,   0,    0,    0 },  // 0x0490 'gap'
  {  27713,   0,   0,   0,    0,    0 },  // 0x0491 'gap'
  {  27713,   0,   0,   0,    0,    0 },  // 0x0492 'gap'
  {  27713,   0,   0,   0,    0,    0 },  // 0x0493 'gap'
  {  27713,   0,   0,   0,    0,    0 },  // 0x0494 'gap'
  {  27713,   0,   0,   0,    0,    0 },  // 0x0495 'gap'
  {  27713,   0,   0,   0,    0,    0 },  // 0x0496 'gap'
  {  27713,   0,   0,   0,    0,    0 },  // 0x0497 'gap'
  {  27713,   0,   0,   0,    0,    0 },  // 0x0498 'gap'
  {  27713,   0,   0,   0,    0,    0 },  // 0x0499 'gap'
  {  27713,   0,   0,   0,    0,    0 },  // 0x049A 'gap'
  {  27713,   0,   0,   0,    0,    0 },  // 0x049B 'gap'
  {  27713,   0,   0,   0,    0,    0 },  // 0x049C 'gap'
  {  27713,   0,   0,   0,    0,    0 },  // 0x049D 'gap'
  {  27713,   0,   0,   0,    0,    0 },  // 0x049E 'gap'
  {  27713,   0,   0,   0,    0,    0 },  // 0x049F 'gap'
  {  27713,   0,   0,   0,    0,    0 },  // 0x04A0 'gap'
  {  27713,   0,   0,   0,    0,    0 },  // 0x04A1 'gap'
  {  27713,   0,   0,   0,    0,    0 },  // 0x04A2 'gap'
  {  27713,   0,   0,   0,    0,    0 },  // 0x04A3 'gap'
  {  27713,   0,   0,   0,    0,    0 },  // 0x04A4 'gap'
  {  27713,   0,   0,   0,    0,    0 },  // 0x04A5 'gap'
  {  27713,   0,   0,   0,    0,    0 },  // 0x04A6 'gap'
  {  27713,   0,   0,   0,    0,    0 },  // 0x04A7 'gap'
  {  27713,   0,   0,   0,    0,    0 },  // 0x04A8 'gap'
  {  27713,   0,   0,   0,    0,    0 },  // 0x04A9 'gap'
  {  27713,   0,   0,   0,    0,    0 },  // 0x04AA 'gap'
  {  27713,   0,   0,   0,    0,    0 },  // 0x04AB 'gap'
  {  27713,   0,   0,   0,    0,    0 },  // 0x04AC 'gap'
  {  27713,   0,   0,   0,    0,    0 },  // 0x04AD 'gap'
  {  27713,   0,   0,   0,    0,    0 },  // 0x04AE 'gap'
  {  27713,   0,   0,   0,    0,    0 },  // 0x04AF 'gap'
  {  27713,   0,   0,   0,    0,    0 },  // 0x04B0 'gap'
  {  27713,   0,   0,   0,    0,    0 },  // 0x04B1 'gap'
  {  27713,   0,   0,   0,    0,    0 },  // 0x04B2 'gap'
  {  27713,   0,   0,   0,    0,    0 },  // 0x04B3 'gap'
  {  27713,   0,   0,   0,    0,    0 },  // 0x04B4 'gap'
  {  27713,   0,   0,   0,    0,    0 },  // 0x04B5 'gap'
  {  27713,   0,   0,   0,    0,    0 },  // 0x04B6 'gap'
  {  27713,   0,   0,   0,    0,    0 },  // 0x04B7 'gap'
  {  27713,   0,   0,   0,    0,    0 },  // 0x04B8 'gap'
  {  27713,   0,   0,   0,    0,    0 },  // 0x04B9 'gap'
  {  27713,   0,   0,   0,    0,    0 },  // 0x04BA 'gap'
  {  27713,   0,   0,   0,    0,    0 },  // 0x04BB 'gap'
  {  27713,   0,   0,   0,    0,    0 },  // 0x04BC 'gap'
  {  27713,   0,   0,   0,    0,    0 },  // 0x04BD 'gap'
  {  27713,   0,   0,   0,    0,    0 },  // 0x04BE 'gap'
  {  27713,   0,   0,   0,    0,    0 },  // 0x04BF 'gap'
  {  27713,   0,   0,   0,    0,    0 },  // 0x04C0 'gap'
  {  27713,   0,   0,   0,    0,    0 },  // 0x04C1 'gap'
  {  27713,   0,   0,   0,    0,    0 },  // 0x04C2 'gap'
  {  27713,   0,   0,   0,    0,    0 },  // 0x04C3 'gap'
  {  27713,   0,   0,   0,    0,    0 },  // 0x04C4 'gap'
  {  27713,   0,   0,   0,    0,    0 },  // 0x04C5 'gap'
  {  27713,   0,   0,   0,    0,    0 },  // 0x04C6 'gap'
  {  27713,   0,   0,   0,    0,    0 },  // 0x04C7 'gap'
  {  27713,   0,   0,   0,    0,    0 },  // 0x04C8 'gap'
  {  27713,   0,   0,   0,    0,    0 },  // 0x04C9 'gap'
  {  27713,   0,   0,   0,    0,    0 },  // 0x04CA 'gap'
  {  27713,   0,   0,   0,    0,    0 },  // 0x04CB 'gap'
  {  27713,   0,   0,   0,    0,    0 },  // 0x04CC 'gap'
  {  27713,   0,   0,   0,    0,    0 },  // 0x04CD 'gap'
  {  27713,   0,   0,   0,    0,    0 },  // 0x04CE 'gap'
  {  27713,   0,   0,   0,    0,    0 },  // 0x04CF 'gap'
  {  27713,   0,   0,   0,    0,    0 },  // 0x04D0 'gap'
  {  27713,   0,   0,   0,    0,    0 },  // 0x04D1 'gap'
  {  27713,   0,   0,   0,    0,    0 },  // 0x04D2 'gap'
  {  27713,   0,   0,   0,    0,    0 },  // 0x04D3 'gap'
  {  27713,   0,   0,   0,    0,    0 },  // 0x04D4 'gap'
  {  27713,   0,   0,   0,    0,    0 },  // 0x04D5 'gap'
  {  27713,   0,   0,   0,    0,    0 },  // 0x04D6 'gap'
  {  27713,   0,   0,   0,    0,    0 },  // 0x04D7 'gap'
  {  27713,   0,   0,   0,    0,    0 },  // 0x04D8 'gap'
  {  27713,   0,   0,   0,    0,    0 },  // 0x04D9 'gap'
  {  27713,   0,   0,   0,    0,    0 },  // 0x04DA 'gap'
  {  27713,   0,   0,   0,    0,    0 },  // 0x04DB 'gap'
  {  27713,   0,   0,   0,    0,    0 },  // 0x04DC 'gap'
  {  27713,   0,   0,   0,    0,    0 },  // 0x04DD 'gap'
  {  27713,   0,   0,   0,    0,    0 },  // 0x04DE 'gap'
  {  27713,   0,   0,   0,    0,    0 },  // 0x04DF 'gap'
  {  27713,   0,   0,   0,    0,    0 },  // 0x04E0 'gap'
  {  27713,   0,   0,   0,    0,    0 },  // 0x04E1 'gap'
  {  27713,   0,   0,   0,    0,    0 },  // 0x04E2 'gap'
  {  27713,   0,   0,   0,    0,    0 },  // 0x04E3 'gap'
  {  27713,   0,   0,   0,    0,    0 },  // 0x04E4 'gap'
  {  27713,   0,   0,   0,    0,    0 },  // 0x04E5 'gap'
  {  27713,   0,   0,   0,    0,    0 },  // 0x04E6 'gap'
  {  27713,   0,   0,   0,    0,    0 },  // 0x04E7 'gap'
  {  27713,   0,   0,   0,    0,    0 },  // 0x04E8 'gap'
  {  27713,   0,   0,   0,    0,    0 },  // 0x04E9 'gap'
  {  27713,   0,   0,   0,    0,    0 },  // 0x04EA 'gap'
  {  27713,   0,   0,   0,    0,    0 },  // 0x04EB 'gap'
  {  27713,   0,   0,   0,    0,    0 },  // 0x04EC 'gap'
  {  27713,   0,   0,   0,    0,    0 },  // 0x04ED 'gap'
  {  27713,   0,   0,   0,    0,    0 },  // 0x04EE 'gap'
  {  27713,   0,   0,   0,    0,    0 },  // 0x04EF 'gap'
  {  27713,   0,   0,   0,    0,    0 },  // 0x04F0 'gap'
  {  27713,   0,   0,   0,    0,    0 },  // 0x04F1 'gap'
  {  27713,   0,   0,   0,    0,    0 },  // 0x04F2 'gap'
  {  27713,   0,   0,   0,    0,    0 },  // 0x04F3 'gap'
  {  27713,   0,   0,   0,    0,    0 },  // 0x04F4 'gap'
  {  27713,   0,   0,   0,    0,    0 },  // 0x04F5 'gap'
  {  27713,   0,   0,   0,    0,    0 },  // 0x04F6 'gap'
  {  27713,   0,   0,   0,    0,    0 },  // 0x04F7 'gap'
  {  27713,   0,   0,   0,    0,    0 },  // 0x04F8 'gap'
  {  27713,   0,   0,   0,    0,    0 },  // 0x04F9 'gap'
  {  27713,   0,   0,   0,    0,    0 },  // 0x04FA 'gap'
  {  27713,   0,   0,   0,    0,    0 },  // 0x04FB 'gap'
  {  27713,   0,   0,   0,    0,    0 },  // 0x04FC 'gap'
  {  27713,   0,   0,   0,    0,    0 },  // 0x04FD 'gap'
  {  27713,   0,   0,   0,    0,    0 },  // 0x04FE 'gap'
  {  27713,   0,   0,   0,    0,    0 },  // 0x04FF 'gap'
  {  27713,   0,   0,   0,    0,    0 },  // 0x0500 'gap'
  {  27713,   0,   0,   0,    0,    0 },  // 0x0501 'gap'
  {  27713,   0,   0,   0,    0,    0 },  // 0x0502 'gap'
  {  27713,   0,   0,   0,    0,    0 },  // 0x0503 'gap'
  {  27713,   0,   0,   0,    0,    0 },  // 0x0504 'gap'
  {  27713,   0,   0,   0,    0,    0 },  // 0x0505 'gap'
  {  27713,   0,   0,   0,    0,    0 },  // 0x0506 'gap'
  {  27713,   0,   0,   0,    0,    0 },  // 0x0507 'gap'
  {  27713,   0,   0,   0,    0,    0 },  // 0x0508 'gap'
  {  27713,   0,   0,   0,    0,    0 },  // 0x0509 'gap'
  {  27713,   0,   0,   0,    0,    0 },  // 0x050A 'gap'
  {  27713,   0,   0,   0,    0,    0 },  // 0x050B 'gap'
  {  27713,   0,   0,   0,    0,    0 },  // 0x050C 'gap'
  {  27713,   0,   0,   0,    0,    0 },  // 0x050D 'gap'
  {  27713,   0,   0,   0,    0,    0 },  // 0x050E 'gap'
  {  27713,   0,   0,   0,    0,    0 },  // 0x050F 'gap'
  {  27713,   0,   0,   0,    0,    0 },  // 0x0510 'gap'
  {  27713,   0,   0,   0,    0,    0 },  // 0x0511 'gap'
  {  27713,   0,   0,   0,    0,    0 },  // 0x0512 'gap'
  {  27713,   0,   0,   0,    0,    0 },  // 0x0513 'gap'
  {  27713,   0,   0,   0,    0,    0 },  // 0x0514 'gap'
  {  27713,   0,   0,   0,    0,    0 },  // 0x0515 'gap'
  {  27713,   0,   0,   0,    0,    0 },  // 0x0516 'gap'
  {  27713,   0,   0,   0,    0,    0 },  // 0x0517 'gap'
  {  27713,   0,   0,   0,    0,    0 },  // 0x0518 'gap'
  {  27713,   0,   0,   0,    0,    0 },  // 0x0519 'gap'
  {  27713,   0,   0,   0,    0,    0 },  // 0x051A 'gap'
  {  27713,   0,   0,   0,    0,    0 },  // 0x051B 'gap'
  {  27713,   0,   0,   0,    0,    0 },  // 0x051C 'gap'
  {  27713,   0,   0,   0,    0,    0 },  // 0x051D 'gap'
  {  27713,   0,   0,   0,    0,    0 },  // 0x051E 'gap'
  {  27713,   0,   0,   0,    0,    0 },  // 0x051F 'gap'
  {  27713,   0,   0,   0,    0,    0 },  // 0x0520 'gap'
  {  27713,   0,   0,   0,    0,    0 },  // 0x0521 'gap'
  {  27713,   0,   0,   0,    0,    0 },  // 0x0522 'gap'
  {  27713,   0,   0,   0,    0,    0 },  // 0x0523 'gap'
  {  27713,   0,   0,   0,    0,    0 },  // 0x0524 'gap'
  {  27713,   0,   0,   0,    0,    0 },  // 0x0525 'gap'
  {  27713,   0,   0,   0,    0,    0 },  // 0x0526 'gap'
  {  27713,   0,   0,   0,    0,    0 },  // 0x0527 'gap'
  {  27713,   0,   0,   0,    0,    0 },  // 0x0528 'gap'
  {  27713,   0,   0,   0,    0,    0 },  // 0x0529 'gap'
  {  27713,   0,   0,   0,    0,    0 },  // 0x052A 'gap'
  {  27713,   0,   0,   0,    0,    0 },  // 0x052B 'gap'
  {  27713,   0,   0,   0,    0,    0 },  // 0x052C 'gap'
  {  27713,   0,   0,   0,    0,    0 },  // 0x052D 'gap'
  {  27713,   0,   0,   0,    0,    0 },  // 0x052E 'gap'
  {  27713,   0,   0,   0,    0,    0 },  // 0x052F 'gap'
  {  27713,   0,   0,   0,    0,    0 },  // 0x0530 'gap'
  {  27713,   0,   0,   0,    0,    0 },  // 0x0531 'gap'
  {  27713,   0,   0,   0,    0,    0 },  // 0x0532 'gap'
  {  27713,   0,   0,   0,    0,    0 },  // 0x0533 'gap'
  {  27713,   0,   0,   0,    0,    0 },  // 0x0534 'gap'
  {  27713,   0,   0,   0,    0,    0 },  // 0x0535 'gap'
  {  27713,   0,   0,   0,    0,    0 },  // 0x0536 'gap'
  {  27713,   0,   0,   0,    0,    0 },  // 0x0537 'gap'
  {  27713,   0,   0,   0,    0,    0 },  // 0x0538 'gap'
  {  27713,   0,   0,   0,    0,    0 },  // 0x0539 'gap'
  {  27713,   0,   0,   0,    0,    0 },  // 0x053A 'gap'
  {  27713,   0,   0,   0,    0,    0 },  // 0x053B 'gap'
  {  27713,   0,   0,   0,    0,    0 },  // 0x053C 'gap'
  {  27713,   0,   0,   0,    0,    0 },  // 0x053D 'gap'
  {  27713,   0,   0,   0,    0,    0 },  // 0x053E 'gap'
  {  27713,   0,   0,   0,    0,    0 },  // 0x053F 'gap'
  {  27713,   0,   0,   0,    0,    0 },  // 0x0540 'gap'
  {  27713,   0,   0,   0,    0,    0 },  // 0x0541 'gap'
  {  27713,   0,   0,   0,    0,    0 },  // 0x0542 'gap'
  {  27713,   0,   0,   0,    0,    0 },  // 0x0543 'gap'
  {  27713,   0,   0,   0,    0,    0 },  // 0x0544 'gap'
  {  27713,   0,   0,   0,    0,    0 },  // 0x0545 'gap'
  {  27713,   0,   0,   0,    0,    0 },  // 0x0546 'gap'
  {  27713,   0,   0,   0,    0,    0 },  // 0x0547 'gap'
  {  27713,   0,   0,   0,    0,    0 },  // 0x0548 'gap'
  {  27713,   0,   0,   0,    0,    0 },  // 0x0549 'gap'
  {  27713,   0,   0,   0,    0,    0 },  // 0x054A 'gap'
  {  27713,   0,   0,   0,    0,    0 },  // 0x054B 'gap'
  {  27713,   0,   0,   0,    0,    0 },  // 0x054C 'gap'
  {  27713,   0,   0,   0,    0,    0 },  // 0x054D 'gap'
  {  27713,   0,   0,   0,    0,    0 },  // 0x054E 'gap'
  {  27713,   0,   0,   0,    0,    0 },  // 0x054F 'gap'
  {  27713,   0,   0,   0,    0,    0 },  // 0x0550 'gap'
  {  27713,   0,   0,   0,    0,    0 },  // 0x0551 'gap'
  {  27713,   0,   0,   0,    0,    0 },  // 0x0552 'gap'
  {  27713,   0,   0,   0,    0,    0 },  // 0x0553 'gap'
  {  27713,   0,   0,   0,    0,    0 },  // 0x0554 'gap'
  {  27713,   0,   0,   0,    0,    0 },  // 0x0555 'gap'
  {  27713,   0,   0,   0,    0,    0 },  // 0x0556 'gap'
  {  27713,   0,   0,   0,    0,    0 },  // 0x0557 'gap'
  {  27713,   0,   0,   0,    0,    0 },  // 0x0558 'gap'
  {  27713,   0,   0,   0,    0,    0 },  // 0x0559 'gap'
  {  27713,   0,   0,   0,    0,    0 },  // 0x055A 'gap'
  {  27713,   0,   0,   0,    0,    0 },  // 0x055B 'gap'
  {  27713,   0,   0,   0,    0,    0 },  // 0x055C 'gap'
  {  27713,   0,   0,   0,    0,    0 },  // 0x055D 'gap'
  {  27713,   0,   0,   0,    0,    0 },  // 0x055E 'gap'
  {  27713,   0,   0,   0,    0,    0 },  // 0x055F 'gap'
  {  27713,   0,   0,   0,    0,    0 },  // 0x0560 'gap'
  {  27713,   0,   0,   0,    0,    0 },  // 0x0561 'gap'
  {  27713,   0,   0,   0,    0,    0 },  // 0x0562 'gap'
  {  27713,   0,   0,   0,    0,    0 },  // 0x0563 'gap'
  {  27713,   0,   0,   0,    0,    0 },  // 0x0564 'gap'
  {  27713,   0,   0,   0,    0,    0 },  // 0x0565 'gap'
  {  27713,   0,   0,   0,    0,    0 },  // 0x0566 'gap'
  {  27713,   0,   0,   0,    0,    0 },  // 0x0567 'gap'
  {  27713,   0,   0,   0,    0,    0 },  // 0x0568 'gap'
  {  27713,   0,   0,   0,    0,    0 },  // 0x0569 'gap'
  {  27713,   0,   0,   0,    0,    0 },  // 0x056A 'gap'
  {  27713,   0,   0,   0,    0,    0 },  // 0x056B 'gap'
  {  27713,   0,   0,   0,    0,    0 },  // 0x056C 'gap'
  {  27713,   0,   0,   0,    0,    0 },  // 0x056D 'gap'
  {  27713,   0,   0,   0,    0,    0 },  // 0x056E 'gap'
  {  27713,   0,   0,   0,    0,    0 },  // 0x056F 'gap'
  {  27713,   0,   0,   0,    0,    0 },  // 0x0570 'gap'
  {  27713,   0,   0,   0,    0,    0 },  // 0x0571 'gap'
  {  27713,   0,   0,   0,    0,    0 },  // 0x0572 'gap'
  {  27713,   0,   0,   0,    0,    0 },  // 0x0573 'gap'
  {  27713,   0,   0,   0,    0,    0 },  // 0x0574 'gap'
  {  27713,   0,   0,   0,    0,    0 },  // 0x0575 'gap'
  {  27713,   0,   0,   0,    0,    0 },  // 0x0576 'gap'
  {  27713,   0,   0,   0,    0,    0 },  // 0x0577 'gap'
  {  27713,   0,   0,   0,    0,    0 },  // 0x0578 'gap'
  {  27713,   0,   0,   0,    0,    0 },  // 0x0579 'gap'
  {  27713,   0,   0,   0,    0,    0 },  // 0x057A 'gap'
  {  27713,   0,   0,   0,    0,    0 },  // 0x057B 'gap'
  {  27713,   0,   0,   0,    0,    0 },  // 0x057C 'gap'
  {  27713,   0,   0,   0,    0,    0 },  // 0x057D 'gap'
  {  27713,   0,   0,   0,    0,    0 },  // 0x057E 'gap'
  {  27713,   0,   0,   0,    0,    0 },  // 0x057F 'gap'
  {  27713,   0,   0,   0,    0,    0 },  // 0x0580 'gap'
  {  27713,   0,   0,   0,    0,    0 },  // 0x0581 'gap'
  {  27713,   0,   0,   0,    0,    0 },  // 0x0582 'gap'
  {  27713,   0,   0,   0,    0,    0 },  // 0x0583 'gap'
  {  27713,   0,   0,   0,    0,    0 },  // 0x0584 'gap'
  {  27713,   0,   0,   0,    0,    0 },  // 0x0585 'gap'
  {  27713,   0,   0,   0,    0,    0 },  // 0x0586 'gap'
  {  27713,   0,   0,   0,    0,    0 },  // 0x0587 'gap'
  {  27713,   0,   0,   0,    0,    0 },  // 0x0588 'gap'
  {  27713,   0,   0,   0,    0,    0 },  // 0x0589 'gap'
  {  27713,   0,   0,   0,    0,    0 },  // 0x058A 'gap'
  {  27713,   0,   0,   0,    0,    0 },  // 0x058B 'gap'
  {  27713,   0,   0,   0,    0,    0 },  // 0x058C 'gap'
  {  27713,   0,   0,   0,    0,    0 },  // 0x058D 'gap'
  {  27713,   0,   0,   0,    0,    0 },  // 0x058E 'gap'
  {  27713,   0,   0,   0,    0,    0 },  // 0x058F 'gap'
  {  27713,   0,   0,   0,    0,    0 },  // 0x0590 'gap'
  {  27713,   0,   0,   0,    0,    0 },  // 0x0591 'gap'
  {  27713,   0,   0,   0,    0,    0 },  // 0x0592 'gap'
  {  27713,   0,   0,   0,    0,    0 },  // 0x0593 'gap'
  {  27713,   0,   0,   0,    0,    0 },  // 0x0594 'gap'
  {  27713,   0,   0,   0,    0,    0 },  // 0x0595 'gap'
  {  27713,   0,   0,   0,    0,    0 },  // 0x0596 'gap'
  {  27713,   0,   0,   0,    0,    0 },  // 0x0597 'gap'
  {  27713,   0,   0,   0,    0,    0 },  // 0x0598 'gap'
  {  27713,   0,   0,   0,    0,    0 },  // 0x0599 'gap'
  {  27713,   0,   0,   0,    0,    0 },  // 0x059A 'gap'
  {  27713,   0,   0,   0,    0,    0 },  // 0x059B 'gap'
  {  27713,   0,   0,   0,    0,    0 },  // 0x059C 'gap'
  {  27713,   0,   0,   0,    0,    0 },  // 0x059D 'gap'
  {  27713,   0,   0,   0,    0,    0 },  // 0x059E 'gap'
  {  27713,   0,   0,   0,    0,    0 },  // 0x059F 'gap'
  {  27713,   0,   0,   0,    0,    0 },  // 0x05A0 'gap'
  {  27713,   0,   0,   0,    0,    0 },  // 0x05A1 'gap'
  {  27713,   0,   0,   0,    0,    0 },  // 0x05A2 'gap'
  {  27713,   0,   0,   0,    0,    0 },  // 0x05A3 'gap'
  {  27713,   0,   0,   0,    0,    0 },  // 0x05A4 'gap'
  {  27713,   0,   0,   0,    0,    0 },  // 0x05A5 'gap'
  {  27713,   0,   0,   0,    0,    0 },  // 0x05A6 'gap'
  {  27713,   0,   0,   0,    0,    0 },  // 0x05A7 'gap'
  {  27713,   0,   0,   0,    0,    0 },  // 0x05A8 'gap'
  {  27713,   0,   0,   0,    0,    0 },  // 0x05A9 'gap'
  {  27713,   0,   0,   0,    0,    0 },  // 0x05AA 'gap'
  {  27713,   0,   0,   0,    0,    0 },  // 0x05AB 'gap'
  {  27713,   0,   0,   0,    0,    0 },  // 0x05AC 'gap'
  {  27713,   0,   0,   0,    0,    0 },  // 0x05AD 'gap'
  {  27713,   0,   0,   0,    0,    0 },  // 0x05AE 'gap'
  {  27713,   0,   0,   0,    0,    0 },  // 0x05AF 'gap'
  {  27713,   7,  17,   0,    4,    6 },  // 0x05B0 'U+05B0'
  {  27728,  28,  17,   0,    3,    6 },  // 0x05B1 'U+05B1'
  {  27788,  24,  17,   0,    4,    6 },  // 0x05B2 'U+05B2'
  {  27839,  24,  17,   0,    4,    6 },  // 0x05B3 'U+05B3'
  {  27890,   7,   7,   0,    4,    6 },  // 0x05B4 'U+05B4'
  {  27897,  17,   7,   0,    4,    6 },  // 0x05B5 'U+05B5'
  {  27912,  19,  17,   0,    3,    6 },  // 0x05B6 'U+05B6'
  {  27953,  14,   5,   0,    5,    7 },  // 0x05B7 'U+05B7'
  {  27962,  13,  11,   0,    4,    7 },  // 0x05B8 'U+05B8'
  {  27980,   6,   7,   0,   -3,  -64 },  // 0x05B9 'U+05B9'
  {  27986,   7,   7,   0,  -15,  -64 },  // 0x05BA 'U+05BA'
  {  27993,  23,  17,   0,    3,    6 },  // 0x05BB 'U+05BB'
  {  28042,   7,   7,   0,    4,  -29 },  // 0x05BC 'U+05BC'
  {  28049,   5,  17,   0,    4,    6 },  // 0x05BD 'U+05BD'
  {  28060,  21,  10,  27,    2,  -50 },  // 0x05BE 'U+05BE'
  {  28087,  16,   5,   0,    5,  -62 },  // 0x05BF 'U+05BF'
  {  28097,   5,  64,  29,   12,  -57 },  // 0x05C0 'U+05C0'
  {  28137,   7,   7,   0,    4,  -64 },  // 0x05C1 'U+05C1'
  {  28144,   7,   7,   0,   11,  -64 },  // 0x05C2 'U+05C2'
  {  28151,  11,  47,  25,    7,  -46 },  // 0x05C3 'U+05C3'
  {  28216,   7,   7,   0,    4,  -64 },  // 0x05C4 'U+05C4'
  {  28223,   7,   7,   0,    4,    6 },  // 0x05C5 'U+05C5'
  {  28230,  25,  55,  31,    5,  -55 },  // 0x05C6 'U+05C6'
  {  28402,  14,  13,   0,    5,    7 },  // 0x05C7 'U+05C7'
  {  28425,  35,  61,  51,    8,  -61 },  // 0x05C8 'U+05C8'
  {  28692,  35,  61,  51,    8,  -61 },  // 0x05C9 'U+05C9'
  {  28959,  35,  61,  51,    8,  -61 },  // 0x05CA 'U+05CA'
  {  29226,  35,  61,  51,    8,  -61 },  // 0x05CB 'U+05CB'
  {  29493,  35,  61,  51,    8,  -61 },  // 0x05CC 'U+05CC'
  {  29760,  35,  61,  51,    8,  -61 },  // 0x05CD 'U+05CD'
  {  30027,  35,  61,  51,    8,  -61 },  // 0x05CE 'U+05CE'
  {  30294,  35,  61,  51,    8,  -61 },  // 0x05CF 'U+05CF'
  {  30561,  43,  56,  50,    4,  -55 },  // 0x05D0 'U+05D0'
  {  30862,  40,  55,  46,    3,  -55 },  // 0x05D1 'U+05D1'
  {  31137,  30,  56,  33,    1,  -55 },  // 0x05D2 'U+05D2'
  {  31347,  37,  56,  42,    1,  -55 },  // 0x05D3 'U+05D3'
  {  31606,  40,  56,  52,    5,  -55 },  // 0x05D4 'U+05D4'
  {  31886,  18,  56,  27,    3,  -55 },  // 0x05D5 'U+05D5'
  {  32012,  18,  56,  26,    4,  -55 },  // 0x05D6 'U+05D6'
  {  32138,  42,  56,  54,    6,  -55 },  // 0x05D7 'U+05D7'
  {  32432,  46,  55,  54,    4,  -55 },  // 0x05D8 'U+05D8'
  {  32749,  21,  34,  28,    3,  -55 },  // 0x05D9 'U+05D9'
  {  32839,  36,  75,  43,    1,  -55 },  // 0x05DA 'U+05DA'
  {  33177,  38,  55,  47,    4,  -55 },  // 0x05DB 'U+05DB'
  {  33439,  37,  75,  43,    1,  -74 },  // 0x05DC 'U+05DC'
  {  33786,  39,  55,  50,    5,  -55 },  // 0x05DD 'U+05DD'
  {  34055,  45,  55,  54,    4,  -55 },  // 0x05DE 'U+05DE'
  {  34365,  17,  75,  24,    1,  -55 },  // 0x05DF 'U+05DF'
  {  34525,  24,  55,  31,    2,  -55 },  // 0x05E0 'U+05E0'
  {  34690,  41,  56,  50,    4,  -55 },  // 0x05E1 'U+05E1'
  {  34977,  41,  62,  46,    2,  -55 },  // 0x05E2 'U+05E2'
  {  35295,  40,  75,  47,    2,  -55 },  // 0x05E3 'U+05E3'
  {  35670,  39,  55,  49,    4,  -55 },  // 0x05E4 'U+05E4'
  {  35939,  38,  75,  42,    4,  -55 },  // 0x05E5 'U+05E5'
  {  36296,  41,  55,  45,    2,  -55 },  // 0x05E6 'U+05E6'
  {  36578,  38,  75,  48,    6,  -55 },  // 0x05E7 'U+05E7'
  {  36935,  35,  56,  41,    1,  -55 },  // 0x05E8 'U+05E8'
  {  37180,  55,  55,  62,    4,  -55 },  // 0x05E9 'U+05E9'
  {  37559,  44,  56,  52,    2,  -55 }  // 0x05EA 'U+05EA'
};

const GFXfont NotoSerifHebrew_Bold_85 PROGMEM = {
  (uint8_t  *)NotoSerifHebrew_Bold_85Bitmaps,
  (GFXglyph *)NotoSerifHebrew_Bold_85Glyphs,
  0x0020, 0x05EA, 85
};
