// NotoSerifHebrew_Bold_85 — auto-generated from NotoSerifHebrew-VariableFont.ttf, 85px, wght=700 Bold
#pragma once
#include "../GFXFF/gfxfont.h"

const uint8_t NotoSerifHebrew_Bold_85Bitmaps[] PROGMEM = {
  0x00, 0xFF, 0xFF, 0xFF, 0xFF, 0xFF, 0xF7, 0xFF, 0xEF, 0xFF, 0xDF, 0xFF, 0xBF, 0xFF, 0x3F, 0xFE, 
  0x7F, 0xFC, 0xFF, 0xF9, 0xFF, 0xF3, 0xFF, 0xE7, 0xFF, 0x8F, 0xFF, 0x1F, 0xFE, 0x3F, 0xFC, 0x3F, 
  0xF8, 0x7F, 0xF0, 0xFF, 0xE1, 0xFF, 0xC3, 0xFF, 0x87, 0xFE, 0x0F, 0xFC, 0x1F, 0xF8, 0x3F, 0xF0, 
  0x7F, 0xE0, 0x7F, 0xC0, 0xFF, 0x81, 0xFF, 0x03, 0xFE, 0x07, 0xFC, 0x0F, 0xF0, 0x1F, 0xE0, 0x3F, 
  0xC0, 0x7F, 0x80, 0x7F, 0x00, 0xFE, 0x01, 0xFC, 0x03, 0xF8, 0x07, 0xF0, 0x0F, 0xE0, 0x1F, 0x80, 
  0x00, 0x00, 0x00, 0x00, 0x00, 0x00, 0x00, 0x00, 0x00, 0x00, 0x00, 0x0F, 0xE0, 0x7F, 0xE1, 0xFF, 
  0xE3, 0xFF, 0xE7, 0xFF, 0xDF, 0xFF, 0xBF, 0xFF, 0x7F, 0xFE, 0x7F, 0xFC, 0xFF, 0xF9, 0xFF, 0xE1, 
  0xFF, 0xC1, 0xFF, 0x00, 0x70, 0x00, 0xFF, 0xF8, 0x3F, 0xFF, 0xFF, 0xF8, 0x3F, 0xFE, 0xFF, 0xF8, 
  0x1F, 0xFE, 0xFF, 0xF0, 0x1F, 0xFE, 0xFF, 0xF0, 0x1F, 0xFE, 0x7F, 0xF0, 0x1F, 0xFE, 0x7F, 0xF0, 
  0x1F, 0xFE, 0x7F, 0xF0, 0x1F, 0xFC, 0x7F, 0xF0, 0x0F, 0xFC, 0x7F, 0xE0, 0x0F, 0xFC, 0x7F, 0xE0, 
  0x0F, 0xFC, 0x3F, 0xE0, 0x0F, 0xFC, 0x3F, 0xE0, 0x0F, 0xFC, 0x3F, 0xE0, 0x0F, 0xF8, 0x3F, 0xE0, 
  0x07, 0xF8, 0x3F, 0xE0, 0x07, 0xF8, 0x3F, 0xC0, 0x07, 0xF8, 0x3F, 0xC0, 0x07, 0xF8, 0x1F, 0xC0, 
  0x07, 0xF8, 0x1F, 0xC0, 0x07, 0xF0, 0x1F, 0xC0, 0x03, 0xF0, 0x1F, 0xC0, 0x03, 0xF0, 0x1F, 0x80, 
  0x03, 0xF0, 0x1F, 0x80, 0x03, 0xF0, 0x00, 0x00, 0xFC, 0x01, 0xF8, 0x00, 0x00, 0x3F, 0x00, 0x7E, 
  0x00, 0x00, 0x1F, 0xC0, 0x1F, 0x80, 0x00, 0x07, 0xE0, 0x07, 0xE0, 0x00, 0x01, 0xF8, 0x01, 0xF8, 
  0x00, 0x00, 0x7E, 0x00, 0xFC, 0x00, 0x00, 0x1F, 0x80, 0x3F, 0x00, 0x00, 0x0F, 0xE0, 0x0F, 0xC0, 
  0x00, 0x03, 0xF0, 0x03, 0xF0, 0x00, 0x00, 0xFC, 0x00, 0xFC, 0x00, 0x00, 0x3F, 0x00, 0x7E, 0x00, 
  0x00, 0x0F, 0xC0, 0x1F, 0x80, 0x00, 0x03, 0xF0, 0x07, 0xE0, 0x00, 0x01, 0xFC, 0x01, 0xF8, 0x00, 
  0x00, 0x7E, 0x00, 0x7E, 0x00, 0x00, 0x1F, 0x80, 0x3F, 0x00, 0x00, 0x07, 0xE0, 0x0F, 0xC0, 0x0F, 
  0xFF, 0xFF, 0xFF, 0xFF, 0xF3, 0xFF, 0xFF, 0xFF, 0xFF, 0xFC, 0xFF, 0xFF, 0xFF, 0xFF, 0xFF, 0x3F, 
  0xFF, 0xFF, 0xFF, 0xFF, 0xCF, 0xFF, 0xFF, 0xFF, 0xFF, 0xF3, 0xFF, 0xFF, 0xFF, 0xFF, 0xFC, 0x00, 
  0x3F, 0x00, 0x7E, 0x00, 0x00, 0x1F, 0x80, 0x1F, 0x80, 0x00, 0x07, 0xE0, 0x07, 0xE0, 0x00, 0x01, 
  0xF8, 0x03, 0xF0, 0x00, 0x00, 0x7E, 0x00, 0xFC, 0x00, 0x00, 0x1F, 0x80, 0x3F, 0x00, 0x00, 0x0F, 
  0xC0, 0x0F, 0xC0, 0x00, 0x03, 0xF0, 0x03, 0xF0, 0x00, 0x00, 0xFC, 0x01, 0xF8, 0x00, 0x00, 0x3F, 
  0x00, 0x7E, 0x00, 0x00, 0x0F, 0xC0, 0x1F, 0x80, 0x00, 0x07, 0xF0, 0x07, 0xE0, 0x00, 0x01, 0xF8, 
  0x01, 0xF8, 0x00, 0x00, 0x7E, 0x00, 0xFE, 0x00, 0x00, 0x1F, 0x80, 0x3F, 0x00, 0x0F, 0xFF, 0xFF, 
  0xFF, 0xFF, 0xF3, 0xFF, 0xFF, 0xFF, 0xFF, 0xFC, 0xFF, 0xFF, 0xFF, 0xFF, 0xFF, 0x3F, 0xFF, 0xFF, 
  0xFF, 0xFF, 0xCF, 0xFF, 0xFF, 0xFF, 0xFF, 0xF3, 0xFF, 0xFF, 0xFF, 0xFF, 0xFC, 0x00, 0xFC, 0x01, 
  0xF8, 0x00, 0x00, 0x7E, 0x00, 0x7E, 0x00, 0x00, 0x1F, 0x80, 0x3F, 0x80, 0x00, 0x07, 0xE0, 0x0F, 
  0xC0, 0x00, 0x01, 0xF8, 0x03, 0xF0, 0x00, 0x00, 0x7E, 0x00, 0xFC, 0x00, 0x00, 0x3F, 0x00, 0x3F, 
  0x00, 0x00, 0x0F, 0xC0, 0x0F, 0xC0, 0x00, 0x03, 0xF0, 0x07, 0xE0, 0x00, 0x00, 0xFC, 0x01, 0xF8, 
  0x00, 0x00, 0x3F, 0x00, 0x7E, 0x00, 0x00, 0x1F, 0xC0, 0x1F, 0x80, 0x00, 0x07, 0xE0, 0x07, 0xE0, 
  0x00, 0x01, 0xF8, 0x03, 0xF8, 0x00, 0x00, 0x7E, 0x00, 0xFC, 0x00, 0x00, 0x1F, 0x80, 0x3F, 0x00, 
  0x00, 0x0F, 0xE0, 0x0F, 0xC0, 0x00, 0x00, 0x00, 0x00, 0x3E, 0x00, 0x00, 0x00, 0x00, 0x3E, 0x00, 
  0x00, 0x00, 0x00, 0x3E, 0x00, 0x00, 0x00, 0x00, 0x3E, 0x00, 0x00, 0x00, 0x00, 0x3E, 0x00, 0x00, 
  0x00, 0x00, 0x3E, 0x00, 0x00, 0x00, 0x00, 0x3E, 0x00, 0x00, 0x00, 0x01, 0xFF, 0xF8, 0x00, 0x00, 
  0x0F, 0xFF, 0xFF, 0x00, 0x00, 0x7F, 0xFF, 0xFF, 0xC0, 0x00, 0xFF, 0xFF, 0xFF, 0xE0, 0x01, 0xFF, 
  0xFF, 0xFF, 0xF0, 0x03, 0xFE, 0x3E, 0x7F, 0xF8, 0x07, 0xFC, 0x3E, 0x3F, 0xF8, 0x0F, 0xF8, 0x3E, 
  0x1F, 0xF8, 0x0F, 0xF8, 0x3E, 0x1F, 0xF8, 0x1F, 0xF0, 0x3E, 0x0F, 0xF8, 0x1F, 0xF0, 0x3E, 0x0F, 
  0xF8, 0x1F, 0xF0, 0x3E, 0x0F, 0xF0, 0x3F, 0xF0, 0x3E, 0x0F, 0xF0, 0x3F, 0xF0, 0x3E, 0x07, 0xC0, 
  0x3F, 0xF8, 0x3E, 0x08, 0x00, 0x3F, 0xF8, 0x3E, 0x00, 0x00, 0x3F, 0xFC, 0x3E, 0x00, 0x00, 0x1F, 
  0xFE, 0x3E, 0x00, 0x00, 0x1F, 0xFF, 0xBE, 0x00, 0x00, 0x1F, 0xFF, 0xFE, 0x00, 0x00, 0x0F, 0xFF, 
  0xFE, 0x00, 0x00, 0x0F, 0xFF, 0xFE, 0x00, 0x00, 0x07, 0xFF, 0xFF, 0x80, 0x00, 0x07, 0xFF, 0xFF, 
  0xE0, 0x00, 0x03, 0xFF, 0xFF, 0xF8, 0x00, 0x00, 0xFF, 0xFF, 0xFE, 0x00, 0x00, 0x7F, 0xFF, 0xFF, 
  0x80, 0x00, 0x3F, 0xFF, 0xFF, 0xC0, 0x00, 0x0F, 0xFF, 0xFF, 0xE0, 0x00, 0x03, 0xFF, 0xFF, 0xF0, 
  0x00, 0x00, 0xFF, 0xFF, 0xF8, 0x00, 0x00, 0x3F, 0xFF, 0xFC, 0x00, 0x00, 0x3F, 0xFF, 0xFC, 0x00, 
  0x00, 0x3F, 0xFF, 0xFE, 0x00, 0x00, 0x3E, 0x7F, 0xFE, 0x00, 0x00, 0x3E, 0x3F, 0xFE, 0x0F, 0x00, 
  0x3E, 0x1F, 0xFE, 0x3F, 0x80, 0x3E, 0x0F, 0xFE, 0x3F, 0x80, 0x3E, 0x07, 0xFF, 0x7F, 0x80, 0x3E, 
  0x07, 0xFE, 0x7F, 0x80, 0x3E, 0x07, 0xFE, 0xFF, 0x80, 0x3E, 0x07, 0xFE, 0xFF, 0xC0, 0x3E, 0x07, 
  0xFE, 0xFF, 0xC0, 0x3E, 0x07, 0xFE, 0x7F, 0xC0, 0x3E, 0x07, 0xFC, 0x7F, 0xE0, 0x3E, 0x07, 0xFC, 
  0x7F, 0xF0, 0x3E, 0x0F, 0xF8, 0x3F, 0xF8, 0x3E, 0x1F, 0xF8, 0x1F, 0xFC, 0x3E, 0x3F, 0xF0, 0x1F, 
  0xFF, 0x3F, 0xFF, 0xE0, 0x07, 0xFF, 0xFF, 0xFF, 0x80, 0x03, 0xFF, 0xFF, 0xFF, 0x00, 0x00, 0xFF, 
  0xFF, 0xFC, 0x00, 0x00, 0x1F, 0xFF, 0xE0, 0x00, 0x00, 0x00, 0x7E, 0x00, 0x00, 0x00, 0x00, 0x3E, 
  0x00, 0x00, 0x00, 0x00, 0x3E, 0x00, 0x00, 0x00, 0x00, 0x3E, 0x00, 0x00, 0x00, 0x00, 0x3E, 0x00, 
  0x00, 0x00, 0x00, 0x3E, 0x00, 0x00, 0x00, 0x00, 0x3E, 0x00, 0x00, 0x00, 0x00, 0x3E, 0x00, 0x00, 
  0x00, 0x00, 0x3E, 0x00, 0x00, 0x00, 0x00, 0x3E, 0x00, 0x00, 0x00, 0x00, 0x3E, 0x00, 0x00, 0x00, 
  0x01, 0x80, 0x00, 0x00, 0x00, 0x00, 0x00, 0x00, 0x00, 0xFF, 0xF0, 0x00, 0x00, 0x03, 0xF0, 0x00, 
  0x00, 0x07, 0xFF, 0xF8, 0x00, 0x00, 0x0F, 0xE0, 0x00, 0x00, 0x3F, 0xFF, 0xFC, 0x00, 0x00, 0x1F, 
  0x80, 0x00, 0x00, 0xFF, 0xFF, 0xFC, 0x00, 0x00, 0x7F, 0x00, 0x00, 0x01, 0xFF, 0x07, 0xFC, 0x00, 
  0x00, 0xFC, 0x00, 0x00, 0x07, 0xFC, 0x07, 0xF8, 0x00, 0x03, 0xF8, 0x00, 0x00, 0x1F, 0xF0, 0x0F, 
  0xF8, 0x00, 0x07, 0xE0, 0x00, 0x00, 0x3F, 0xE0, 0x0F, 0xF0, 0x00, 0x1F, 0xC0, 0x00, 0x00, 0xFF, 
  0xC0, 0x1F, 0xF0, 0x00, 0x3F, 0x00, 0x00, 0x01, 0xFF, 0x00, 0x3F, 0xE0, 0x00, 0xFE, 0x00, 0x00, 
  0x03, 0xFE, 0x00, 0x7F, 0xE0, 0x01, 0xF8, 0x00, 0x00, 0x07, 0xFC, 0x00, 0xFF, 0xC0, 0x07, 0xF0, 
  0x00, 0x00, 0x1F, 0xF8, 0x00, 0xFF, 0x80, 0x0F, 0xC0, 0x00, 0x00, 0x3F, 0xF0, 0x01, 0xFF, 0x00, 
  0x3F, 0x80, 0x00, 0x00, 0x7F, 0xE0, 0x03, 0xFE, 0x00, 0x7E, 0x00, 0x00, 0x00, 0xFF, 0xC0, 0x07, 
  0xFC, 0x01, 0xFC, 0x00, 0x00, 0x01, 0xFF, 0x80, 0x0F, 0xF8, 0x03, 0xF0, 0x00, 0x00, 0x03, 0xFF, 
  0x00, 0x1F, 0xF8, 0x0F, 0xE0, 0x00, 0x00, 0x07, 0xFE, 0x00, 0x3F, 0xF0, 0x1F, 0xC0, 0x00, 0x00, 
  0x0F, 0xFC, 0x00, 0x7F, 0xE0, 0x7F, 0x00, 0x00, 0x00, 0x1F, 0xF8, 0x00, 0xFF, 0x80, 0xFE, 0x00, 
  0x00, 0x00, 0x3F, 0xF0, 0x01, 0xFF, 0x03, 0xF8, 0x00, 0x00, 0x00, 0x7F, 0xE0, 0x03, 0xFE, 0x07, 
  0xF0, 0x00, 0x00, 0x00, 0xFF, 0xC0, 0x07, 0xFC, 0x0F, 0xC0, 0x00, 0x00, 0x01, 0xFF, 0x80, 0x1F, 
  0xF8, 0x3F, 0x80, 0x1F, 0xE0, 0x01, 0xFF, 0x00, 0x3F, 0xF0, 0x7E, 0x01, 0xFF, 0xF8, 0x03, 0xFE, 
  0x00, 0x7F, 0xC1, 0xFC, 0x0F, 0xFF, 0xFC, 0x07, 0xFC, 0x00, 0xFF, 0x83, 0xF0, 0x3F, 0xFF, 0xFC, 
  0x07, 0xFC, 0x01, 0xFF, 0x0F, 0xE0, 0xFF, 0xFF, 0xFC, 0x0F, 0xF8, 0x07, 0xFC, 0x1F, 0x83, 0xFE, 
  0x07, 0xFC, 0x0F, 0xF0, 0x0F, 0xF8, 0x7F, 0x0F, 0xF8, 0x0F, 0xF8, 0x1F, 0xF0, 0x3F, 0xE0, 0xFC, 
  0x1F, 0xF0, 0x0F, 0xF8, 0x1F, 0xF0, 0xFF, 0x83, 0xF8, 0x7F, 0xC0, 0x1F, 0xF0, 0x1F, 0xFF, 0xFE, 
  0x07, 0xE0, 0xFF, 0x80, 0x1F, 0xF0, 0x1F, 0xFF, 0xF8, 0x1F, 0xC1, 0xFF, 0x00, 0x3F, 0xE0, 0x1F, 
  0xFF, 0xE0, 0x3F, 0x07, 0xFE, 0x00, 0x7F, 0xC0, 0x07, 0xFE, 0x00, 0xFE, 0x0F, 0xF8, 0x00, 0xFF, 
  0xC0, 0x00, 0x00, 0x01, 0xF8, 0x1F, 0xF0, 0x01, 0xFF, 0x80, 0x00, 0x00, 0x07, 0xF0, 0x3F, 0xE0, 
  0x03, 0xFF, 0x00, 0x00, 0x00, 0x0F, 0xC0, 0x7F, 0xC0, 0x07, 0xFE, 0x00, 0x00, 0x00, 0x3F, 0x80, 
  0xFF, 0x80, 0x0F, 0xFC, 0x00, 0x00, 0x00, 0x7E, 0x01, 0xFF, 0x00, 0x1F, 0xF8, 0x00, 0x00, 0x01, 
  0xFC, 0x03, 0xFE, 0x00, 0x3F, 0xF0, 0x00, 0x00, 0x03, 0xF8, 0x07, 0xFC, 0x00, 0x7F, 0xE0, 0x00, 
  0x00, 0x0F, 0xE0, 0x0F, 0xF8, 0x00, 0xFF, 0xC0, 0x00, 0x00, 0x1F, 0xC0, 0x1F, 0xF0, 0x01, 0xFF, 
  0x80, 0x00, 0x00, 0x7F, 0x00, 0x3F, 0xE0, 0x03, 0xFF, 0x00, 0x00, 0x00, 0xFE, 0x00, 0x7F, 0xC0, 
  0x07, 0xFE, 0x00, 0x00, 0x03, 0xF8, 0x00, 0xFF, 0x80, 0x0F, 0xFC, 0x00, 0x00, 0x07, 0xF0, 0x01, 
  0xFF, 0x00, 0x1F, 0xF0, 0x00, 0x00, 0x1F, 0xC0, 0x03, 0xFF, 0x00, 0x3F, 0xE0, 0x00, 0x00, 0x3F, 
  0x80, 0x03, 0xFE, 0x00, 0x7F, 0xC0, 0x00, 0x00, 0x7E, 0x00, 0x07, 0xFC, 0x00, 0xFF, 0x80, 0x00, 
  0x01, 0xFC, 0x00, 0x0F, 0xF8, 0x03, 0xFE, 0x00, 0x00, 0x03, 0xF0, 0x00, 0x0F, 0xF8, 0x07, 0xFC, 
  0x00, 0x00, 0x0F, 0xE0, 0x00, 0x1F, 0xF0, 0x1F, 0xF0, 0x00, 0x00, 0x1F, 0x80, 0x00, 0x1F, 0xF0, 
  0x3F, 0xC0, 0x00, 0x00, 0x7F, 0x00, 0x00, 0x1F, 0xFB, 0xFF, 0x80, 0x00, 0x00, 0xFC, 0x00, 0x00, 
  0x1F, 0xFF, 0xFE, 0x00, 0x00, 0x03, 0xF8, 0x00, 0x00, 0x1F, 0xFF, 0xF0, 0x00, 0x00, 0x0F, 0xE0, 
  0x00, 0x00, 0x0F, 0xFF, 0xC0, 0x00, 0x00, 0x00, 0x00, 0x00, 0x00, 0x03, 0xFC, 0x00, 0x00, 0x00, 
  0x00, 0x00, 0x40, 0x00, 0x00, 0x00, 0x00, 0x00, 0x00, 0xFF, 0xFF, 0x00, 0x00, 0x00, 0x00, 0x00, 
  0x07, 0xFF, 0xFF, 0x80, 0x00, 0x00, 0x00, 0x00, 0x3F, 0xFF, 0xFF, 0xC0, 0x00, 0x00, 0x00, 0x00, 
  0xFF, 0xFF, 0xFF, 0xC0, 0x00, 0x00, 0x00, 0x03, 0xFF, 0xFF, 0xFF, 0xC0, 0x00, 0x00, 0x00, 0x0F, 
  0xFF, 0x01, 0xFF, 0xC0, 0x00, 0x00, 0x00, 0x3F, 0xFC, 0x01, 0xFF, 0x80, 0x00, 0x00, 0x00, 0x7F, 
  0xF0, 0x01, 0xFF, 0x80, 0x00, 0x00, 0x00, 0xFF, 0xE0, 0x03, 0xFF, 0x00, 0x00, 0x00, 0x03, 0xFF, 
  0xC0, 0x03, 0xFE, 0x00, 0x00, 0x00, 0x07, 0xFF, 0x00, 0x07, 0xFC, 0x00, 0x00, 0x00, 0x0F, 0xFE, 
  0x00, 0x0F, 0xF8, 0x00, 0x00, 0x00, 0x1F, 0xFC, 0x00, 0x1F, 0xF0, 0x00, 0x00, 0x00, 0x3F, 0xFC, 
  0x00, 0x3F, 0xE0, 0x00, 0x00, 0x00, 0x7F, 0xF8, 0x00, 0xFF, 0xC0, 0x00, 0x00, 0x00, 0xFF, 0xF0, 
  0x01, 0xFF, 0x80, 0x00, 0x00, 0x01, 0xFF, 0xF0, 0x03, 0xFE, 0x00, 0x00, 0x00, 0x01, 0xFF, 0xE0, 
  0x0F, 0xFC, 0x00, 0x00, 0x00, 0x03, 0xFF, 0xE0, 0x1F, 0xF0, 0x00, 0x00, 0x00, 0x07, 0xFF, 0xC0, 
  0x7F, 0xE0, 0x00, 0x00, 0x00, 0x07, 0xFF, 0xC1, 0xFF, 0x80, 0x00, 0x00, 0x00, 0x0F, 0xFF, 0xC7, 
  0xFE, 0x00, 0x00, 0x00, 0x00, 0x0F, 0xFF, 0xFF, 0xF0, 0x00, 0x00, 0x00, 0x00, 0x0F, 0xFF, 0xFF, 
  0xC0, 0x00, 0x00, 0x00, 0x00, 0x1F, 0xFF, 0xFE, 0x00, 0x00, 0x00, 0x00, 0x00, 0x1F, 0xFF, 0xF0, 
  0x00, 0xFF, 0xFF, 0xE0, 0x00, 0x1F, 0xFF, 0xC0, 0x01, 0xFF, 0xFF, 0xC0, 0x00, 0x7F, 0xFF, 0xC0, 
  0x03, 0xFF, 0xFF, 0x80, 0x03, 0xFF, 0xFF, 0x80, 0x07, 0xFF, 0xFF, 0x00, 0x1F, 0xFF, 0xFF, 0x80, 
  0x0F, 0xFF, 0xC0, 0x00, 0xFF, 0xFF, 0xFF, 0x80, 0x1F, 0xFC, 0x00, 0x03, 0xFF, 0xDF, 0xFF, 0x80, 
  0x3F, 0xF0, 0x00, 0x0F, 0xFF, 0x3F, 0xFF, 0x80, 0x7F, 0xC0, 0x00, 0x3F, 0xFC, 0x3F, 0xFF, 0x80, 
  0xFF, 0x80, 0x00, 0xFF, 0xF0, 0x3F, 0xFF, 0x81, 0xFE, 0x00, 0x03, 0xFF, 0xC0, 0x3F, 0xFF, 0x83, 
  0xFC, 0x00, 0x0F, 0xFF, 0x80, 0x3F, 0xFF, 0x87, 0xF8, 0x00, 0x1F, 0xFE, 0x00, 0x3F, 0xFF, 0x8F, 
  0xE0, 0x00, 0x7F, 0xFC, 0x00, 0x3F, 0xFF, 0x9F, 0xC0, 0x00, 0xFF, 0xF8, 0x00, 0x3F, 0xFF, 0xFF, 
  0x80, 0x01, 0xFF, 0xF0, 0x00, 0x3F, 0xFF, 0xFE, 0x00, 0x03, 0xFF, 0xE0, 0x00, 0x3F, 0xFF, 0xFC, 
  0x00, 0x07, 0xFF, 0xC0, 0x00, 0x3F, 0xFF, 0xF8, 0x00, 0x0F, 0xFF, 0x80, 0x00, 0x3F, 0xFF, 0xE0, 
  0x00, 0x1F, 0xFF, 0x00, 0x00, 0x3F, 0xFF, 0xC0, 0x00, 0x3F, 0xFE, 0x00, 0x00, 0x3F, 0xFF, 0x80, 
  0x00, 0x7F, 0xFC, 0x00, 0x00, 0x3F, 0xFF, 0x80, 0x00, 0xFF, 0xF8, 0x00, 0x00, 0x7F, 0xFF, 0x80, 
  0x01, 0xFF, 0xF0, 0x00, 0x00, 0x7F, 0xFF, 0x80, 0x03, 0xFF, 0xE0, 0x00, 0x00, 0x7F, 0xFF, 0x80, 
  0x03, 0xFF, 0xE0, 0x00, 0x00, 0x7F, 0xFF, 0x80, 0x07, 0xFF, 0xE0, 0x00, 0x01, 0xFF, 0xFF, 0x80, 
  0x0F, 0xFF, 0xC0, 0x00, 0x07, 0xFF, 0xFF, 0x00, 0x0F, 0xFF, 0xC0, 0x00, 0x3F, 0xFF, 0xFF, 0x00, 
  0x0F, 0xFF, 0xE0, 0x01, 0xFF, 0xFF, 0xFF, 0x00, 0x1F, 0xFF, 0xF0, 0x0F, 0xFE, 0x7F, 0xFF, 0x80, 
  0x1F, 0xFF, 0xFF, 0xFF, 0xF0, 0x7F, 0xFF, 0xFC, 0x0F, 0xFF, 0xFF, 0xFF, 0xC0, 0x7F, 0xFF, 0xF8, 
  0x0F, 0xFF, 0xFF, 0xFF, 0x00, 0x7F, 0xFF, 0xF0, 0x07, 0xFF, 0xFF, 0xF8, 0x00, 0x7F, 0xFF, 0xE0, 
  0x03, 0xFF, 0xFF, 0x80, 0x00, 0x7F, 0xFF, 0xC0, 0x00, 0x3F, 0xF0, 0x00, 0x00, 0x00, 0x00, 0x00, 
  0xFF, 0xFF, 0xFF, 0xFF, 0xFF, 0xFF, 0xEF, 0xFF, 0x3F, 0xF9, 0xFF, 0xCF, 0xFE, 0x7F, 0xF3, 0xFF, 
  0x1F, 0xF8, 0x7F, 0xC3, 0xFE, 0x1F, 0xF0, 0xFF, 0x87, 0xFC, 0x3F, 0xC1, 0xFE, 0x07, 0xF0, 0x3F, 
  0x81, 0xFC, 0x0F, 0xE0, 0x7E, 0x03, 0xF0, 0x00, 0x00, 0x00, 0x40, 0x00, 0x00, 0x30, 0x00, 0x00, 
  0x3C, 0x00, 0x00, 0x3F, 0x00, 0x00, 0x3F, 0xC0, 0x00, 0x3F, 0xF0, 0x00, 0x1F, 0xF8, 0x00, 0x1F, 
  0xFC, 0x00, 0x0F, 0xFE, 0x00, 0x07, 0xFF, 0x00, 0x03, 0xFF, 0x80, 0x01, 0xFF, 0xC0, 0x00, 0xFF, 
  0xF0, 0x00, 0x3F, 0xF8, 0x00, 0x1F, 0xFC, 0x00, 0x0F, 0xFF, 0x00, 0x07, 0xFF, 0x80, 0x01, 0xFF, 
  0xE0, 0x00, 0xFF, 0xF0, 0x00, 0x3F, 0xFC, 0x00, 0x1F, 0xFF, 0x00, 0x07, 0xFF, 0xC0, 0x01, 0xFF, 
  0xE0, 0x00, 0xFF, 0xF8, 0x00, 0x3F, 0xFE, 0x00, 0x0F, 0xFF, 0x80, 0x07, 0xFF, 0xC0, 0x01, 0xFF, 
  0xF0, 0x00, 0x7F, 0xFC, 0x00, 0x1F, 0xFF, 0x00, 0x0F, 0xFF, 0xC0, 0x03, 0xFF, 0xF0, 0x00, 0xFF, 
  0xFC, 0x00, 0x3F, 0xFF, 0x00, 0x0F, 0xFF, 0xC0, 0x03, 0xFF, 0xF0, 0x00, 0xFF, 0xFC, 0x00, 0x3F, 
  0xFF, 0x00, 0x0F, 0xFF, 0xC0, 0x03, 0xFF, 0xF0, 0x00, 0xFF, 0xFC, 0x00, 0x3F, 0xFF, 0x00, 0x0F, 
  0xFF, 0xC0, 0x03, 0xFF, 0xF0, 0x00, 0xFF, 0xFC, 0x00, 0x3F, 0xFF, 0x00, 0x0F, 0xFF, 0xC0, 0x03, 
  0xFF, 0xF0, 0x00, 0x7F, 0xFC, 0x00, 0x1F, 0xFF, 0x00, 0x07, 0xFF, 0xC0, 0x01, 0xFF, 0xF0, 0x00, 
  0x3F, 0xFE, 0x00, 0x0F, 0xFF, 0x80, 0x03, 0xFF, 0xE0, 0x00, 0x7F, 0xF8, 0x00, 0x1F, 0xFF, 0x00, 
  0x07, 0xFF, 0xC0, 0x00, 0xFF, 0xF0, 0x00, 0x3F, 0xFC, 0x00, 0x07, 0xFF, 0x80, 0x01, 0xFF, 0xE0, 
  0x00, 0x3F, 0xFC, 0x00, 0x07, 0xFF, 0x00, 0x01, 0xFF, 0xE0, 0x00, 0x3F, 0xF8, 0x00, 0x07, 0xFF, 
  0x00, 0x00, 0xFF, 0xE0, 0x00, 0x1F, 0xFC, 0x00, 0x03, 0xFF, 0x80, 0x00, 0x7F, 0xF0, 0x00, 0x07, 
  0xFE, 0x00, 0x00, 0xFF, 0xC0, 0x00, 0x0F, 0xF0, 0x00, 0x01, 0xFC, 0x00, 0x00, 0x1F, 0x00, 0x00, 
  0x01, 0xC0, 0x00, 0x00, 0x10, 0x80, 0x00, 0x00, 0x30, 0x00, 0x00, 0x0F, 0x80, 0x00, 0x03, 0xF0, 
  0x00, 0x00, 0xFF, 0x00, 0x00, 0x3F, 0xF0, 0x00, 0x07, 0xFE, 0x00, 0x00, 0xFF, 0xE0, 0x00, 0x1F, 
  0xFC, 0x00, 0x03, 0xFF, 0x80, 0x00, 0x7F, 0xF0, 0x00, 0x0F, 0xFE, 0x00, 0x03, 0xFF, 0xC0, 0x00, 
  0x7F, 0xF8, 0x00, 0x0F, 0xFE, 0x00, 0x03, 0xFF, 0xC0, 0x00, 0x7F, 0xF8, 0x00, 0x1F, 0xFE, 0x00, 
  0x03, 0xFF, 0xC0, 0x00, 0xFF, 0xF0, 0x00, 0x3F, 0xFE, 0x00, 0x07, 0xFF, 0x80, 0x01, 0xFF, 0xF0, 
  0x00, 0x7F, 0xFC, 0x00, 0x1F, 0xFF, 0x00, 0x07, 0xFF, 0xC0, 0x00, 0xFF, 0xF8, 0x00, 0x3F, 0xFE, 
  0x00, 0x0F, 0xFF, 0x80, 0x03, 0xFF, 0xE0, 0x00, 0xFF, 0xFC, 0x00, 0x3F, 0xFF, 0x00, 0x0F, 0xFF, 
  0xC0, 0x03, 0xFF, 0xF0, 0x00, 0xFF, 0xFC, 0x00, 0x3F, 0xFF, 0x00, 0x0F, 0xFF, 0xC0, 0x03, 0xFF, 
  0xF0, 0x00, 0xFF, 0xFC, 0x00, 0x3F, 0xFF, 0x00, 0x0F, 0xFF, 0xC0, 0x03, 0xFF, 0xF0, 0x00, 0xFF, 
  0xFC, 0x00, 0x3F, 0xFF, 0x00, 0x0F, 0xFF, 0xC0, 0x03, 0xFF, 0xF0, 0x00, 0xFF, 0xFC, 0x00, 0x3F, 
  0xFF, 0x00, 0x0F, 0xFF, 0x80, 0x03, 0xFF, 0xE0, 0x00, 0xFF, 0xF8, 0x00, 0x3F, 0xFE, 0x00, 0x1F, 
  0xFF, 0x00, 0x07, 0xFF, 0xC0, 0x01, 0xFF, 0xF0, 0x00, 0x7F, 0xFC, 0x00, 0x1F, 0xFE, 0x00, 0x0F, 
  0xFF, 0x80, 0x03, 0xFF, 0xC0, 0x00, 0xFF, 0xF0, 0x00, 0x7F, 0xF8, 0x00, 0x1F, 0xFE, 0x00, 0x0F, 
  0xFF, 0x00, 0x03, 0xFF, 0x80, 0x01, 0xFF, 0xE0, 0x00, 0x7F, 0xF0, 0x00, 0x3F, 0xF8, 0x00, 0x1F, 
  0xFC, 0x00, 0x0F, 0xFE, 0x00, 0x07, 0xFF, 0x00, 0x03, 0xFF, 0x80, 0x01, 0xFF, 0x80, 0x00, 0xFF, 
  0xC0, 0x00, 0x3F, 0xC0, 0x00, 0x0F, 0xE0, 0x00, 0x03, 0xE0, 0x00, 0x00, 0xE0, 0x00, 0x00, 0x20, 
  0x00, 0x00, 0x00, 0x00, 0x03, 0xFE, 0x00, 0x00, 0x00, 0x1F, 0xF0, 0x00, 0x00, 0x00, 0xFF, 0x80, 
  0x00, 0x00, 0x07, 0xFC, 0x00, 0x00, 0x00, 0x1F, 0xC0, 0x00, 0x04, 0x00, 0xFE, 0x00, 0x40, 0x70, 
  0x07, 0xF0, 0x06, 0x03, 0xC0, 0x3F, 0x80, 0x78, 0x3F, 0x81, 0xF8, 0x0F, 0xC1, 0xFE, 0x07, 0xC0, 
  0xFF, 0x1F, 0xF8, 0x3E, 0x1F, 0xF8, 0xFF, 0xF1, 0xF1, 0xFF, 0xEF, 0xFF, 0xCF, 0xBF, 0xFF, 0x7F, 
  0xFF, 0xFB, 0xFF, 0xFC, 0x7F, 0xFF, 0xFF, 0xFF, 0x00, 0x3F, 0xFF, 0xFF, 0x80, 0x00, 0x1F, 0xFF, 
  0xC0, 0x00, 0x00, 0x7F, 0xF8, 0x00, 0x00, 0x1F, 0xFF, 0xFC, 0x00, 0x0F, 0xFF, 0xFF, 0xFE, 0x03, 
  0xFF, 0xFF, 0xFF, 0xFE, 0x7F, 0xFF, 0x79, 0xFF, 0xFD, 0xFF, 0xE3, 0xE7, 0xFF, 0xCF, 0xFE, 0x1F, 
  0x1F, 0xFE, 0x3F, 0xE0, 0xF8, 0x3F, 0xE1, 0xFC, 0x0F, 0xC0, 0xFF, 0x0F, 0xC0, 0x7E, 0x01, 0xF0, 
  0x3C, 0x03, 0xF8, 0x07, 0x81, 0x80, 0x1F, 0xC0, 0x08, 0x00, 0x00, 0xFE, 0x00, 0x00, 0x00, 0x0F, 
  0xF0, 0x00, 0x00, 0x00, 0x7F, 0xC0, 0x00, 0x00, 0x03, 0xFE, 0x00, 0x00, 0x00, 0x1F, 0xF0, 0x00, 
  0x00, 0x00, 0x00, 0xFC, 0x00, 0x00, 0x00, 0x03, 0xF0, 0x00, 0x00, 0x00, 0x0F, 0xC0, 0x00, 0x00, 
  0x00, 0x3F, 0x00, 0x00, 0x00, 0x00, 0xFC, 0x00, 0x00, 0x00, 0x03, 0xF0, 0x00, 0x00, 0x00, 0x0F, 
  0xC0, 0x00, 0x00, 0x00, 0x3F, 0x00, 0x00, 0x00, 0x00, 0xFC, 0x00, 0x00, 0x00, 0x03, 0xF0, 0x00, 
  0x00, 0x00, 0x0F, 0xC0, 0x00, 0x00, 0x00, 0x3F, 0x00, 0x00, 0x00, 0x00, 0xFC, 0x00, 0x00, 0x00, 
  0x03, 0xF0, 0x00, 0x00, 0x00, 0x0F, 0xC0, 0x00, 0x00, 0x00, 0x3F, 0x00, 0x00, 0xFF, 0xFF, 0xFF, 
  0xFF, 0xFF, 0xFF, 0xFF, 0xFF, 0xFF, 0xFF, 0xFF, 0xFF, 0xFF, 0xFF, 0xFF, 0xFF, 0xFF, 0xFF, 0xFF, 
  0xFF, 0xFF, 0xFF, 0xFF, 0xFF, 0xFF, 0xFF, 0xFF, 0xFF, 0xF0, 0x00, 0x0F, 0xC0, 0x00, 0x00, 0x00, 
  0x3F, 0x00, 0x00, 0x00, 0x00, 0xFC, 0x00, 0x00, 0x00, 0x03, 0xF0, 0x00, 0x00, 0x00, 0x0F, 0xC0, 
  0x00, 0x00, 0x00, 0x3F, 0x00, 0x00, 0x00, 0x00, 0xFC, 0x00, 0x00, 0x00, 0x03, 0xF0, 0x00, 0x00, 
  0x00, 0x0F, 0xC0, 0x00, 0x00, 0x00, 0x3F, 0x00, 0x00, 0x00, 0x00, 0xFC, 0x00, 0x00, 0x00, 0x03, 
  0xF0, 0x00, 0x00, 0x00, 0x0F, 0xC0, 0x00, 0x00, 0x00, 0x3F, 0x00, 0x00, 0x00, 0x00, 0xFC, 0x00, 
  0x00, 0x07, 0xC0, 0x3F, 0xE0, 0xFF, 0xE1, 0xFF, 0xE7, 0xFF, 0xCF, 0xFF, 0xDF, 0xFF, 0xBF, 0xFF, 
  0x7F, 0xFE, 0x7F, 0xFC, 0x7F, 0xF8, 0x7F, 0xF0, 0x7F, 0xE0, 0x3F, 0xC0, 0x7F, 0x00, 0xFE, 0x01, 
  0xF8, 0x03, 0xF0, 0x0F, 0xC0, 0x3F, 0x01, 0xFE, 0x1F, 0xF8, 0x3F, 0xC0, 0x7F, 0x00, 0xF0, 0x01, 
  0x80, 0x00, 0xFF, 0xFF, 0xFF, 0xFF, 0xFF, 0xFF, 0xFF, 0xFF, 0xFF, 0xFF, 0xFF, 0xFF, 0xFF, 0xFF, 
  0xFF, 0xFF, 0xFF, 0xFF, 0xFF, 0xFF, 0xFF, 0xFF, 0xFF, 0xFF, 0xFC, 0x0F, 0x81, 0xFF, 0x1F, 0xFD, 
  0xFF, 0xFF, 0xFF, 0xFF, 0xFF, 0xFF, 0xFF, 0xFF, 0xFF, 0xFF, 0xFF, 0xFF, 0xFE, 0xFF, 0xE3, 0xFE, 
  0x07, 0xC0, 0x00, 0x00, 0x3F, 0x00, 0x00, 0x3F, 0x00, 0x00, 0x3F, 0x00, 0x00, 0x3F, 0x00, 0x00, 
  0x7F, 0x00, 0x00, 0x7E, 0x00, 0x00, 0x7E, 0x00, 0x00, 0x7E, 0x00, 0x00, 0xFE, 0x00, 0x00, 0xFC, 
  0x00, 0x00, 0xFC, 0x00, 0x00, 0xFC, 0x00, 0x00, 0xFC, 0x00, 0x01, 0xF8, 0x00, 0x01, 0xF8, 0x00, 
  0x01, 0xF8, 0x00, 0x01, 0xF8, 0x00, 0x03, 0xF0, 0x00, 0x03, 0xF0, 0x00, 0x03, 0xF0, 0x00, 0x03, 
  0xF0, 0x00, 0x07, 0xE0, 0x00, 0x07, 0xE0, 0x00, 0x07, 0xE0, 0x00, 0x07, 0xE0, 0x00, 0x0F, 0xC0, 
  0x00, 0x0F, 0xC0, 0x00, 0x0F, 0xC0, 0x00, 0x0F, 0xC0, 0x00, 0x1F, 0x80, 0x00, 0x1F, 0x80, 0x00, 
  0x1F, 0x80, 0x00, 0x1F, 0x80, 0x00, 0x3F, 0x00, 0x00, 0x3F, 0x00, 0x00, 0x3F, 0x00, 0x00, 0x3F, 
  0x00, 0x00, 0x7E, 0x00, 0x00, 0x7E, 0x00, 0x00, 0x7E, 0x00, 0x00, 0x7E, 0x00, 0x00, 0xFC, 0x00, 
  0x00, 0xFC, 0x00, 0x00, 0xFC, 0x00, 0x00, 0xFC, 0x00, 0x01, 0xF8, 0x00, 0x01, 0xF8, 0x00, 0x01, 
  0xF8, 0x00, 0x01, 0xF8, 0x00, 0x03, 0xF0, 0x00, 0x03, 0xF0, 0x00, 0x03, 0xF0, 0x00, 0x03, 0xF0, 
  0x00, 0x07, 0xF0, 0x00, 0x07, 0xE0, 0x00, 0x07, 0xE0, 0x00, 0x07, 0xE0, 0x00, 0x0F, 0xE0, 0x00, 
  0x0F, 0xC0, 0x00, 0x0F, 0xC0, 0x00, 0x0F, 0xC0, 0x00, 0x1F, 0xC0, 0x00, 0x1F, 0x80, 0x00, 0x1F, 
  0x80, 0x00, 0x1F, 0x80, 0x00, 0x3F, 0x80, 0x00, 0x3F, 0x00, 0x00, 0x3F, 0x00, 0x00, 0x3F, 0x00, 
  0x00, 0x7F, 0x00, 0x00, 0x7E, 0x00, 0x00, 0x7E, 0x00, 0x00, 0x7E, 0x00, 0x00, 0xFE, 0x00, 0x00, 
  0xFC, 0x00, 0x00, 0x00, 0x00, 0x0E, 0x00, 0x00, 0x00, 0x00, 0xFF, 0xFC, 0x00, 0x00, 0x01, 0xFF, 
  0xFF, 0xC0, 0x00, 0x00, 0xFF, 0xFF, 0xFC, 0x00, 0x00, 0xFF, 0xFF, 0xFF, 0x80, 0x00, 0x7F, 0xFF, 
  0xFF, 0xF0, 0x00, 0x3F, 0xFE, 0x1F, 0xFE, 0x00, 0x0F, 0xFE, 0x01, 0xFF, 0xC0, 0x07, 0xFF, 0x80, 
  0x3F, 0xF8, 0x03, 0xFF, 0xC0, 0x0F, 0xFE, 0x00, 0xFF, 0xF0, 0x03, 0xFF, 0xC0, 0x7F, 0xF8, 0x00, 
  0x7F, 0xF0, 0x1F, 0xFE, 0x00, 0x1F, 0xFE, 0x07, 0xFF, 0x80, 0x07, 0xFF, 0x83, 0xFF, 0xC0, 0x00, 
  0xFF, 0xF0, 0xFF, 0xF0, 0x00, 0x3F, 0xFC, 0x3F, 0xFC, 0x00, 0x0F, 0xFF, 0x1F, 0xFF, 0x00, 0x03, 
  0xFF, 0xC7, 0xFF, 0xC0, 0x00, 0xFF, 0xF9, 0xFF, 0xF0, 0x00, 0x3F, 0xFE, 0x7F, 0xFC, 0x00, 0x0F, 
  0xFF, 0x9F, 0xFF, 0x00, 0x03, 0xFF, 0xE7, 0xFF, 0xC0, 0x00, 0xFF, 0xF9, 0xFF, 0xE0, 0x00, 0x3F, 
  0xFE, 0xFF, 0xF8, 0x00, 0x0F, 0xFF, 0xFF, 0xFE, 0x00, 0x01, 0xFF, 0xFF, 0xFF, 0x80, 0x00, 0x7F, 
  0xFF, 0xFF, 0xE0, 0x00, 0x1F, 0xFF, 0xFF, 0xF8, 0x00, 0x07, 0xFF, 0xFF, 0xFE, 0x00, 0x01, 0xFF, 
  0xFF, 0xFF, 0x80, 0x00, 0x7F, 0xFF, 0xFF, 0xE0, 0x00, 0x1F, 0xFF, 0xFF, 0xF8, 0x00, 0x07, 0xFF, 
  0xFF, 0xFE, 0x00, 0x01, 0xFF, 0xFF, 0xFF, 0x80, 0x00, 0x7F, 0xFF, 0xFF, 0xE0, 0x00, 0x1F, 0xFF, 
  0xFF, 0xF8, 0x00, 0x07, 0xFF, 0xFF, 0xFE, 0x00, 0x01, 0xFF, 0xFF, 0xFF, 0x80, 0x00, 0xFF, 0xFD, 
  0xFF, 0xE0, 0x00, 0x3F, 0xFE, 0x7F, 0xFC, 0x00, 0x0F, 0xFF, 0x9F, 0xFF, 0x00, 0x03, 0xFF, 0xE7, 
  0xFF, 0xC0, 0x00, 0xFF, 0xF9, 0xFF, 0xF0, 0x00, 0x3F, 0xFE, 0x7F, 0xFC, 0x00, 0x0F, 0xFF, 0x9F, 
  0xFF, 0x00, 0x03, 0xFF, 0xC3, 0xFF, 0xC0, 0x00, 0xFF, 0xF0, 0xFF, 0xF0, 0x00, 0x3F, 0xFC, 0x3F, 
  0xFC, 0x00, 0x0F, 0xFF, 0x07, 0xFF, 0x80, 0x07, 0xFF, 0x81, 0xFF, 0xE0, 0x01, 0xFF, 0xE0, 0x7F, 
  0xF8, 0x00, 0x7F, 0xF0, 0x0F, 0xFE, 0x00, 0x1F, 0xFC, 0x03, 0xFF, 0xC0, 0x0F, 0xFE, 0x00, 0x7F, 
  0xF0, 0x03, 0xFF, 0x80, 0x0F, 0xFE, 0x01, 0xFF, 0xC0, 0x03, 0xFF, 0xC0, 0xFF, 0xE0, 0x00, 0x7F, 
  0xFF, 0xFF, 0xF8, 0x00, 0x0F, 0xFF, 0xFF, 0xFC, 0x00, 0x01, 0xFF, 0xFF, 0xFC, 0x00, 0x00, 0x1F, 
  0xFF, 0xFE, 0x00, 0x00, 0x01, 0xFF, 0xFE, 0x00, 0x00, 0x00, 0x07, 0xF8, 0x00, 0x00, 0x00, 0x00, 
  0x3F, 0xF0, 0x00, 0x00, 0x00, 0xFF, 0xE0, 0x00, 0x00, 0x07, 0xFF, 0xC0, 0x00, 0x00, 0x1F, 0xFF, 
  0x80, 0x00, 0x00, 0x7F, 0xFF, 0x00, 0x00, 0x03, 0xFF, 0xFE, 0x00, 0x00, 0x0F, 0xFF, 0xFC, 0x00, 
  0x00, 0x7F, 0xFF, 0xF8, 0x00, 0x03, 0xFF, 0xFF, 0xF0, 0x00, 0x1F, 0xFD, 0xFF, 0xE0, 0x01, 0xFF, 
  0xF3, 0xFF, 0xC0, 0x07, 0xFF, 0xC7, 0xFF, 0x80, 0x0F, 0xFF, 0x0F, 0xFF, 0x00, 0x1F, 0xFC, 0x1F, 
  0xFE, 0x00, 0x1F, 0xF0, 0x3F, 0xFC, 0x00, 0x3F, 0xC0, 0x7F, 0xF8, 0x00, 0x3F, 0x00, 0xFF, 0xF0, 
  0x00, 0x00, 0x01, 0xFF, 0xE0, 0x00, 0x00, 0x03, 0xFF, 0xC0, 0x00, 0x00, 0x07, 0xFF, 0x80, 0x00, 
  0x00, 0x0F, 0xFF, 0x00, 0x00, 0x00, 0x1F, 0xFE, 0x00, 0x00, 0x00, 0x3F, 0xFC, 0x00, 0x00, 0x00, 
  0x7F, 0xF8, 0x00, 0x00, 0x00, 0xFF, 0xF0, 0x00, 0x00, 0x01, 0xFF, 0xE0, 0x00, 0x00, 0x03, 0xFF, 
  0xC0, 0x00, 0x00, 0x07, 0xFF, 0x80, 0x00, 0x00, 0x0F, 0xFF, 0x00, 0x00, 0x00, 0x1F, 0xFE, 0x00, 
  0x00, 0x00, 0x3F, 0xFC, 0x00, 0x00, 0x00, 0x7F, 0xF8, 0x00, 0x00, 0x00, 0xFF, 0xF0, 0x00, 0x00, 
  0x01, 0xFF, 0xE0, 0x00, 0x00, 0x03, 0xFF, 0xC0, 0x00, 0x00, 0x07, 0xFF, 0x80, 0x00, 0x00, 0x0F, 
  0xFF, 0x00, 0x00, 0x00, 0x1F, 0xFE, 0x00, 0x00, 0x00, 0x3F, 0xFC, 0x00, 0x00, 0x00, 0x7F, 0xF8, 
  0x00, 0x00, 0x00, 0xFF, 0xF0, 0x00, 0x00, 0x01, 0xFF, 0xE0, 0x00, 0x00, 0x03, 0xFF, 0xC0, 0x00, 
  0x00, 0x07, 0xFF, 0x80, 0x00, 0x00, 0x0F, 0xFF, 0x00, 0x00, 0x00, 0x1F, 0xFE, 0x00, 0x00, 0x00, 
  0x3F, 0xFC, 0x00, 0x00, 0x00, 0x7F, 0xF8, 0x00, 0x00, 0x00, 0xFF, 0xF0, 0x00, 0x00, 0x01, 0xFF, 
  0xE0, 0x00, 0x00, 0x03, 0xFF, 0xC0, 0x00, 0x00, 0x07, 0xFF, 0x80, 0x00, 0x00, 0x0F, 0xFF, 0x00, 
  0x00, 0x00, 0x3F, 0xFF, 0x00, 0x00, 0x00, 0x7F, 0xFE, 0x00, 0x00, 0x01, 0xFF, 0xFE, 0x00, 0x1F, 
  0xFF, 0xFF, 0xFF, 0xFE, 0x3F, 0xFF, 0xFF, 0xFF, 0xFC, 0x7F, 0xFF, 0xFF, 0xFF, 0xF8, 0xFF, 0xFF, 
  0xFF, 0xFF, 0xF1, 0xFF, 0xFF, 0xFF, 0xFF, 0xE0, 0x00, 0x00, 0x28, 0x00, 0x00, 0x00, 0x3F, 0xFF, 
  0xE0, 0x00, 0x00, 0xFF, 0xFF, 0xFC, 0x00, 0x03, 0xFF, 0xFF, 0xFF, 0x00, 0x0F, 0xFF, 0xFF, 0xFF, 
  0x80, 0x1F, 0xFF, 0xFF, 0xFF, 0xC0, 0x3F, 0xFE, 0x03, 0xFF, 0xE0, 0x3F, 0xFC, 0x01, 0xFF, 0xF0, 
  0x7F, 0xF8, 0x00, 0xFF, 0xF8, 0x7F, 0xF0, 0x00, 0xFF, 0xF8, 0xFF, 0xF0, 0x00, 0x7F, 0xF8, 0xFF, 
  0xF0, 0x00, 0x7F, 0xFC, 0xFF, 0xE0, 0x00, 0x7F, 0xFC, 0xFF, 0xE0, 0x00, 0x7F, 0xFC, 0xFF, 0xE0, 
  0x00, 0x7F, 0xFC, 0x7F, 0xE0, 0x00, 0x7F, 0xFC, 0x7F, 0xE0, 0x00, 0x7F, 0xFC, 0x3F, 0xE0, 0x00, 
  0x7F, 0xFC, 0x1F, 0xE0, 0x00, 0x7F, 0xFC, 0x03, 0xE0, 0x00, 0x7F, 0xFC, 0x00, 0x00, 0x00, 0x7F, 
  0xF8, 0x00, 0x00, 0x00, 0x7F, 0xF8, 0x00, 0x00, 0x00, 0xFF, 0xF8, 0x00, 0x00, 0x00, 0xFF, 0xF0, 
  0x00, 0x00, 0x00, 0xFF, 0xF0, 0x00, 0x00, 0x01, 0xFF, 0xE0, 0x00, 0x00, 0x01, 0xFF, 0xC0, 0x00, 
  0x00, 0x03, 0xFF, 0xC0, 0x00, 0x00, 0x03, 0xFF, 0x80, 0x00, 0x00, 0x07, 0xFF, 0x00, 0x00, 0x00, 
  0x0F, 0xFE, 0x00, 0x00, 0x00, 0x0F, 0xFC, 0x00, 0x00, 0x00, 0x1F, 0xF8, 0x00, 0x00, 0x00, 0x3F, 
  0xF0, 0x00, 0x00, 0x00, 0x7F, 0xE0, 0x00, 0x00, 0x00, 0x7F, 0xC0, 0x00, 0x00, 0x00, 0xFF, 0x80, 
  0x00, 0x00, 0x01, 0xFF, 0x00, 0x00, 0x00, 0x03, 0xFE, 0x00, 0x00, 0x00, 0x07, 0xFC, 0x00, 0x00, 
  0x00, 0x0F, 0xF8, 0x00, 0x00, 0x00, 0x1F, 0xF0, 0x00, 0x00, 0x00, 0x3F, 0xE0, 0x00, 0x00, 0x00, 
  0x7F, 0xC0, 0x00, 0x00, 0x00, 0xFF, 0x80, 0x00, 0x1F, 0x01, 0xFF, 0x00, 0x00, 0x1F, 0x03, 0xFE, 
  0x00, 0x00, 0x1F, 0x03, 0xFC, 0x00, 0x00, 0x3F, 0x07, 0xF8, 0x00, 0x00, 0x3F, 0x0F, 0xF0, 0x00, 
  0x00, 0x7F, 0x1F, 0xE0, 0x00, 0x00, 0x7F, 0x3F, 0xC0, 0x00, 0x01, 0xFF, 0x7F, 0x80, 0x00, 0x0F, 
  0xFF, 0xFF, 0xFF, 0xFF, 0xFF, 0xFF, 0xFF, 0xFF, 0xFF, 0xFF, 0xFF, 0xFF, 0xFF, 0xFF, 0xFF, 0xFF, 
  0xFF, 0xFF, 0xFF, 0xFF, 0xFF, 0xFF, 0xFF, 0xFF, 0xFF, 0xFF, 0xFF, 0xFF, 0xFF, 0xFF, 0xFF, 0xFF, 
  0xFF, 0xFF, 0xFF, 0xFF, 0xFF, 0xFF, 0xFF, 0xFF, 0xFF, 0xFF, 0xFF, 0xFF, 0xFF, 0xFF, 0x00, 0x00, 
  0x10, 0x00, 0x00, 0x00, 0x0F, 0xFF, 0xF8, 0x00, 0x00, 0x3F, 0xFF, 0xFF, 0x80, 0x00, 0x7F, 0xFF, 
  0xFF, 0xF0, 0x00, 0x7F, 0xFF, 0xFF, 0xFE, 0x00, 0x7F, 0xFF, 0xFF, 0xFF, 0x80, 0x7F, 0xFC, 0x0F, 
  0xFF, 0xE0, 0x7F, 0xF8, 0x01, 0xFF, 0xF0, 0x3F, 0xFC, 0x00, 0x7F, 0xFC, 0x3F, 0xFC, 0x00, 0x3F, 
  0xFE, 0x1F, 0xFE, 0x00, 0x1F, 0xFF, 0x8F, 0xFE, 0x00, 0x07, 0xFF, 0xC7, 0xFF, 0x00, 0x03, 0xFF, 
  0xE3, 0xFF, 0x80, 0x01, 0xFF, 0xF0, 0xFF, 0xC0, 0x00, 0xFF, 0xF8, 0x7F, 0xC0, 0x00, 0x7F, 0xFC, 
  0x1F, 0xE0, 0x00, 0x3F, 0xFE, 0x07, 0xF0, 0x00, 0x1F, 0xFF, 0x00, 0x78, 0x00, 0x0F, 0xFF, 0x80, 
  0x00, 0x00, 0x07, 0xFF, 0x80, 0x00, 0x00, 0x03, 0xFF, 0xC0, 0x00, 0x00, 0x03, 0xFF, 0xC0, 0x00, 
  0x00, 0x01, 0xFF, 0xE0, 0x00, 0x00, 0x01, 0xFF, 0xE0, 0x00, 0x00, 0x00, 0xFF, 0xE0, 0x00, 0x00, 
  0x00, 0xFF, 0xE0, 0x00, 0x00, 0x01, 0xFF, 0xE0, 0x00, 0x00, 0x03, 0xFF, 0xC0, 0x00, 0x03, 0xFF, 
  0xFF, 0x80, 0x00, 0x01, 0xFF, 0xFF, 0x00, 0x00, 0x00, 0xFF, 0xFF, 0xF0, 0x00, 0x00, 0x7F, 0xFF, 
  0xFE, 0x00, 0x00, 0x3F, 0xFF, 0xFF, 0xC0, 0x00, 0x00, 0x1F, 0xFF, 0xF8, 0x00, 0x00, 0x00, 0xFF, 
  0xFE, 0x00, 0x00, 0x00, 0x1F, 0xFF, 0x80, 0x00, 0x00, 0x07, 0xFF, 0xE0, 0x00, 0x00, 0x01, 0xFF, 
  0xF8, 0x00, 0x00, 0x00, 0x7F, 0xFC, 0x00, 0x00, 0x00, 0x3F, 0xFF, 0x00, 0x00, 0x00, 0x0F, 0xFF, 
  0x80, 0x00, 0x00, 0x07, 0xFF, 0xC0, 0x00, 0x00, 0x03, 0xFF, 0xE0, 0x00, 0x00, 0x01, 0xFF, 0xF0, 
  0x00, 0x00, 0x00, 0xFF, 0xF8, 0x00, 0x00, 0x00, 0x7F, 0xFC, 0x78, 0x00, 0x00, 0x3F, 0xFE, 0x7C, 
  0x00, 0x00, 0x1F, 0xFF, 0x7F, 0x00, 0x00, 0x0F, 0xFF, 0xBF, 0x80, 0x00, 0x07, 0xFF, 0xFF, 0xC0, 
  0x00, 0x07, 0xFF, 0xFF, 0xF0, 0x00, 0x03, 0xFF, 0xEF, 0xF8, 0x00, 0x03, 0xFF, 0xF7, 0xFE, 0x00, 
  0x01, 0xFF, 0xF3, 0xFF, 0x80, 0x01, 0xFF, 0xF8, 0xFF, 0xE0, 0x03, 0xFF, 0xF8, 0x7F, 0xFE, 0x07, 
  0xFF, 0xF8, 0x1F, 0xFF, 0xFF, 0xFF, 0xF8, 0x07, 0xFF, 0xFF, 0xFF, 0xF8, 0x01, 0xFF, 0xFF, 0xFF, 
  0xF0, 0x00, 0x3F, 0xFF, 0xFF, 0xE0, 0x00, 0x07, 0xFF, 0xFF, 0x80, 0x00, 0x00, 0x1F, 0xF8, 0x00, 
  0x00, 0x00, 0x00, 0x00, 0xFF, 0xF0, 0x00, 0x00, 0x00, 0x07, 0xFF, 0x80, 0x00, 0x00, 0x00, 0x7F, 
  0xFC, 0x00, 0x00, 0x00, 0x03, 0xFF, 0xE0, 0x00, 0x00, 0x00, 0x3F, 0xFF, 0x00, 0x00, 0x00, 0x03, 
  0xFF, 0xF8, 0x00, 0x00, 0x00, 0x1F, 0xFF, 0xC0, 0x00, 0x00, 0x01, 0xFF, 0xFE, 0x00, 0x00, 0x00, 
  0x1F, 0xFF, 0xF0, 0x00, 0x00, 0x00, 0xFF, 0xFF, 0x80, 0x00, 0x00, 0x0F, 0xFF, 0xFC, 0x00, 0x00, 
  0x00, 0x7D, 0xFF, 0xE0, 0x00, 0x00, 0x07, 0xEF, 0xFF, 0x00, 0x00, 0x00, 0x7E, 0x7F, 0xF8, 0x00, 
  0x00, 0x03, 0xE3, 0xFF, 0xC0, 0x00, 0x00, 0x3F, 0x1F, 0xFE, 0x00, 0x00, 0x01, 0xF0, 0xFF, 0xF0, 
  0x00, 0x00, 0x1F, 0x87, 0xFF, 0x80, 0x00, 0x01, 0xF8, 0x3F, 0xFC, 0x00, 0x00, 0x0F, 0xC1, 0xFF, 
  0xE0, 0x00, 0x00, 0xFC, 0x0F, 0xFF, 0x00, 0x00, 0x07, 0xE0, 0x7F, 0xF8, 0x00, 0x00, 0x7E, 0x03, 
  0xFF, 0xC0, 0x00, 0x07, 0xE0, 0x1F, 0xFE, 0x00, 0x00, 0x3F, 0x00, 0xFF, 0xF0, 0x00, 0x03, 0xF0, 
  0x07, 0xFF, 0x80, 0x00, 0x1F, 0x80, 0x3F, 0xFC, 0x00, 0x01, 0xF8, 0x01, 0xFF, 0xE0, 0x00, 0x1F, 
  0xC0, 0x0F, 0xFF, 0x00, 0x00, 0xFC, 0x00, 0x7F, 0xF8, 0x00, 0x0F, 0xC0, 0x03, 0xFF, 0xC0, 0x00, 
  0x7E, 0x00, 0x1F, 0xFE, 0x00, 0x07, 0xE0, 0x00, 0xFF, 0xF0, 0x00, 0x7F, 0x00, 0x07, 0xFF, 0x80, 
  0x03, 0xF0, 0x00, 0x3F, 0xFC, 0x00, 0x3F, 0x00, 0x01, 0xFF, 0xE0, 0x03, 0xF8, 0x00, 0x0F, 0xFF, 
  0x00, 0x1F, 0x80, 0x00, 0x7F, 0xF8, 0x01, 0xFC, 0x00, 0x03, 0xFF, 0xC0, 0x0F, 0xC0, 0x00, 0x1F, 
  0xFE, 0x00, 0xFF, 0xFF, 0xFF, 0xFF, 0xFF, 0xFF, 0xFF, 0xFF, 0xFF, 0xFF, 0xFF, 0xFF, 0xFF, 0xFF, 
  0xFF, 0xFF, 0xFF, 0xFF, 0xFF, 0xFF, 0xFF, 0xFF, 0xFF, 0xFF, 0xFF, 0xFF, 0xFF, 0xFF, 0x80, 0x00, 
  0x00, 0x7F, 0xF8, 0x00, 0x00, 0x00, 0x03, 0xFF, 0xC0, 0x00, 0x00, 0x00, 0x1F, 0xFE, 0x00, 0x00, 
  0x00, 0x00, 0xFF, 0xF0, 0x00, 0x00, 0x00, 0x07, 0xFF, 0x80, 0x00, 0x00, 0x00, 0x3F, 0xFC, 0x00, 
  0x00, 0x00, 0x01, 0xFF, 0xE0, 0x00, 0x00, 0x00, 0x0F, 0xFF, 0x80, 0x00, 0x00, 0x00, 0xFF, 0xFC, 
  0x00, 0x00, 0x00, 0x07, 0xFF, 0xE0, 0x00, 0x00, 0x00, 0x7F, 0xFF, 0x80, 0x00, 0x01, 0xFF, 0xFF, 
  0xFF, 0xF0, 0x00, 0x0F, 0xFF, 0xFF, 0xFF, 0x80, 0x00, 0x7F, 0xFF, 0xFF, 0xFC, 0x00, 0x03, 0xFF, 
  0xFF, 0xFF, 0xE0, 0x00, 0x1F, 0xFF, 0xFF, 0xFF, 0x00, 0x07, 0xFF, 0xFF, 0xFF, 0xF0, 0x0F, 0xFF, 
  0xFF, 0xFF, 0xE0, 0x1F, 0xFF, 0xFF, 0xFF, 0xC0, 0x3F, 0xFF, 0xFF, 0xFF, 0x80, 0xFF, 0xFF, 0xFF, 
  0xFF, 0x01, 0xFF, 0xFF, 0xFF, 0xFE, 0x03, 0xFF, 0xFF, 0xFF, 0xFC, 0x07, 0xFF, 0xFF, 0xFF, 0xF8, 
  0x0F, 0xFF, 0xFF, 0xFF, 0xF0, 0x1F, 0xFF, 0xFF, 0xFF, 0xE0, 0x3E, 0x00, 0x00, 0x0F, 0xE0, 0x7C, 
  0x00, 0x00, 0x0F, 0xC0, 0xF8, 0x00, 0x00, 0x1F, 0x81, 0xF0, 0x00, 0x00, 0x3F, 0x03, 0xE0, 0x00, 
  0x00, 0x7E, 0x0F, 0xC0, 0x00, 0x00, 0x7C, 0x1F, 0x80, 0x00, 0x00, 0x00, 0x3F, 0x00, 0x00, 0x00, 
  0x00, 0x7E, 0x00, 0x00, 0x00, 0x00, 0xFC, 0x00, 0x00, 0x00, 0x01, 0xF8, 0x00, 0x00, 0x00, 0x03, 
  0xE0, 0x00, 0x00, 0x00, 0x07, 0xC0, 0x00, 0x00, 0x00, 0x0F, 0x80, 0x00, 0x00, 0x00, 0x1F, 0x0F, 
  0xFE, 0x00, 0x00, 0x7F, 0xFF, 0xFF, 0xC0, 0x00, 0xFF, 0xFF, 0xFF, 0xF0, 0x01, 0xFF, 0xFF, 0xFF, 
  0xF8, 0x03, 0xFF, 0xFF, 0xFF, 0xF8, 0x07, 0xFF, 0xFF, 0xFF, 0xF8, 0x03, 0xC0, 0x03, 0xFF, 0xF8, 
  0x00, 0x00, 0x01, 0xFF, 0xF8, 0x00, 0x00, 0x01, 0xFF, 0xF8, 0x00, 0x00, 0x01, 0xFF, 0xF0, 0x00, 
  0x00, 0x03, 0xFF, 0xF0, 0x00, 0x00, 0x03, 0xFF, 0xE0, 0x00, 0x00, 0x07, 0xFF, 0xE0, 0x00, 0x00, 
  0x07, 0xFF, 0xC0, 0x00, 0x00, 0x0F, 0xFF, 0x80, 0x00, 0x00, 0x1F, 0xFF, 0x00, 0x00, 0x00, 0x3F, 
  0xFE, 0x00, 0x00, 0x00, 0x7F, 0xFC, 0x00, 0x00, 0x00, 0xFF, 0xF8, 0x00, 0x00, 0x01, 0xFF, 0xF0, 
  0x00, 0x00, 0x03, 0xFF, 0xE0, 0x00, 0x00, 0x07, 0xFF, 0xC7, 0x00, 0x00, 0x0F, 0xFF, 0xBF, 0x00, 
  0x00, 0x1F, 0xFF, 0xFE, 0x00, 0x00, 0x3F, 0xFD, 0xFC, 0x00, 0x00, 0xFF, 0xFB, 0xF8, 0x00, 0x01, 
  0xFF, 0xF7, 0xF8, 0x00, 0x07, 0xFF, 0xCF, 0xF0, 0x00, 0x0F, 0xFF, 0x9F, 0xF0, 0x00, 0x3F, 0xFE, 
  0x3F, 0xF0, 0x01, 0xFF, 0xF8, 0x3F, 0xFC, 0x0F, 0xFF, 0xE0, 0x7F, 0xFF, 0xFF, 0xFF, 0x80, 0x7F, 
  0xFF, 0xFF, 0xFE, 0x00, 0x7F, 0xFF, 0xFF, 0xF8, 0x00, 0x3F, 0xFF, 0xFF, 0xC0, 0x00, 0x1F, 0xFF, 
  0xFC, 0x00, 0x00, 0x01, 0xFF, 0x00, 0x00, 0x00, 0x00, 0x00, 0x01, 0x00, 0x00, 0x00, 0x00, 0x7F, 
  0xFF, 0x80, 0x00, 0x00, 0xFF, 0xFF, 0xF0, 0x00, 0x01, 0xFF, 0xFF, 0xFE, 0x00, 0x01, 0xFF, 0xFF, 
  0xFF, 0x80, 0x03, 0xFF, 0xFF, 0xFF, 0xE0, 0x03, 0xFF, 0x80, 0xFF, 0xF0, 0x03, 0xFF, 0x80, 0x3F, 
  0xFC, 0x01, 0xFF, 0x80, 0x0F, 0xFE, 0x01, 0xFF, 0x80, 0x03, 0xFF, 0x01, 0xFF, 0xC0, 0x01, 0xFF, 
  0x80, 0xFF, 0xC0, 0x00, 0xFF, 0xC0, 0xFF, 0xE0, 0x00, 0x7F, 0xC0, 0x7F, 0xE0, 0x00, 0x1F, 0xE0, 
  0x7F, 0xF0, 0x00, 0x0F, 0xE0, 0x3F, 0xF8, 0x00, 0x07, 0xC0, 0x3F, 0xFC, 0x00, 0x00, 0x00, 0x1F, 
  0xFC, 0x00, 0x00, 0x00, 0x0F, 0xFE, 0x00, 0x00, 0x00, 0x07, 0xFF, 0x00, 0x00, 0x00, 0x07, 0xFF, 
  0x80, 0x00, 0x00, 0x03, 0xFF, 0xC0, 0x00, 0x00, 0x01, 0xFF, 0xE0, 0x00, 0x00, 0x00, 0xFF, 0xF0, 
  0x00, 0x00, 0x00, 0x7F, 0xF0, 0x00, 0x00, 0x00, 0x7F, 0xF8, 0x1F, 0xFC, 0x00, 0x3F, 0xFC, 0x7F, 
  0xFF, 0xC0, 0x1F, 0xFE, 0xFF, 0xFF, 0xF8, 0x0F, 0xFF, 0xFF, 0xFF, 0xFE, 0x07, 0xFF, 0xFF, 0xFF, 
  0xFF, 0x83, 0xFF, 0xFF, 0x07, 0xFF, 0xE1, 0xFF, 0xFE, 0x00, 0xFF, 0xF8, 0xFF, 0xFC, 0x00, 0x3F, 
  0xFC, 0x7F, 0xFC, 0x00, 0x0F, 0xFF, 0x3F, 0xFC, 0x00, 0x07, 0xFF, 0x9F, 0xFE, 0x00, 0x01, 0xFF, 
  0xEF, 0xFF, 0x00, 0x00, 0xFF, 0xF7, 0xFF, 0x80, 0x00, 0x7F, 0xFB, 0xFF, 0xC0, 0x00, 0x3F, 0xFD, 
  0xFF, 0xE0, 0x00, 0x0F, 0xFF, 0xFF, 0xF0, 0x00, 0x07, 0xFF, 0xBF, 0xF8, 0x00, 0x03, 0xFF, 0xDF, 
  0xFE, 0x00, 0x01, 0xFF, 0xEF, 0xFF, 0x00, 0x00, 0xFF, 0xF7, 0xFF, 0x80, 0x00, 0x7F, 0xFB, 0xFF, 
  0xC0, 0x00, 0x3F, 0xFC, 0xFF, 0xE0, 0x00, 0x1F, 0xFC, 0x7F, 0xF0, 0x00, 0x0F, 0xFE, 0x3F, 0xFC, 
  0x00, 0x0F, 0xFF, 0x1F, 0xFE, 0x00, 0x07, 0xFF, 0x87, 0xFF, 0x00, 0x03, 0xFF, 0xC3, 0xFF, 0xC0, 
  0x01, 0xFF, 0xC0, 0xFF, 0xE0, 0x01, 0xFF, 0xE0, 0x7F, 0xF8, 0x00, 0xFF, 0xE0, 0x1F, 0xFC, 0x00, 
  0x7F, 0xF0, 0x07, 0xFF, 0x00, 0x7F, 0xF0, 0x03, 0xFF, 0xE0, 0xFF, 0xF0, 0x00, 0xFF, 0xFF, 0xFF, 
  0xF8, 0x00, 0x3F, 0xFF, 0xFF, 0xF0, 0x00, 0x07, 0xFF, 0xFF, 0xF0, 0x00, 0x01, 0xFF, 0xFF, 0xF0, 
  0x00, 0x00, 0x3F, 0xFF, 0xC0, 0x00, 0x00, 0x01, 0xFE, 0x00, 0x00, 0x7F, 0xFF, 0xFF, 0xFF, 0xFF, 
  0x7F, 0xFF, 0xFF, 0xFF, 0xFF, 0x7F, 0xFF, 0xFF, 0xFF, 0xFF, 0x7F, 0xFF, 0xFF, 0xFF, 0xFF, 0x7F, 
  0xFF, 0xFF, 0xFF, 0xFF, 0x7F, 0xFF, 0xFF, 0xFF, 0xFF, 0x7F, 0xFF, 0xFF, 0xFF, 0xFE, 0x7F, 0xFF, 
  0xFF, 0xFF, 0xFE, 0x7F, 0xFF, 0xFF, 0xFF, 0xFE, 0x7F, 0xFF, 0xFF, 0xFF, 0xFC, 0x7F, 0x00, 0x00, 
  0x07, 0xFC, 0x7E, 0x00, 0x00, 0x0F, 0xF8, 0xFC, 0x00, 0x00, 0x0F, 0xF8, 0xFC, 0x00, 0x00, 0x0F, 
  0xF8, 0xFC, 0x00, 0x00, 0x1F, 0xF0, 0xFC, 0x00, 0x00, 0x1F, 0xF0, 0xFC, 0x00, 0x00, 0x3F, 0xF0, 
  0xFC, 0x00, 0x00, 0x3F, 0xE0, 0x00, 0x00, 0x00, 0x7F, 0xE0, 0x00, 0x00, 0x00, 0x7F, 0xC0, 0x00, 
  0x00, 0x00, 0xFF, 0xC0, 0x00, 0x00, 0x00, 0xFF, 0xC0, 0x00, 0x00, 0x00, 0xFF, 0x80, 0x00, 0x00, 
  0x01, 0xFF, 0x80, 0x00, 0x00, 0x01, 0xFF, 0x00, 0x00, 0x00, 0x03, 0xFF, 0x00, 0x00, 0x00, 0x03, 
  0xFF, 0x00, 0x00, 0x00, 0x07, 0xFE, 0x00, 0x00, 0x00, 0x07, 0xFE, 0x00, 0x00, 0x00, 0x07, 0xFC, 
  0x00, 0x00, 0x00, 0x0F, 0xFC, 0x00, 0x00, 0x00, 0x0F, 0xFC, 0x00, 0x00, 0x00, 0x1F, 0xF8, 0x00, 
  0x00, 0x00, 0x1F, 0xF8, 0x00, 0x00, 0x00, 0x3F, 0xF8, 0x00, 0x00, 0x00, 0x3F, 0xF0, 0x00, 0x00, 
  0x00, 0x3F, 0xF0, 0x00, 0x00, 0x00, 0x7F, 0xE0, 0x00, 0x00, 0x00, 0x7F, 0xE0, 0x00, 0x00, 0x00, 
  0xFF, 0xE0, 0x00, 0x00, 0x00, 0xFF, 0xC0, 0x00, 0x00, 0x01, 0xFF, 0xC0, 0x00, 0x00, 0x01, 0xFF, 
  0x80, 0x00, 0x00, 0x01, 0xFF, 0x80, 0x00, 0x00, 0x03, 0xFF, 0x80, 0x00, 0x00, 0x03, 0xFF, 0x00, 
  0x00, 0x00, 0x07, 0xFF, 0x00, 0x00, 0x00, 0x07, 0xFE, 0x00, 0x00, 0x00, 0x0F, 0xFE, 0x00, 0x00, 
  0x00, 0x0F, 0xFE, 0x00, 0x00, 0x00, 0x0F, 0xFC, 0x00, 0x00, 0x00, 0x1F, 0xFC, 0x00, 0x00, 0x00, 
  0x1F, 0xFC, 0x00, 0x00, 0x00, 0x3F, 0xF8, 0x00, 0x00, 0x00, 0x3F, 0xF8, 0x00, 0x00, 0x00, 0x7F, 
  0xF0, 0x00, 0x00, 0x00, 0x7F, 0xF0, 0x00, 0x00, 0x00, 0x7F, 0xF0, 0x00, 0x00, 0x00, 0xFF, 0xE0, 
  0x00, 0x00, 0x00, 0xFF, 0xE0, 0x00, 0x00, 0x01, 0xFF, 0xC0, 0x00, 0x00, 0x00, 0x00, 0x0C, 0x00, 
  0x00, 0x00, 0x01, 0xFF, 0xFE, 0x00, 0x00, 0x03, 0xFF, 0xFF, 0xF0, 0x00, 0x03, 0xFF, 0xFF, 0xFF, 
  0x00, 0x01, 0xFF, 0xFF, 0xFF, 0xE0, 0x00, 0xFF, 0xFC, 0xFF, 0xFC, 0x00, 0x7F, 0xF8, 0x07, 0xFF, 
  0x80, 0x3F, 0xFC, 0x00, 0xFF, 0xF0, 0x0F, 0xFE, 0x00, 0x1F, 0xFC, 0x07, 0xFF, 0x80, 0x03, 0xFF, 
  0x81, 0xFF, 0xC0, 0x00, 0xFF, 0xE0, 0xFF, 0xF0, 0x00, 0x3F, 0xFC, 0x3F, 0xFC, 0x00, 0x07, 0xFF, 
  0x0F, 0xFF, 0x00, 0x01, 0xFF, 0xC3, 0xFF, 0xC0, 0x00, 0x7F, 0xF0, 0xFF, 0xF0, 0x00, 0x1F, 0xFC, 
  0x3F, 0xFC, 0x00, 0x07, 0xFF, 0x0F, 0xFF, 0x00, 0x01, 0xFF, 0xC3, 0xFF, 0xC0, 0x00, 0x7F, 0xE0, 
  0xFF, 0xF8, 0x00, 0x3F, 0xF8, 0x3F, 0xFE, 0x00, 0x0F, 0xFE, 0x07, 0xFF, 0xC0, 0x03, 0xFF, 0x01, 
  0xFF, 0xF8, 0x01, 0xFF, 0xC0, 0x3F, 0xFF, 0x00, 0x7F, 0xE0, 0x0F, 0xFF, 0xF0, 0x3F, 0xF0, 0x01, 
  0xFF, 0xFF, 0x3F, 0xF0, 0x00, 0x3F, 0xFF, 0xFF, 0xF8, 0x00, 0x07, 0xFF, 0xFF, 0xF8, 0x00, 0x00, 
  0xFF, 0xFF, 0xF8, 0x00, 0x00, 0x0F, 0xFF, 0xFF, 0x00, 0x00, 0x01, 0xFF, 0xFF, 0xF0, 0x00, 0x00, 
  0x3F, 0xFF, 0xFE, 0x00, 0x00, 0x3F, 0xFF, 0xFF, 0xE0, 0x00, 0x3F, 0xFF, 0xFF, 0xFC, 0x00, 0x1F, 
  0xFB, 0xFF, 0xFF, 0x80, 0x1F, 0xFC, 0x3F, 0xFF, 0xF0, 0x0F, 0xFE, 0x03, 0xFF, 0xFE, 0x07, 0xFF, 
  0x00, 0x7F, 0xFF, 0xC3, 0xFF, 0x80, 0x07, 0xFF, 0xF0, 0xFF, 0xE0, 0x00, 0xFF, 0xFE, 0x7F, 0xF0, 
  0x00, 0x1F, 0xFF, 0x9F, 0xFC, 0x00, 0x03, 0xFF, 0xFF, 0xFF, 0x00, 0x00, 0x7F, 0xFF, 0xFF, 0xC0, 
  0x00, 0x1F, 0xFF, 0xFF, 0xE0, 0x00, 0x03, 0xFF, 0xFF, 0xF8, 0x00, 0x00, 0xFF, 0xFF, 0xFE, 0x00, 
  0x00, 0x3F, 0xFF, 0xFF, 0x80, 0x00, 0x0F, 0xFF, 0xFF, 0xE0, 0x00, 0x03, 0xFF, 0xFF, 0xF8, 0x00, 
  0x00, 0xFF, 0xFF, 0xFF, 0x00, 0x00, 0x3F, 0xFF, 0xFF, 0xC0, 0x00, 0x0F, 0xFE, 0x7F, 0xF0, 0x00, 
  0x07, 0xFF, 0x9F, 0xFE, 0x00, 0x01, 0xFF, 0xC3, 0xFF, 0x80, 0x00, 0xFF, 0xF0, 0xFF, 0xF0, 0x00, 
  0x7F, 0xF8, 0x1F, 0xFF, 0x00, 0x3F, 0xFC, 0x03, 0xFF, 0xF0, 0x3F, 0xFE, 0x00, 0x7F, 0xFF, 0xFF, 
  0xFF, 0x00, 0x07, 0xFF, 0xFF, 0xFF, 0x80, 0x00, 0xFF, 0xFF, 0xFF, 0x80, 0x00, 0x07, 0xFF, 0xFF, 
  0x00, 0x00, 0x00, 0x1F, 0xFC, 0x00, 0x00, 0x00, 0x00, 0x30, 0x00, 0x00, 0x00, 0x03, 0xFF, 0xF0, 
  0x00, 0x00, 0x0F, 0xFF, 0xFE, 0x00, 0x00, 0x0F, 0xFF, 0xFF, 0xC0, 0x00, 0x1F, 0xFF, 0xFF, 0xF0, 
  0x00, 0x1F, 0xFF, 0xFF, 0xFC, 0x00, 0x1F, 0xFF, 0x0F, 0xFF, 0x00, 0x1F, 0xFE, 0x01, 0xFF, 0xC0, 
  0x0F, 0xFE, 0x00, 0x7F, 0xF0, 0x0F, 0xFE, 0x00, 0x1F, 0xFC, 0x0F, 0xFF, 0x00, 0x0F, 0xFE, 0x07, 
  0xFF, 0x80, 0x03, 0xFF, 0x83, 0xFF, 0x80, 0x01, 0xFF, 0xC3, 0xFF, 0xC0, 0x00, 0xFF, 0xF1, 0xFF, 
  0xE0, 0x00, 0x3F, 0xF8, 0xFF, 0xF0, 0x00, 0x1F, 0xFC, 0x7F, 0xF8, 0x00, 0x0F, 0xFF, 0x7F, 0xF8, 
  0x00, 0x07, 0xFF, 0xBF, 0xFC, 0x00, 0x03, 0xFF, 0xDF, 0xFE, 0x00, 0x01, 0xFF, 0xEF, 0xFF, 0x00, 
  0x00, 0x7F, 0xF7, 0xFF, 0x80, 0x00, 0x3F, 0xFF, 0xFF, 0xC0, 0x00, 0x1F, 0xFF, 0xFF, 0xF0, 0x00, 
  0x0F, 0xFF, 0xFF, 0xF8, 0x00, 0x07, 0xFF, 0xBF, 0xFC, 0x00, 0x03, 0xFF, 0xDF, 0xFE, 0x00, 0x01, 
  0xFF, 0xEF, 0xFF, 0x00, 0x00, 0xFF, 0xF7, 0xFF, 0xC0, 0x00, 0xFF, 0xF9, 0xFF, 0xE0, 0x00, 0xFF, 
  0xFC, 0xFF, 0xF8, 0x00, 0xFF, 0xFE, 0x3F, 0xFF, 0x00, 0xFF, 0xFF, 0x0F, 0xFF, 0xFF, 0xFF, 0xFF, 
  0x87, 0xFF, 0xFF, 0xFF, 0xFF, 0xC1, 0xFF, 0xFF, 0xFD, 0xFF, 0xE0, 0x3F, 0xFF, 0xFC, 0xFF, 0xF0, 
  0x0F, 0xFF, 0xF8, 0x7F, 0xF8, 0x01, 0xFF, 0xF0, 0x3F, 0xF8, 0x00, 0x07, 0x80, 0x1F, 0xFC, 0x00, 
  0x00, 0x00, 0x1F, 0xFE, 0x00, 0x00, 0x00, 0x0F, 0xFF, 0x00, 0x00, 0x00, 0x07, 0xFF, 0x80, 0x00, 
  0x00, 0x03, 0xFF, 0xC0, 0x00, 0x00, 0x01, 0xFF, 0xC0, 0x00, 0x00, 0x00, 0xFF, 0xE0, 0x00, 0x00, 
  0x00, 0x7F, 0xF0, 0x00, 0x00, 0x00, 0x7F, 0xF0, 0x00, 0x00, 0x00, 0x3F, 0xF8, 0x02, 0x00, 0x00, 
  0x1F, 0xFC, 0x07, 0x80, 0x00, 0x1F, 0xFC, 0x03, 0xC0, 0x00, 0x0F, 0xFE, 0x03, 0xF0, 0x00, 0x07, 
  0xFE, 0x01, 0xF8, 0x00, 0x07, 0xFF, 0x00, 0xFE, 0x00, 0x03, 0xFF, 0x00, 0x7F, 0x00, 0x03, 0xFF, 
  0x00, 0x3F, 0xC0, 0x03, 0xFF, 0x80, 0x1F, 0xF8, 0x07, 0xFF, 0x80, 0x07, 0xFF, 0xFF, 0xFF, 0x80, 
  0x03, 0xFF, 0xFF, 0xFF, 0x80, 0x00, 0xFF, 0xFF, 0xFF, 0x00, 0x00, 0x3F, 0xFF, 0xFE, 0x00, 0x00, 
  0x07, 0xFF, 0xFC, 0x00, 0x00, 0x00, 0x3F, 0xE0, 0x00, 0x00, 0x1F, 0xE0, 0xFF, 0xC7, 0xFF, 0xBF, 
  0xFE, 0xFF, 0xFF, 0xFF, 0xFF, 0xFF, 0xFF, 0xFF, 0xFF, 0xFF, 0xFF, 0xE7, 0xFF, 0x8F, 0xFC, 0x1F, 
  0xE0, 0x00, 0x00, 0x00, 0x00, 0x00, 0x00, 0x00, 0x00, 0x00, 0x00, 0x00, 0x00, 0x00, 0x00, 0x00, 
  0x00, 0x00, 0x00, 0x00, 0x00, 0x00, 0x00, 0x00, 0x00, 0x00, 0x00, 0x00, 0x00, 0x00, 0x00, 0x00, 
  0x00, 0x00, 0x00, 0x00, 0x3F, 0x03, 0xFF, 0x1F, 0xFE, 0xFF, 0xFB, 0xFF, 0xFF, 0xFF, 0xFF, 0xFF, 
  0xFF, 0xFF, 0xFF, 0xFF, 0xFF, 0xDF, 0xFE, 0x7F, 0xF8, 0xFF, 0x80, 0x30, 0x00, 0x0F, 0xF0, 0x3F, 
  0xF0, 0xFF, 0xF3, 0xFF, 0xE7, 0xFF, 0xEF, 0xFF, 0xDF, 0xFF, 0xBF, 0xFF, 0x7F, 0xFE, 0xFF, 0xF8, 
  0xFF, 0xF0, 0xFF, 0xC0, 0xFF, 0x00, 0x00, 0x00, 0x00, 0x00, 0x00, 0x00, 0x00, 0x00, 0x00, 0x00, 
  0x00, 0x00, 0x00, 0x00, 0x00, 0x00, 0x00, 0x00, 0x00, 0x00, 0x00, 0x00, 0x00, 0x00, 0x00, 0x00, 
  0x00, 0x00, 0x00, 0x00, 0x00, 0x00, 0x00, 0x00, 0x00, 0x00, 0x00, 0x0F, 0x80, 0x7F, 0xC1, 0xFF, 
  0xC7, 0xFF, 0x8F, 0xFF, 0x9F, 0xFF, 0x3F, 0xFF, 0x7F, 0xFE, 0xFF, 0xFC, 0xFF, 0xF9, 0xFF, 0xF1, 
  0xFF, 0xE0, 0xFF, 0xC0, 0xFF, 0x00, 0xFE, 0x01, 0xFC, 0x03, 0xF0, 0x0F, 0xE0, 0x1F, 0x80, 0xFE, 
  0x07, 0xF8, 0x3F, 0xE0, 0x7F, 0x80, 0xFC, 0x01, 0xE0, 0x03, 0x00, 0x00, 0x00, 0x00, 0x00, 0x00, 
  0x04, 0x00, 0x00, 0x00, 0x00, 0x30, 0x00, 0x00, 0x00, 0x03, 0xC0, 0x00, 0x00, 0x00, 0x3F, 0x00, 
  0x00, 0x00, 0x03, 0xFC, 0x00, 0x00, 0x00, 0x1F, 0xF0, 0x00, 0x00, 0x01, 0xFF, 0xC0, 0x00, 0x00, 
  0x1F, 0xFE, 0x00, 0x00, 0x01, 0xFF, 0xE0, 0x00, 0x00, 0x1F, 0xFF, 0x00, 0x00, 0x01, 0xFF, 0xF0, 
  0x00, 0x00, 0x1F, 0xFF, 0x00, 0x00, 0x00, 0xFF, 0xF0, 0x00, 0x00, 0x0F, 0xFF, 0x00, 0x00, 0x00, 
  0xFF, 0xF0, 0x00, 0x00, 0x0F, 0xFF, 0x00, 0x00, 0x00, 0xFF, 0xF8, 0x00, 0x00, 0x0F, 0xFF, 0x80, 
  0x00, 0x00, 0x7F, 0xF8, 0x00, 0x00, 0x07, 0xFF, 0x80, 0x00, 0x00, 0x7F, 0xF8, 0x00, 0x00, 0x03, 
  0xFF, 0x80, 0x00, 0x00, 0x0F, 0xFC, 0x00, 0x00, 0x00, 0x3F, 0xF8, 0x00, 0x00, 0x00, 0x7F, 0xF8, 
  0x00, 0x00, 0x00, 0xFF, 0xF8, 0x00, 0x00, 0x00, 0xFF, 0xF8, 0x00, 0x00, 0x00, 0xFF, 0xF0, 0x00, 
  0x00, 0x00, 0xFF, 0xF0, 0x00, 0x00, 0x00, 0xFF, 0xF0, 0x00, 0x00, 0x00, 0xFF, 0xF0, 0x00, 0x00, 
  0x01, 0xFF, 0xF0, 0x00, 0x00, 0x01, 0xFF, 0xF0, 0x00, 0x00, 0x01, 0xFF, 0xE0, 0x00, 0x00, 0x01, 
  0xFF, 0xE0, 0x00, 0x00, 0x01, 0xFF, 0xE0, 0x00, 0x00, 0x01, 0xFF, 0xE0, 0x00, 0x00, 0x01, 0xFF, 
  0xE0, 0x00, 0x00, 0x03, 0xFF, 0xC0, 0x00, 0x00, 0x03, 0xFF, 0x00, 0x00, 0x00, 0x03, 0xFC, 0x00, 
  0x00, 0x00, 0x03, 0xF0, 0x00, 0x00, 0x00, 0x03, 0xC0, 0x00, 0x00, 0x00, 0x03, 0x00, 0x00, 0x00, 
  0x00, 0x04, 0xFF, 0xFF, 0xFF, 0xFF, 0xFF, 0xFF, 0xFF, 0xFF, 0xFF, 0xFF, 0xFF, 0xFF, 0xFF, 0xFF, 
  0xFF, 0xFF, 0xFF, 0xFF, 0xFF, 0xFF, 0xFF, 0xFF, 0xFF, 0xFF, 0xFF, 0xFF, 0xFF, 0xFF, 0xF0, 0x00, 
  0x00, 0x00, 0x00, 0x00, 0x00, 0x00, 0x00, 0x00, 0x00, 0x00, 0x00, 0x00, 0x00, 0x00, 0x00, 0x00, 
  0x00, 0x00, 0x00, 0x00, 0x00, 0x00, 0x00, 0x00, 0x00, 0x00, 0x00, 0x00, 0x00, 0x00, 0x00, 0x00, 
  0x00, 0x00, 0x00, 0x00, 0x00, 0x00, 0x00, 0x00, 0x00, 0x00, 0x00, 0x00, 0x00, 0x00, 0x00, 0x00, 
  0x00, 0x00, 0x03, 0xFF, 0xFF, 0xFF, 0xFF, 0xFF, 0xFF, 0xFF, 0xFF, 0xFF, 0xFF, 0xFF, 0xFF, 0xFF, 
  0xFF, 0xFF, 0xFF, 0xFF, 0xFF, 0xFF, 0xFF, 0xFF, 0xFF, 0xFF, 0xFF, 0xFF, 0xFF, 0xFF, 0xFF, 0xC0, 
  0x80, 0x00, 0x00, 0x00, 0x03, 0x00, 0x00, 0x00, 0x00, 0x0F, 0x00, 0x00, 0x00, 0x00, 0x3F, 0x00, 
  0x00, 0x00, 0x00, 0xFF, 0x00, 0x00, 0x00, 0x03, 0xFE, 0x00, 0x00, 0x00, 0x0F, 0xFE, 0x00, 0x00, 
  0x00, 0x1F, 0xFE, 0x00, 0x00, 0x00, 0x1F, 0xFE, 0x00, 0x00, 0x00, 0x3F, 0xFE, 0x00, 0x00, 0x00, 
  0x3F, 0xFE, 0x00, 0x00, 0x00, 0x3F, 0xFE, 0x00, 0x00, 0x00, 0x3F, 0xFC, 0x00, 0x00, 0x00, 0x3F, 
  0xFC, 0x00, 0x00, 0x00, 0x3F, 0xFC, 0x00, 0x00, 0x00, 0x7F, 0xFC, 0x00, 0x00, 0x00, 0x7F, 0xFC, 
  0x00, 0x00, 0x00, 0x7F, 0xFC, 0x00, 0x00, 0x00, 0x7F, 0xF8, 0x00, 0x00, 0x00, 0x7F, 0xF8, 0x00, 
  0x00, 0x00, 0x7F, 0xF8, 0x00, 0x00, 0x00, 0xFF, 0xF0, 0x00, 0x00, 0x00, 0xFF, 0xC0, 0x00, 0x00, 
  0x07, 0xFF, 0x00, 0x00, 0x00, 0x7F, 0xF8, 0x00, 0x00, 0x07, 0xFF, 0xC0, 0x00, 0x00, 0x3F, 0xFC, 
  0x00, 0x00, 0x03, 0xFF, 0xC0, 0x00, 0x00, 0x3F, 0xFC, 0x00, 0x00, 0x03, 0xFF, 0xC0, 0x00, 0x00, 
  0x3F, 0xFC, 0x00, 0x00, 0x03, 0xFF, 0xE0, 0x00, 0x00, 0x3F, 0xFE, 0x00, 0x00, 0x01, 0xFF, 0xE0, 
  0x00, 0x00, 0x1F, 0xFE, 0x00, 0x00, 0x01, 0xFF, 0xE0, 0x00, 0x00, 0x1F, 0xFE, 0x00, 0x00, 0x01, 
  0xFF, 0xE0, 0x00, 0x00, 0x0F, 0xFF, 0x00, 0x00, 0x00, 0x3F, 0xF0, 0x00, 0x00, 0x00, 0xFF, 0x00, 
  0x00, 0x00, 0x03, 0xF0, 0x00, 0x00, 0x00, 0x0F, 0x00, 0x00, 0x00, 0x00, 0x30, 0x00, 0x00, 0x00, 
  0x00, 0x80, 0x00, 0x00, 0x00, 0x00, 0x00, 0x00, 0x50, 0x00, 0x00, 0x01, 0xFF, 0xFF, 0x00, 0x00, 
  0x3F, 0xFF, 0xFF, 0x80, 0x03, 0xFF, 0xFF, 0xFF, 0x80, 0x1F, 0xFF, 0xFF, 0xFF, 0x80, 0xFF, 0xFF, 
  0xFF, 0xFF, 0x07, 0xFF, 0xC0, 0x3F, 0xFE, 0x1F, 0xFE, 0x00, 0x7F, 0xFC, 0xFF, 0xF8, 0x00, 0xFF, 
  0xF3, 0xFF, 0xC0, 0x03, 0xFF, 0xEF, 0xFF, 0x00, 0x07, 0xFF, 0xBF, 0xF8, 0x00, 0x1F, 0xFF, 0xFF, 
  0xE0, 0x00, 0x7F, 0xFF, 0xFF, 0x80, 0x01, 0xFF, 0xF7, 0xFE, 0x00, 0x07, 0xFF, 0xCF, 0xF8, 0x00, 
  0x1F, 0xFF, 0x1F, 0xE0, 0x00, 0x7F, 0xFC, 0x00, 0x80, 0x01, 0xFF, 0xF0, 0x00, 0x00, 0x07, 0xFF, 
  0xC0, 0x00, 0x00, 0x1F, 0xFF, 0x00, 0x00, 0x00, 0xFF, 0xFC, 0x00, 0x00, 0x03, 0xFF, 0xE0, 0x00, 
  0x00, 0x0F, 0xFF, 0x80, 0x00, 0x00, 0x7F, 0xFE, 0x00, 0x00, 0x01, 0xFF, 0xF0, 0x00, 0x00, 0x0F, 
  0xFF, 0x80, 0x00, 0x00, 0x7F, 0xFE, 0x00, 0x00, 0x03, 0xFF, 0xF0, 0x00, 0x00, 0x1F, 0xFF, 0x80, 
  0x00, 0x00, 0xFF, 0xF8, 0x00, 0x00, 0x0F, 0xFF, 0xC0, 0x00, 0x00, 0xFF, 0xFE, 0x00, 0x00, 0x07, 
  0xFF, 0xE0, 0x00, 0x00, 0x1F, 0xFE, 0x00, 0x00, 0x00, 0x7F, 0xE0, 0x00, 0x00, 0x01, 0xFF, 0x00, 
  0x00, 0x00, 0x03, 0xF8, 0x00, 0x00, 0x00, 0x0F, 0xE0, 0x00, 0x00, 0x00, 0x3F, 0x80, 0x00, 0x00, 
  0x00, 0xFE, 0x00, 0x00, 0x00, 0x03, 0xF8, 0x00, 0x00, 0x00, 0x0F, 0xE0, 0x00, 0x00, 0x00, 0x3F, 
  0x80, 0x00, 0x00, 0x00, 0x00, 0x00, 0x00, 0x00, 0x00, 0x00, 0x00, 0x00, 0x00, 0x00, 0x00, 0x00, 
  0x00, 0x00, 0x00, 0x00, 0x00, 0x00, 0x00, 0x00, 0x00, 0x00, 0x00, 0x00, 0x00, 0x00, 0x00, 0x00, 
  0x0F, 0xE0, 0x00, 0x00, 0x00, 0xFF, 0xC0, 0x00, 0x00, 0x07, 0xFF, 0x80, 0x00, 0x00, 0x1F, 0xFF, 
  0x00, 0x00, 0x00, 0xFF, 0xFC, 0x00, 0x00, 0x03, 0xFF, 0xF0, 0x00, 0x00, 0x0F, 0xFF, 0xC0, 0x00, 
  0x00, 0x3F, 0xFF, 0x00, 0x00, 0x00, 0xFF, 0xFC, 0x00, 0x00, 0x01, 0xFF, 0xF0, 0x00, 0x00, 0x07, 
  0xFF, 0x80, 0x00, 0x00, 0x0F, 0xFE, 0x00, 0x00, 0x00, 0x1F, 0xF0, 0x00, 0x00, 0x00, 0x0C, 0x00, 
  0x00, 0x00, 0x00, 0x00, 0x00, 0x00, 0x0F, 0xF0, 0x00, 0x00, 0x00, 0x00, 0x00, 0x00, 0x1F, 0xFF, 
  0xFE, 0x00, 0x00, 0x00, 0x00, 0x00, 0x0F, 0xFF, 0xFF, 0xFE, 0x00, 0x00, 0x00, 0x00, 0x01, 0xFF, 
  0xFF, 0xFF, 0xFC, 0x00, 0x00, 0x00, 0x00, 0x3F, 0xFF, 0xFF, 0xFF, 0xF8, 0x00, 0x00, 0x00, 0x07, 
  0xFF, 0xE0, 0x01, 0xFF, 0xF0, 0x00, 0x00, 0x00, 0xFF, 0xF0, 0x00, 0x01, 0xFF, 0xC0, 0x00, 0x00, 
  0x1F, 0xFC, 0x00, 0x00, 0x01, 0xFF, 0x00, 0x00, 0x01, 0xFF, 0x80, 0x00, 0x00, 0x03, 0xFC, 0x00, 
  0x00, 0x1F, 0xF8, 0x00, 0x00, 0x00, 0x0F, 0xF0, 0x00, 0x01, 0xFF, 0x00, 0x00, 0x00, 0x00, 0x3F, 
  0xC0, 0x00, 0x1F, 0xF0, 0x00, 0x00, 0x00, 0x00, 0xFF, 0x00, 0x01, 0xFF, 0x00, 0x00, 0x00, 0x00, 
  0x03, 0xF8, 0x00, 0x1F, 0xE0, 0x00, 0x00, 0x00, 0x00, 0x0F, 0xE0, 0x01, 0xFF, 0x00, 0x00, 0x00, 
  0x00, 0x00, 0x3F, 0x80, 0x1F, 0xF0, 0x00, 0x00, 0x00, 0x00, 0x01, 0xFC, 0x01, 0xFF, 0x00, 0x00, 
  0x3F, 0xE0, 0x00, 0x07, 0xE0, 0x0F, 0xF0, 0x00, 0x1F, 0xFF, 0xE1, 0xE0, 0x3F, 0x80, 0xFF, 0x00, 
  0x03, 0xFF, 0xFF, 0xBE, 0x00, 0xFC, 0x0F, 0xF8, 0x00, 0x3F, 0xFF, 0xFF, 0xF0, 0x07, 0xE0, 0x7F, 
  0x80, 0x07, 0xFF, 0x03, 0xFF, 0x80, 0x3F, 0x87, 0xF8, 0x00, 0x7F, 0xE0, 0x0F, 0xFC, 0x00, 0xFC, 
  0x3F, 0xC0, 0x07, 0xFE, 0x00, 0x7F, 0xE0, 0x07, 0xE3, 0xFC, 0x00, 0x7F, 0xE0, 0x03, 0xFE, 0x00, 
  0x3F, 0x1F, 0xE0, 0x03, 0xFE, 0x00, 0x1F, 0xF0, 0x01, 0xF9, 0xFE, 0x00, 0x3F, 0xF0, 0x00, 0xFF, 
  0x80, 0x0F, 0xCF, 0xF0, 0x03, 0xFF, 0x00, 0x07, 0xFC, 0x00, 0x7E, 0x7F, 0x80, 0x1F, 0xF8, 0x00, 
  0x7F, 0xE0, 0x03, 0xF7, 0xF8, 0x01, 0xFF, 0x80, 0x03, 0xFF, 0x00, 0x1F, 0xBF, 0xC0, 0x0F, 0xFC, 
  0x00, 0x1F, 0xF0, 0x00, 0xFD, 0xFE, 0x00, 0xFF, 0xE0, 0x00, 0xFF, 0x80, 0x07, 0xEF, 0xF0, 0x07, 
  0xFE, 0x00, 0x07, 0xFC, 0x00, 0x3F, 0x7F, 0x00, 0x3F, 0xF0, 0x00, 0x7F, 0xE0, 0x01, 0xFF, 0xF8, 
  0x03, 0xFF, 0x80, 0x03, 0xFF, 0x00, 0x0F, 0xFF, 0xC0, 0x1F, 0xFC, 0x00, 0x1F, 0xF8, 0x00, 0x7F, 
  0xFE, 0x00, 0xFF, 0xC0, 0x00, 0xFF, 0x80, 0x03, 0xFF, 0xF0, 0x07, 0xFE, 0x00, 0x07, 0xFC, 0x00, 
  0x1F, 0xFF, 0x80, 0x3F, 0xF0, 0x00, 0x3F, 0xE0, 0x01, 0xFB, 0xFC, 0x03, 0xFF, 0x80, 0x03, 0xFF, 
  0x00, 0x0F, 0xDF, 0xE0, 0x1F, 0xFC, 0x00, 0x1F, 0xF8, 0x00, 0x7E, 0xFF, 0x00, 0xFF, 0xE0, 0x00, 
  0xFF, 0xC0, 0x03, 0xF7, 0xF8, 0x07, 0xFF, 0x00, 0x07, 0xFC, 0x00, 0x3F, 0x3F, 0xC0, 0x1F, 0xF8, 
  0x00, 0x7F, 0xE0, 0x01, 0xF9, 0xFE, 0x00, 0xFF, 0xC0, 0x03, 0xFF, 0x00, 0x1F, 0x8F, 0xF0, 0x07, 
  0xFE, 0x00, 0x1F, 0xF8, 0x00, 0xFC, 0x7F, 0x80, 0x3F, 0xF0, 0x01, 0xFF, 0xC0, 0x0F, 0xC3, 0xFC, 
  0x01, 0xFF, 0xC0, 0x0F, 0xFF, 0x00, 0x7E, 0x1F, 0xE0, 0x07, 0xFE, 0x00, 0xF7, 0xF8, 0x07, 0xE0, 
  0xFF, 0x00, 0x3F, 0xF8, 0x0F, 0x1F, 0xE0, 0x7E, 0x03, 0xFC, 0x00, 0xFF, 0xFF, 0xF8, 0xFF, 0x9F, 
  0xF0, 0x1F, 0xE0, 0x03, 0xFF, 0xFF, 0x83, 0xFF, 0xFF, 0x00, 0xFF, 0x00, 0x0F, 0xFF, 0xF8, 0x0F, 
  0xFF, 0xE0, 0x07, 0xF8, 0x00, 0x3F, 0xFF, 0x80, 0x3F, 0xFE, 0x00, 0x1F, 0xE0, 0x00, 0x7F, 0xF0, 
  0x00, 0x7F, 0xC0, 0x00, 0xFF, 0x00, 0x00, 0x00, 0x00, 0x00, 0x00, 0x00, 0x03, 0xFC, 0x00, 0x00, 
  0x00, 0x00, 0x00, 0x00, 0x00, 0x1F, 0xE0, 0x00, 0x00, 0x00, 0x00, 0x00, 0x00, 0x00, 0x7F, 0x80, 
  0x00, 0x00, 0x00, 0x00, 0x00, 0x00, 0x03, 0xFC, 0x00, 0x00, 0x00, 0x00, 0x00, 0x00, 0x00, 0x0F, 
  0xF0, 0x00, 0x00, 0x00, 0x00, 0x00, 0x00, 0x00, 0x7F, 0xC0, 0x00, 0x00, 0x00, 0x00, 0x00, 0x00, 
  0x01, 0xFF, 0x00, 0x00, 0x00, 0x00, 0x00, 0x20, 0x00, 0x07, 0xFC, 0x00, 0x00, 0x00, 0x00, 0x03, 
  0x00, 0x00, 0x1F, 0xF8, 0x00, 0x00, 0x00, 0x00, 0x7C, 0x00, 0x00, 0x7F, 0xE0, 0x00, 0x00, 0x00, 
  0x0F, 0xF0, 0x00, 0x01, 0xFF, 0xC0, 0x00, 0x00, 0x01, 0xFF, 0x00, 0x00, 0x07, 0xFF, 0xC0, 0x00, 
  0x00, 0x7F, 0xE0, 0x00, 0x00, 0x0F, 0xFF, 0xC0, 0x00, 0x3F, 0xFE, 0x00, 0x00, 0x00, 0x3F, 0xFF, 
  0xFF, 0xFF, 0xFF, 0xC0, 0x00, 0x00, 0x00, 0x7F, 0xFF, 0xFF, 0xFF, 0xF0, 0x00, 0x00, 0x00, 0x00, 
  0x7F, 0xFF, 0xFF, 0xFE, 0x00, 0x00, 0x00, 0x00, 0x00, 0x7F, 0xFF, 0xFF, 0x80, 0x00, 0x00, 0x00, 
  0x00, 0x00, 0x3F, 0xFF, 0x80, 0x00, 0x00, 0x00, 0x00, 0x00, 0x00, 0x1F, 0xFC, 0x00, 0x00, 0x00, 
  0x00, 0x00, 0x00, 0x3F, 0xFE, 0x00, 0x00, 0x00, 0x00, 0x00, 0x00, 0x3F, 0xFE, 0x00, 0x00, 0x00, 
  0x00, 0x00, 0x00, 0x7F, 0xFE, 0x00, 0x00, 0x00, 0x00, 0x00, 0x00, 0x7F, 0xFF, 0x00, 0x00, 0x00, 
  0x00, 0x00, 0x00, 0x7F, 0xFF, 0x00, 0x00, 0x00, 0x00, 0x00, 0x00, 0xFF, 0xFF, 0x80, 0x00, 0x00, 
  0x00, 0x00, 0x00, 0xFF, 0xFF, 0x80, 0x00, 0x00, 0x00, 0x00, 0x00, 0xFF, 0xFF, 0x80, 0x00, 0x00, 
  0x00, 0x00, 0x01, 0xFF, 0xFF, 0xC0, 0x00, 0x00, 0x00, 0x00, 0x01, 0xFB, 0xFF, 0xC0, 0x00, 0x00, 
  0x00, 0x00, 0x03, 0xF3, 0xFF, 0xC0, 0x00, 0x00, 0x00, 0x00, 0x03, 0xF3, 0xFF, 0xE0, 0x00, 0x00, 
  0x00, 0x00, 0x03, 0xF3, 0xFF, 0xE0, 0x00, 0x00, 0x00, 0x00, 0x07, 0xF1, 0xFF, 0xE0, 0x00, 0x00, 
  0x00, 0x00, 0x07, 0xE1, 0xFF, 0xF0, 0x00, 0x00, 0x00, 0x00, 0x07, 0xE1, 0xFF, 0xF0, 0x00, 0x00, 
  0x00, 0x00, 0x0F, 0xE0, 0xFF, 0xF0, 0x00, 0x00, 0x00, 0x00, 0x0F, 0xC0, 0xFF, 0xF8, 0x00, 0x00, 
  0x00, 0x00, 0x0F, 0xC0, 0xFF, 0xF8, 0x00, 0x00, 0x00, 0x00, 0x1F, 0xC0, 0x7F, 0xF8, 0x00, 0x00, 
  0x00, 0x00, 0x1F, 0x80, 0x7F, 0xFC, 0x00, 0x00, 0x00, 0x00, 0x3F, 0x80, 0x7F, 0xFC, 0x00, 0x00, 
  0x00, 0x00, 0x3F, 0x80, 0x7F, 0xFE, 0x00, 0x00, 0x00, 0x00, 0x3F, 0x00, 0x3F, 0xFE, 0x00, 0x00, 
  0x00, 0x00, 0x7F, 0x00, 0x3F, 0xFE, 0x00, 0x00, 0x00, 0x00, 0x7F, 0x00, 0x3F, 0xFF, 0x00, 0x00, 
  0x00, 0x00, 0x7E, 0x00, 0x1F, 0xFF, 0x00, 0x00, 0x00, 0x00, 0xFE, 0x00, 0x1F, 0xFF, 0x00, 0x00, 
  0x00, 0x00, 0xFE, 0x00, 0x1F, 0xFF, 0x80, 0x00, 0x00, 0x01, 0xFC, 0x00, 0x0F, 0xFF, 0x80, 0x00, 
  0x00, 0x01, 0xFC, 0x00, 0x0F, 0xFF, 0x80, 0x00, 0x00, 0x01, 0xF8, 0x00, 0x0F, 0xFF, 0xC0, 0x00, 
  0x00, 0x03, 0xF8, 0x00, 0x07, 0xFF, 0xC0, 0x00, 0x00, 0x03, 0xF8, 0x00, 0x07, 0xFF, 0xC0, 0x00, 
  0x00, 0x03, 0xF0, 0x00, 0x07, 0xFF, 0xE0, 0x00, 0x00, 0x07, 0xFF, 0xFF, 0xFF, 0xFF, 0xE0, 0x00, 
  0x00, 0x07, 0xFF, 0xFF, 0xFF, 0xFF, 0xF0, 0x00, 0x00, 0x07, 0xFF, 0xFF, 0xFF, 0xFF, 0xF0, 0x00, 
  0x00, 0x0F, 0xFF, 0xFF, 0xFF, 0xFF, 0xF0, 0x00, 0x00, 0x0F, 0xFF, 0xFF, 0xFF, 0xFF, 0xF8, 0x00, 
  0x00, 0x1F, 0xC0, 0x00, 0x01, 0xFF, 0xF8, 0x00, 0x00, 0x1F, 0xC0, 0x00, 0x00, 0xFF, 0xF8, 0x00, 
  0x00, 0x1F, 0xC0, 0x00, 0x00, 0xFF, 0xFC, 0x00, 0x00, 0x3F, 0x80, 0x00, 0x00, 0xFF, 0xFC, 0x00, 
  0x00, 0x3F, 0x80, 0x00, 0x00, 0x7F, 0xFC, 0x00, 0x00, 0x3F, 0x80, 0x00, 0x00, 0x7F, 0xFE, 0x00, 
  0x00, 0x7F, 0x00, 0x00, 0x00, 0x7F, 0xFE, 0x00, 0x00, 0x7F, 0x00, 0x00, 0x00, 0x3F, 0xFE, 0x00, 
  0x00, 0xFF, 0x00, 0x00, 0x00, 0x3F, 0xFF, 0x00, 0x00, 0xFE, 0x00, 0x00, 0x00, 0x3F, 0xFF, 0x00, 
  0x00, 0xFE, 0x00, 0x00, 0x00, 0x1F, 0xFF, 0x80, 0x01, 0xFE, 0x00, 0x00, 0x00, 0x1F, 0xFF, 0x80, 
  0x01, 0xFE, 0x00, 0x00, 0x00, 0x1F, 0xFF, 0x80, 0x03, 0xFE, 0x00, 0x00, 0x00, 0x1F, 0xFF, 0xC0, 
  0x07, 0xFF, 0x00, 0x00, 0x00, 0x3F, 0xFF, 0xE0, 0xFF, 0xFF, 0xFC, 0x00, 0x0F, 0xFF, 0xFF, 0xFF, 
  0xFF, 0xFF, 0xFC, 0x00, 0x0F, 0xFF, 0xFF, 0xFF, 0xFF, 0xFF, 0xFC, 0x00, 0x0F, 0xFF, 0xFF, 0xFF, 
  0xFF, 0xFF, 0xFC, 0x00, 0x0F, 0xFF, 0xFF, 0xFF, 0xFF, 0xFF, 0xFC, 0x00, 0x0F, 0xFF, 0xFF, 0xFF, 
  0xFF, 0xFF, 0xFF, 0xFE, 0x00, 0x00, 0x07, 0xFF, 0xFF, 0xFF, 0xFF, 0xE0, 0x00, 0x3F, 0xFF, 0xFF, 
  0xFF, 0xFF, 0xF0, 0x01, 0xFF, 0xFF, 0xFF, 0xFF, 0xFF, 0xE0, 0x0F, 0xFF, 0xFF, 0xFF, 0xFF, 0xFF, 
  0xC0, 0x01, 0xFF, 0xFF, 0xFF, 0xFF, 0xFF, 0x00, 0x07, 0xFF, 0xF0, 0x03, 0xFF, 0xFC, 0x00, 0x1F, 
  0xFF, 0x80, 0x07, 0xFF, 0xF0, 0x00, 0xFF, 0xFC, 0x00, 0x1F, 0xFF, 0x80, 0x07, 0xFF, 0xE0, 0x00, 
  0xFF, 0xFE, 0x00, 0x3F, 0xFF, 0x00, 0x03, 0xFF, 0xF0, 0x01, 0xFF, 0xF8, 0x00, 0x1F, 0xFF, 0x80, 
  0x0F, 0xFF, 0xC0, 0x00, 0xFF, 0xFC, 0x00, 0x7F, 0xFE, 0x00, 0x07, 0xFF, 0xF0, 0x03, 0xFF, 0xF0, 
  0x00, 0x1F, 0xFF, 0x80, 0x1F, 0xFF, 0x80, 0x00, 0xFF, 0xFC, 0x00, 0xFF, 0xFC, 0x00, 0x07, 0xFF, 
  0xE0, 0x07, 0xFF, 0xE0, 0x00, 0x3F, 0xFF, 0x00, 0x3F, 0xFF, 0x00, 0x03, 0xFF, 0xF0, 0x01, 0xFF, 
  0xF8, 0x00, 0x1F, 0xFF, 0x80, 0x0F, 0xFF, 0xC0, 0x00, 0xFF, 0xFC, 0x00, 0x7F, 0xFE, 0x00, 0x07, 
  0xFF, 0xC0, 0x03, 0xFF, 0xF0, 0x00, 0x7F, 0xFE, 0x00, 0x1F, 0xFF, 0x80, 0x03, 0xFF, 0xE0, 0x00, 
  0xFF, 0xFC, 0x00, 0x3F, 0xFE, 0x00, 0x07, 0xFF, 0xE0, 0x07, 0xFF, 0xE0, 0x00, 0x3F, 0xFF, 0x07, 
  0xFF, 0xFC, 0x00, 0x01, 0xFF, 0xFF, 0xFF, 0xFF, 0x80, 0x00, 0x0F, 0xFF, 0xFF, 0xFF, 0xF0, 0x00, 
  0x00, 0x7F, 0xFF, 0xFF, 0xFF, 0xC0, 0x00, 0x03, 0xFF, 0xFF, 0xFF, 0xFF, 0xC0, 0x00, 0x1F, 0xFF, 
  0xFF, 0xFF, 0xFF, 0x80, 0x00, 0xFF, 0xFC, 0x00, 0x7F, 0xFE, 0x00, 0x07, 0xFF, 0xE0, 0x00, 0xFF, 
  0xFC, 0x00, 0x3F, 0xFF, 0x00, 0x03, 0xFF, 0xF0, 0x01, 0xFF, 0xF8, 0x00, 0x0F, 0xFF, 0xC0, 0x0F, 
  0xFF, 0xC0, 0x00, 0x7F, 0xFE, 0x00, 0x7F, 0xFE, 0x00, 0x01, 0xFF, 0xF8, 0x03, 0xFF, 0xF0, 0x00, 
  0x0F, 0xFF, 0xC0, 0x1F, 0xFF, 0x80, 0x00, 0x7F, 0xFF, 0x00, 0xFF, 0xFC, 0x00, 0x01, 0xFF, 0xF8, 
  0x07, 0xFF, 0xE0, 0x00, 0x0F, 0xFF, 0xC0, 0x3F, 0xFF, 0x00, 0x00, 0x7F, 0xFE, 0x01, 0xFF, 0xF8, 
  0x00, 0x03, 0xFF, 0xF0, 0x0F, 0xFF, 0xC0, 0x00, 0x1F, 0xFF, 0x80, 0x7F, 0xFE, 0x00, 0x00, 0xFF, 
  0xFC, 0x03, 0xFF, 0xF0, 0x00, 0x07, 0xFF, 0xE0, 0x1F, 0xFF, 0x80, 0x00, 0x3F, 0xFF, 0x00, 0xFF, 
  0xFC, 0x00, 0x03, 0xFF, 0xF8, 0x07, 0xFF, 0xE0, 0x00, 0x1F, 0xFF, 0x80, 0x3F, 0xFF, 0x00, 0x00, 
  0xFF, 0xFC, 0x01, 0xFF, 0xF8, 0x00, 0x0F, 0xFF, 0xE0, 0x0F, 0xFF, 0xC0, 0x00, 0x7F, 0xFE, 0x00, 
  0x7F, 0xFE, 0x00, 0x07, 0xFF, 0xF0, 0x03, 0xFF, 0xF0, 0x00, 0xFF, 0xFF, 0x00, 0x3F, 0xFF, 0x80, 
  0x3F, 0xFF, 0xF0, 0xFF, 0xFF, 0xFF, 0xFF, 0xFF, 0xFF, 0x07, 0xFF, 0xFF, 0xFF, 0xFF, 0xFF, 0xE0, 
  0x3F, 0xFF, 0xFF, 0xFF, 0xFF, 0xFC, 0x01, 0xFF, 0xFF, 0xFF, 0xFF, 0xFF, 0x00, 0x0F, 0xFF, 0xFF, 
  0xFF, 0xFF, 0x00, 0x00, 0x00, 0x00, 0x00, 0x00, 0x1C, 0x00, 0x00, 0x00, 0x00, 0x0F, 0xFF, 0xFE, 
  0x00, 0x00, 0x00, 0x7F, 0xFF, 0xFF, 0xC0, 0x00, 0x01, 0xFF, 0xFF, 0xFF, 0xF0, 0x00, 0x07, 0xFF, 
  0xFF, 0xFF, 0xF8, 0x00, 0x1F, 0xFF, 0xFF, 0xFF, 0xFC, 0x00, 0x3F, 0xFF, 0x00, 0xFF, 0xFE, 0x00, 
  0x7F, 0xFC, 0x00, 0x3F, 0xFF, 0x00, 0xFF, 0xF0, 0x00, 0x1F, 0xFF, 0x01, 0xFF, 0xE0, 0x00, 0x0F, 
  0xFF, 0x03, 0xFF, 0xE0, 0x00, 0x0F, 0xFF, 0x07, 0xFF, 0xC0, 0x00, 0x07, 0xFF, 0x07, 0xFF, 0x80, 
  0x00, 0x07, 0xFF, 0x0F, 0xFF, 0x80, 0x00, 0x07, 0xFF, 0x1F, 0xFF, 0x00, 0x00, 0x07, 0xFE, 0x1F, 
  0xFF, 0x00, 0x00, 0x03, 0xFC, 0x3F, 0xFF, 0x00, 0x00, 0x03, 0xF0, 0x3F, 0xFE, 0x00, 0x00, 0x03, 
  0x80, 0x3F, 0xFE, 0x00, 0x00, 0x00, 0x00, 0x7F, 0xFE, 0x00, 0x00, 0x00, 0x00, 0x7F, 0xFE, 0x00, 
  0x00, 0x00, 0x00, 0x7F, 0xFE, 0x00, 0x00, 0x00, 0x00, 0x7F, 0xFE, 0x00, 0x00, 0x00, 0x00, 0xFF, 
  0xFC, 0x00, 0x00, 0x00, 0x00, 0xFF, 0xFC, 0x00, 0x00, 0x00, 0x00, 0xFF, 0xFC, 0x00, 0x00, 0x00, 
  0x00, 0xFF, 0xFC, 0x00, 0x00, 0x00, 0x00, 0xFF, 0xFC, 0x00, 0x00, 0x00, 0x00, 0xFF, 0xFC, 0x00, 
  0x00, 0x00, 0x00, 0xFF, 0xFC, 0x00, 0x00, 0x00, 0x00, 0xFF, 0xFC, 0x00, 0x00, 0x00, 0x00, 0xFF, 
  0xFC, 0x00, 0x00, 0x00, 0x00, 0xFF, 0xFC, 0x00, 0x00, 0x00, 0x00, 0xFF, 0xFC, 0x00, 0x00, 0x00, 
  0x00, 0xFF, 0xFC, 0x00, 0x00, 0x00, 0x00, 0xFF, 0xFC, 0x00, 0x00, 0x00, 0x00, 0xFF, 0xFC, 0x00, 
  0x00, 0x00, 0x00, 0xFF, 0xFC, 0x00, 0x00, 0x00, 0x00, 0xFF, 0xFC, 0x00, 0x00, 0x00, 0x00, 0xFF, 
  0xFC, 0x00, 0x00, 0x00, 0x00, 0x7F, 0xFE, 0x00, 0x00, 0x00, 0x00, 0x7F, 0xFE, 0x00, 0x00, 0x00, 
  0x00, 0x7F, 0xFE, 0x00, 0x00, 0x00, 0x00, 0x7F, 0xFE, 0x00, 0x00, 0x00, 0x00, 0x3F, 0xFE, 0x00, 
  0x00, 0x00, 0x00, 0x3F, 0xFF, 0x00, 0x00, 0x00, 0x00, 0x3F, 0xFF, 0x00, 0x00, 0x00, 0x00, 0x1F, 
  0xFF, 0x80, 0x00, 0x00, 0x00, 0x1F, 0xFF, 0x80, 0x00, 0x00, 0x02, 0x0F, 0xFF, 0xC0, 0x00, 0x00, 
  0x03, 0x0F, 0xFF, 0xC0, 0x00, 0x00, 0x07, 0x07, 0xFF, 0xE0, 0x00, 0x00, 0x0F, 0x07, 0xFF, 0xF0, 
  0x00, 0x00, 0x3F, 0x03, 0xFF, 0xF8, 0x00, 0x00, 0x7F, 0x01, 0xFF, 0xFE, 0x00, 0x01, 0xFF, 0x00, 
  0xFF, 0xFF, 0xC0, 0x0F, 0xFE, 0x00, 0x7F, 0xFF, 0xFF, 0xFF, 0xFE, 0x00, 0x3F, 0xFF, 0xFF, 0xFF, 
  0xFC, 0x00, 0x0F, 0xFF, 0xFF, 0xFF, 0xF8, 0x00, 0x03, 0xFF, 0xFF, 0xFF, 0xE0, 0x00, 0x00, 0xFF, 
  0xFF, 0xFF, 0xC0, 0x00, 0x00, 0x3F, 0xFF, 0xFE, 0x00, 0x00, 0x00, 0x01, 0xFF, 0xC0, 0x00, 0xFF, 
  0xFF, 0xFF, 0xFF, 0x80, 0x00, 0x00, 0x1F, 0xFF, 0xFF, 0xFF, 0xFF, 0xC0, 0x00, 0x03, 0xFF, 0xFF, 
  0xFF, 0xFF, 0xFF, 0x00, 0x00, 0x7F, 0xFF, 0xFF, 0xFF, 0xFF, 0xF8, 0x00, 0x0F, 0xFF, 0xFF, 0xFF, 
  0xFF, 0xFF, 0xC0, 0x00, 0x07, 0xFF, 0xFF, 0xFF, 0xFF, 0xFE, 0x00, 0x00, 0x7F, 0xFF, 0x00, 0x1F, 
  0xFF, 0xE0, 0x00, 0x07, 0xFF, 0xE0, 0x00, 0xFF, 0xFE, 0x00, 0x00, 0xFF, 0xFC, 0x00, 0x07, 0xFF, 
  0xE0, 0x00, 0x1F, 0xFF, 0x80, 0x00, 0x7F, 0xFE, 0x00, 0x03, 0xFF, 0xF0, 0x00, 0x07, 0xFF, 0xE0, 
  0x00, 0x7F, 0xFE, 0x00, 0x00, 0x7F, 0xFE, 0x00, 0x0F, 0xFF, 0xC0, 0x00, 0x0F, 0xFF, 0xC0, 0x01, 
  0xFF, 0xF8, 0x00, 0x00, 0xFF, 0xFC, 0x00, 0x3F, 0xFF, 0x00, 0x00, 0x1F, 0xFF, 0xC0, 0x07, 0xFF, 
  0xE0, 0x00, 0x01, 0xFF, 0xF8, 0x00, 0xFF, 0xFC, 0x00, 0x00, 0x3F, 0xFF, 0x00, 0x1F, 0xFF, 0x80, 
  0x00, 0x03, 0xFF, 0xF0, 0x03, 0xFF, 0xF0, 0x00, 0x00, 0x7F, 0xFE, 0x00, 0x7F, 0xFE, 0x00, 0x00, 
  0x0F, 0xFF, 0xC0, 0x0F, 0xFF, 0xC0, 0x00, 0x01, 0xFF, 0xFC, 0x01, 0xFF, 0xF8, 0x00, 0x00, 0x1F, 
  0xFF, 0x80, 0x3F, 0xFF, 0x00, 0x00, 0x03, 0xFF, 0xF0, 0x07, 0xFF, 0xE0, 0x00, 0x00, 0x7F, 0xFE, 
  0x00, 0xFF, 0xFC, 0x00, 0x00, 0x0F, 0xFF, 0xC0, 0x1F, 0xFF, 0x80, 0x00, 0x01, 0xFF, 0xF8, 0x03, 
  0xFF, 0xF0, 0x00, 0x00, 0x3F, 0xFF, 0x00, 0x7F, 0xFE, 0x00, 0x00, 0x07, 0xFF, 0xE0, 0x0F, 0xFF, 
  0xC0, 0x00, 0x00, 0xFF, 0xFE, 0x01, 0xFF, 0xF8, 0x00, 0x00, 0x1F, 0xFF, 0xC0, 0x3F, 0xFF, 0x00, 
  0x00, 0x03, 0xFF, 0xF8, 0x07, 0xFF, 0xE0, 0x00, 0x00, 0x7F, 0xFF, 0x00, 0xFF, 0xFC, 0x00, 0x00, 
  0x0F, 0xFF, 0xC0, 0x1F, 0xFF, 0x80, 0x00, 0x01, 0xFF, 0xF8, 0x03, 0xFF, 0xF0, 0x00, 0x00, 0x3F, 
  0xFF, 0x00, 0x7F, 0xFE, 0x00, 0x00, 0x07, 0xFF, 0xE0, 0x0F, 0xFF, 0xC0, 0x00, 0x00, 0xFF, 0xFC, 
  0x01, 0xFF, 0xF8, 0x00, 0x00, 0x1F, 0xFF, 0x80, 0x3F, 0xFF, 0x00, 0x00, 0x07, 0xFF, 0xF0, 0x07, 
  0xFF, 0xE0, 0x00, 0x00, 0xFF, 0xFC, 0x00, 0xFF, 0xFC, 0x00, 0x00, 0x1F, 0xFF, 0x80, 0x1F, 0xFF, 
  0x80, 0x00, 0x03, 0xFF, 0xF0, 0x03, 0xFF, 0xF0, 0x00, 0x00, 0xFF, 0xFE, 0x00, 0x7F, 0xFE, 0x00, 
  0x00, 0x1F, 0xFF, 0x80, 0x0F, 0xFF, 0xC0, 0x00, 0x03, 0xFF, 0xF0, 0x01, 0xFF, 0xF8, 0x00, 0x00, 
  0xFF, 0xFC, 0x00, 0x3F, 0xFF, 0x00, 0x00, 0x1F, 0xFF, 0x80, 0x07, 0xFF, 0xE0, 0x00, 0x07, 0xFF, 
  0xE0, 0x00, 0xFF, 0xFC, 0x00, 0x00, 0xFF, 0xFC, 0x00, 0x1F, 0xFF, 0x80, 0x00, 0x3F, 0xFF, 0x00, 
  0x03, 0xFF, 0xF0, 0x00, 0x0F, 0xFF, 0xC0, 0x00, 0x7F, 0xFE, 0x00, 0x03, 0xFF, 0xF8, 0x00, 0x0F, 
  0xFF, 0xC0, 0x00, 0xFF, 0xFE, 0x00, 0x01, 0xFF, 0xF8, 0x00, 0x3F, 0xFF, 0x80, 0x00, 0x3F, 0xFF, 
  0x00, 0x1F, 0xFF, 0xE0, 0x00, 0x0F, 0xFF, 0xE0, 0x3F, 0xFF, 0xF0, 0x00, 0xFF, 0xFF, 0xFF, 0xFF, 
  0xFF, 0xFC, 0x00, 0x1F, 0xFF, 0xFF, 0xFF, 0xFF, 0xFE, 0x00, 0x03, 0xFF, 0xFF, 0xFF, 0xFF, 0xFF, 
  0x00, 0x00, 0x7F, 0xFF, 0xFF, 0xFF, 0xFF, 0x00, 0x00, 0x0F, 0xFF, 0xFF, 0xFF, 0xFE, 0x00, 0x00, 
  0x00, 0xFF, 0xFF, 0xFF, 0xFF, 0xFF, 0xFF, 0x1F, 0xFF, 0xFF, 0xFF, 0xFF, 0xFF, 0xE3, 0xFF, 0xFF, 
  0xFF, 0xFF, 0xFF, 0xFC, 0x7F, 0xFF, 0xFF, 0xFF, 0xFF, 0xFF, 0x8F, 0xFF, 0xFF, 0xFF, 0xFF, 0xFF, 
  0xF0, 0x07, 0xFF, 0xFF, 0xFF, 0xFF, 0xFE, 0x00, 0x3F, 0xFF, 0x00, 0x00, 0x7F, 0xC0, 0x07, 0xFF, 
  0xE0, 0x00, 0x07, 0xF8, 0x00, 0xFF, 0xFC, 0x00, 0x00, 0x7F, 0x00, 0x1F, 0xFF, 0x80, 0x00, 0x0F, 
  0xE0, 0x03, 0xFF, 0xF0, 0x00, 0x01, 0xFC, 0x00, 0x7F, 0xFE, 0x00, 0x00, 0x1F, 0x80, 0x0F, 0xFF, 
  0xC0, 0x00, 0x03, 0xF0, 0x01, 0xFF, 0xF8, 0x00, 0x00, 0x7E, 0x00, 0x3F, 0xFF, 0x00, 0x00, 0x0F, 
  0xC0, 0x07, 0xFF, 0xE0, 0x00, 0x01, 0xF8, 0x00, 0xFF, 0xFC, 0x00, 0x00, 0x00, 0x00, 0x1F, 0xFF, 
  0x80, 0x00, 0x00, 0x00, 0x03, 0xFF, 0xF0, 0x00, 0x00, 0x00, 0x00, 0x7F, 0xFE, 0x00, 0x00, 0x00, 
  0x00, 0x0F, 0xFF, 0xC0, 0x00, 0x00, 0x00, 0x01, 0xFF, 0xF8, 0x00, 0x00, 0x00, 0x00, 0x3F, 0xFF, 
  0x00, 0x00, 0x00, 0x00, 0x07, 0xFF, 0xE0, 0x00, 0x00, 0x00, 0x00, 0xFF, 0xFC, 0x00, 0x00, 0x00, 
  0x00, 0x1F, 0xFF, 0x80, 0x00, 0x00, 0x00, 0x03, 0xFF, 0xF0, 0x00, 0x00, 0x00, 0x00, 0x7F, 0xFF, 
  0xFF, 0xFF, 0xE0, 0x00, 0x0F, 0xFF, 0xFF, 0xFF, 0xFC, 0x00, 0x01, 0xFF, 0xFF, 0xFF, 0xFF, 0x80, 
  0x00, 0x3F, 0xFF, 0xFF, 0xFF, 0xF0, 0x00, 0x07, 0xFF, 0xFF, 0xFF, 0xFE, 0x00, 0x00, 0xFF, 0xFC, 
  0x00, 0x00, 0x00, 0x00, 0x1F, 0xFF, 0x80, 0x00, 0x00, 0x00, 0x03, 0xFF, 0xF0, 0x00, 0x00, 0x00, 
  0x00, 0x7F, 0xFE, 0x00, 0x00, 0x00, 0x00, 0x0F, 0xFF, 0xC0, 0x00, 0x00, 0x00, 0x01, 0xFF, 0xF8, 
  0x00, 0x00, 0x00, 0x00, 0x3F, 0xFF, 0x00, 0x00, 0x00, 0x00, 0x07, 0xFF, 0xE0, 0x00, 0x00, 0x00, 
  0x00, 0xFF, 0xFC, 0x00, 0x00, 0x00, 0x00, 0x1F, 0xFF, 0x80, 0x00, 0x00, 0x00, 0x03, 0xFF, 0xF0, 
  0x00, 0x00, 0x00, 0x00, 0x7F, 0xFE, 0x00, 0x00, 0x00, 0x00, 0x0F, 0xFF, 0xC0, 0x00, 0x00, 0x00, 
  0x01, 0xFF, 0xF8, 0x00, 0x00, 0x0F, 0xC0, 0x3F, 0xFF, 0x00, 0x00, 0x01, 0xF8, 0x07, 0xFF, 0xE0, 
  0x00, 0x00, 0x3F, 0x00, 0xFF, 0xFC, 0x00, 0x00, 0x0F, 0xE0, 0x1F, 0xFF, 0x80, 0x00, 0x01, 0xFC, 
  0x03, 0xFF, 0xF0, 0x00, 0x00, 0x3F, 0x80, 0x7F, 0xFE, 0x00, 0x00, 0x07, 0xF0, 0x0F, 0xFF, 0xC0, 
  0x00, 0x01, 0xFE, 0x01, 0xFF, 0xF8, 0x00, 0x00, 0x3F, 0xC0, 0x3F, 0xFF, 0x00, 0x00, 0x0F, 0xF8, 
  0x0F, 0xFF, 0xE0, 0x00, 0x07, 0xFE, 0xFF, 0xFF, 0xFF, 0xFF, 0xFF, 0xFF, 0xDF, 0xFF, 0xFF, 0xFF, 
  0xFF, 0xFF, 0xFB, 0xFF, 0xFF, 0xFF, 0xFF, 0xFF, 0xFF, 0x7F, 0xFF, 0xFF, 0xFF, 0xFF, 0xFF, 0xEF, 
  0xFF, 0xFF, 0xFF, 0xFF, 0xFF, 0xFC, 0xFF, 0xFF, 0xFF, 0xFF, 0xFF, 0xFF, 0xFF, 0xFF, 0xFF, 0xFF, 
  0xFF, 0xFF, 0xFF, 0xFF, 0xFF, 0xFF, 0xFF, 0xFF, 0xFF, 0xFF, 0xFF, 0xFF, 0xFF, 0xFF, 0xFF, 0xFF, 
  0xFF, 0xFF, 0xFF, 0xFF, 0x03, 0xFF, 0xFF, 0xFF, 0xFF, 0xFF, 0x01, 0xFF, 0xFC, 0x00, 0x01, 0xFF, 
  0x00, 0xFF, 0xFC, 0x00, 0x00, 0xFF, 0x00, 0xFF, 0xFC, 0x00, 0x00, 0x7F, 0x00, 0xFF, 0xFC, 0x00, 
  0x00, 0x7F, 0x00, 0xFF, 0xFC, 0x00, 0x00, 0x7F, 0x00, 0xFF, 0xFC, 0x00, 0x00, 0x3F, 0x00, 0xFF, 
  0xFC, 0x00, 0x00, 0x3F, 0x00, 0xFF, 0xFC, 0x00, 0x00, 0x3F, 0x00, 0xFF, 0xFC, 0x00, 0x00, 0x3F, 
  0x00, 0xFF, 0xFC, 0x00, 0x00, 0x3F, 0x00, 0xFF, 0xFC, 0x00, 0x00, 0x00, 0x00, 0xFF, 0xFC, 0x00, 
  0x00, 0x00, 0x00, 0xFF, 0xFC, 0x00, 0x00, 0x00, 0x00, 0xFF, 0xFC, 0x00, 0x00, 0x00, 0x00, 0xFF, 
  0xFC, 0x00, 0x00, 0x00, 0x00, 0xFF, 0xFC, 0x00, 0x00, 0x00, 0x00, 0xFF, 0xFC, 0x00, 0x00, 0x00, 
  0x00, 0xFF, 0xFC, 0x00, 0x00, 0x00, 0x00, 0xFF, 0xFC, 0x00, 0x00, 0x00, 0x00, 0xFF, 0xFC, 0x00, 
  0x00, 0x00, 0x00, 0xFF, 0xFC, 0x00, 0x00, 0x00, 0x00, 0xFF, 0xFC, 0x00, 0x00, 0x00, 0x00, 0xFF, 
  0xFC, 0x00, 0x00, 0x00, 0x00, 0xFF, 0xFF, 0xFF, 0xFF, 0xC0, 0x00, 0xFF, 0xFF, 0xFF, 0xFF, 0xC0, 
  0x00, 0xFF, 0xFF, 0xFF, 0xFF, 0xC0, 0x00, 0xFF, 0xFF, 0xFF, 0xFF, 0xC0, 0x00, 0xFF, 0xFF, 0xFF, 
  0xFF, 0xC0, 0x00, 0xFF, 0xFC, 0x00, 0x00, 0x00, 0x00, 0xFF, 0xFC, 0x00, 0x00, 0x00, 0x00, 0xFF, 
  0xFC, 0x00, 0x00, 0x00, 0x00, 0xFF, 0xFC, 0x00, 0x00, 0x00, 0x00, 0xFF, 0xFC, 0x00, 0x00, 0x00, 
  0x00, 0xFF, 0xFC, 0x00, 0x00, 0x00, 0x00, 0xFF, 0xFC, 0x00, 0x00, 0x00, 0x00, 0xFF, 0xFC, 0x00, 
  0x00, 0x00, 0x00, 0xFF, 0xFC, 0x00, 0x00, 0x00, 0x00, 0xFF, 0xFC, 0x00, 0x00, 0x00, 0x00, 0xFF, 
  0xFC, 0x00, 0x00, 0x00, 0x00, 0xFF, 0xFC, 0x00, 0x00, 0x00, 0x00, 0xFF, 0xFC, 0x00, 0x00, 0x00, 
  0x00, 0xFF, 0xFC, 0x00, 0x00, 0x00, 0x00, 0xFF, 0xFC, 0x00, 0x00, 0x00, 0x00, 0xFF, 0xFC, 0x00, 
  0x00, 0x00, 0x00, 0xFF, 0xFC, 0x00, 0x00, 0x00, 0x00, 0xFF, 0xFC, 0x00, 0x00, 0x00, 0x00, 0xFF, 
  0xFC, 0x00, 0x00, 0x00, 0x00, 0xFF, 0xFC, 0x00, 0x00, 0x00, 0x00, 0xFF, 0xFC, 0x00, 0x00, 0x00, 
  0x01, 0xFF, 0xFE, 0x00, 0x00, 0x00, 0xFF, 0xFF, 0xFF, 0xFE, 0x00, 0x00, 0xFF, 0xFF, 0xFF, 0xFE, 
  0x00, 0x00, 0xFF, 0xFF, 0xFF, 0xFE, 0x00, 0x00, 0xFF, 0xFF, 0xFF, 0xFE, 0x00, 0x00, 0xFF, 0xFF, 
  0xFF, 0xFE, 0x00, 0x00, 0x00, 0x00, 0x00, 0x07, 0x00, 0x00, 0x00, 0x00, 0x00, 0x00, 0xFF, 0xFF, 
  0xF0, 0x00, 0x00, 0x00, 0x03, 0xFF, 0xFF, 0xFF, 0x80, 0x00, 0x00, 0x03, 0xFF, 0xFF, 0xFF, 0xFC, 
  0x00, 0x00, 0x03, 0xFF, 0xFF, 0xFF, 0xFF, 0x80, 0x00, 0x03, 0xFF, 0xFF, 0xFF, 0xFF, 0xF0, 0x00, 
  0x01, 0xFF, 0xFC, 0x01, 0xFF, 0xFE, 0x00, 0x01, 0xFF, 0xF8, 0x00, 0x1F, 0xFF, 0xC0, 0x00, 0xFF, 
  0xFC, 0x00, 0x03, 0xFF, 0xF0, 0x00, 0x7F, 0xFC, 0x00, 0x00, 0x7F, 0xFE, 0x00, 0x3F, 0xFF, 0x00, 
  0x00, 0x0F, 0xFF, 0x80, 0x0F, 0xFF, 0x80, 0x00, 0x01, 0xFF, 0xE0, 0x07, 0xFF, 0xC0, 0x00, 0x00, 
  0x7F, 0xF0, 0x03, 0xFF, 0xE0, 0x00, 0x00, 0x1F, 0xFC, 0x00, 0xFF, 0xF8, 0x00, 0x00, 0x07, 0xFE, 
  0x00, 0x7F, 0xFC, 0x00, 0x00, 0x00, 0xFF, 0x00, 0x1F, 0xFF, 0x00, 0x00, 0x00, 0x3F, 0x00, 0x0F, 
  0xFF, 0xC0, 0x00, 0x00, 0x0C, 0x00, 0x03, 0xFF, 0xE0, 0x00, 0x00, 0x00, 0x00, 0x00, 0xFF, 0xF8, 
  0x00, 0x00, 0x00, 0x00, 0x00, 0x7F, 0xFE, 0x00, 0x00, 0x00, 0x00, 0x00, 0x1F, 0xFF, 0x80, 0x00, 
  0x00, 0x00, 0x00, 0x07, 0xFF, 0xE0, 0x00, 0x00, 0x00, 0x00, 0x03, 0xFF, 0xF8, 0x00, 0x00, 0x00, 
  0x00, 0x00, 0xFF, 0xFC, 0x00, 0x00, 0x00, 0x00, 0x00, 0x3F, 0xFF, 0x00, 0x00, 0x00, 0x00, 0x00, 
  0x0F, 0xFF, 0xC0, 0x00, 0x00, 0x00, 0x00, 0x03, 0xFF, 0xF0, 0x00, 0x00, 0x00, 0x00, 0x00, 0xFF, 
  0xFC, 0x00, 0x00, 0x00, 0x00, 0x00, 0x3F, 0xFF, 0x00, 0x00, 0x00, 0x00, 0x00, 0x0F, 0xFF, 0xC0, 
  0x00, 0x00, 0x00, 0x00, 0x03, 0xFF, 0xF0, 0x00, 0x00, 0x00, 0x00, 0x00, 0xFF, 0xFC, 0x00, 0x00, 
  0x00, 0x00, 0x00, 0x3F, 0xFF, 0x00, 0x00, 0x7F, 0xFF, 0xFF, 0xFF, 0xFF, 0xC0, 0x00, 0x1F, 0xFF, 
  0xFF, 0xFF, 0xFF, 0xF0, 0x00, 0x07, 0xFF, 0xFF, 0xFF, 0xFF, 0xFC, 0x00, 0x01, 0xFF, 0xFF, 0xFF, 
  0xFF, 0xFF, 0x00, 0x00, 0x7F, 0xFF, 0xFF, 0xFF, 0xFF, 0xC0, 0x00, 0x00, 0xFF, 0xFF, 0xC3, 0xFF, 
  0xF0, 0x00, 0x00, 0x1F, 0xFF, 0xE0, 0x7F, 0xFE, 0x00, 0x00, 0x03, 0xFF, 0xF0, 0x1F, 0xFF, 0x80, 
  0x00, 0x00, 0xFF, 0xFC, 0x07, 0xFF, 0xE0, 0x00, 0x00, 0x3F, 0xFF, 0x01, 0xFF, 0xF8, 0x00, 0x00, 
  0x0F, 0xFF, 0xC0, 0x3F, 0xFF, 0x00, 0x00, 0x03, 0xFF, 0xF0, 0x0F, 0xFF, 0xC0, 0x00, 0x00, 0xFF, 
  0xFC, 0x03, 0xFF, 0xF0, 0x00, 0x00, 0x3F, 0xFF, 0x00, 0x7F, 0xFE, 0x00, 0x00, 0x0F, 0xFF, 0xC0, 
  0x1F, 0xFF, 0x80, 0x00, 0x03, 0xFF, 0xF0, 0x03, 0xFF, 0xF0, 0x00, 0x00, 0xFF, 0xFC, 0x00, 0xFF, 
  0xFC, 0x00, 0x00, 0x3F, 0xFF, 0x00, 0x1F, 0xFF, 0x80, 0x00, 0x0F, 0xFF, 0xC0, 0x03, 0xFF, 0xF0, 
  0x00, 0x03, 0xFF, 0xF0, 0x00, 0x7F, 0xFE, 0x00, 0x00, 0xFF, 0xFC, 0x00, 0x0F, 0xFF, 0xC0, 0x00, 
  0x3F, 0xFF, 0x00, 0x01, 0xFF, 0xFC, 0x00, 0x0F, 0xFF, 0xC0, 0x00, 0x3F, 0xFF, 0xE0, 0x03, 0xFF, 
  0xF0, 0x00, 0x07, 0xFF, 0xFF, 0xFF, 0xFF, 0xFC, 0x00, 0x00, 0x7F, 0xFF, 0xFF, 0xFF, 0xFE, 0x00, 
  0x00, 0x07, 0xFF, 0xFF, 0xFF, 0xFE, 0x00, 0x00, 0x00, 0x7F, 0xFF, 0xFF, 0xFC, 0x00, 0x00, 0x00, 
  0x03, 0xFF, 0xFF, 0xF8, 0x00, 0x00, 0x00, 0x00, 0x07, 0xFF, 0x80, 0x00, 0x00, 0xFF, 0xFF, 0xFF, 
  0xF8, 0x07, 0xFF, 0xFF, 0xFF, 0xFF, 0xFF, 0xFF, 0xFC, 0x03, 0xFF, 0xFF, 0xFF, 0xFF, 0xFF, 0xFF, 
  0xFE, 0x01, 0xFF, 0xFF, 0xFF, 0xFF, 0xFF, 0xFF, 0xFF, 0x00, 0xFF, 0xFF, 0xFF, 0xFF, 0xFF, 0xFF, 
  0xFF, 0x80, 0x7F, 0xFF, 0xFF, 0xF8, 0x1F, 0xFF, 0xF8, 0x00, 0x01, 0xFF, 0xFF, 0x00, 0x07, 0xFF, 
  0xF8, 0x00, 0x00, 0x7F, 0xFF, 0x00, 0x01, 0xFF, 0xF8, 0x00, 0x00, 0x3F, 0xFF, 0x80, 0x00, 0xFF, 
  0xFC, 0x00, 0x00, 0x0F, 0xFF, 0x80, 0x00, 0x7F, 0xFE, 0x00, 0x00, 0x07, 0xFF, 0xC0, 0x00, 0x3F, 
  0xFF, 0x00, 0x00, 0x03, 0xFF, 0xE0, 0x00, 0x1F, 0xFF, 0x80, 0x00, 0x01, 0xFF, 0xF0, 0x00, 0x0F, 
  0xFF, 0xC0, 0x00, 0x00, 0xFF, 0xF8, 0x00, 0x07, 0xFF, 0xE0, 0x00, 0x00, 0x7F, 0xFC, 0x00, 0x03, 
  0xFF, 0xF0, 0x00, 0x00, 0x3F, 0xFE, 0x00, 0x01, 0xFF, 0xF8, 0x00, 0x00, 0x1F, 0xFF, 0x00, 0x00, 
  0xFF, 0xFC, 0x00, 0x00, 0x0F, 0xFF, 0x80, 0x00, 0x7F, 0xFE, 0x00, 0x00, 0x07, 0xFF, 0xC0, 0x00, 
  0x3F, 0xFF, 0x00, 0x00, 0x03, 0xFF, 0xE0, 0x00, 0x1F, 0xFF, 0x80, 0x00, 0x01, 0xFF, 0xF0, 0x00, 
  0x0F, 0xFF, 0xC0, 0x00, 0x00, 0xFF, 0xF8, 0x00, 0x07, 0xFF, 0xE0, 0x00, 0x00, 0x7F, 0xFC, 0x00, 
  0x03, 0xFF, 0xF0, 0x00, 0x00, 0x3F, 0xFE, 0x00, 0x01, 0xFF, 0xF8, 0x00, 0x00, 0x1F, 0xFF, 0x00, 
  0x00, 0xFF, 0xFC, 0x00, 0x00, 0x0F, 0xFF, 0x80, 0x00, 0x7F, 0xFE, 0x00, 0x00, 0x07, 0xFF, 0xC0, 
  0x00, 0x3F, 0xFF, 0x00, 0x00, 0x03, 0xFF, 0xE0, 0x00, 0x1F, 0xFF, 0xFF, 0xFF, 0xFF, 0xFF, 0xF0, 
  0x00, 0x0F, 0xFF, 0xFF, 0xFF, 0xFF, 0xFF, 0xF8, 0x00, 0x07, 0xFF, 0xFF, 0xFF, 0xFF, 0xFF, 0xFC, 
  0x00, 0x03, 0xFF, 0xFF, 0xFF, 0xFF, 0xFF, 0xFE, 0x00, 0x01, 0xFF, 0xFF, 0xFF, 0xFF, 0xFF, 0xFF, 
  0x00, 0x00, 0xFF, 0xFC, 0x00, 0x00, 0x0F, 0xFF, 0x80, 0x00, 0x7F, 0xFE, 0x00, 0x00, 0x07, 0xFF, 
  0xC0, 0x00, 0x3F, 0xFF, 0x00, 0x00, 0x03, 0xFF, 0xE0, 0x00, 0x1F, 0xFF, 0x80, 0x00, 0x01, 0xFF, 
  0xF0, 0x00, 0x0F, 0xFF, 0xC0, 0x00, 0x00, 0xFF, 0xF8, 0x00, 0x07, 0xFF, 0xE0, 0x00, 0x00, 0x7F, 
  0xFC, 0x00, 0x03, 0xFF, 0xF0, 0x00, 0x00, 0x3F, 0xFE, 0x00, 0x01, 0xFF, 0xF8, 0x00, 0x00, 0x1F, 
  0xFF, 0x00, 0x00, 0xFF, 0xFC, 0x00, 0x00, 0x0F, 0xFF, 0x80, 0x00, 0x7F, 0xFE, 0x00, 0x00, 0x07, 
  0xFF, 0xC0, 0x00, 0x3F, 0xFF, 0x00, 0x00, 0x03, 0xFF, 0xE0, 0x00, 0x1F, 0xFF, 0x80, 0x00, 0x01, 
  0xFF, 0xF0, 0x00, 0x0F, 0xFF, 0xC0, 0x00, 0x00, 0xFF, 0xF8, 0x00, 0x07, 0xFF, 0xE0, 0x00, 0x00, 
  0x7F, 0xFC, 0x00, 0x03, 0xFF, 0xF0, 0x00, 0x00, 0x3F, 0xFE, 0x00, 0x01, 0xFF, 0xF8, 0x00, 0x00, 
  0x1F, 0xFF, 0x00, 0x00, 0xFF, 0xFC, 0x00, 0x00, 0x0F, 0xFF, 0x80, 0x00, 0x7F, 0xFE, 0x00, 0x00, 
  0x07, 0xFF, 0xC0, 0x00, 0x3F, 0xFF, 0x00, 0x00, 0x03, 0xFF, 0xE0, 0x00, 0x1F, 0xFF, 0x80, 0x00, 
  0x01, 0xFF, 0xF0, 0x00, 0x0F, 0xFF, 0xC0, 0x00, 0x00, 0xFF, 0xF8, 0x00, 0x07, 0xFF, 0xE0, 0x00, 
  0x00, 0x7F, 0xFE, 0x00, 0x03, 0xFF, 0xF0, 0x00, 0x00, 0x7F, 0xFF, 0x00, 0x03, 0xFF, 0xFC, 0x00, 
  0x00, 0x7F, 0xFF, 0xC0, 0xFF, 0xFF, 0xFF, 0xF8, 0x07, 0xFF, 0xFF, 0xFF, 0xFF, 0xFF, 0xFF, 0xFC, 
  0x03, 0xFF, 0xFF, 0xFF, 0xFF, 0xFF, 0xFF, 0xFE, 0x01, 0xFF, 0xFF, 0xFF, 0xFF, 0xFF, 0xFF, 0xFF, 
  0x00, 0xFF, 0xFF, 0xFF, 0xFF, 0xFF, 0xFF, 0xFF, 0x80, 0x7F, 0xFF, 0xFF, 0xF8, 0xFF, 0xFF, 0xFF, 
  0xFF, 0xFF, 0xFF, 0xFF, 0xFF, 0xFF, 0xFF, 0xFF, 0xFF, 0xFF, 0xFF, 0xFF, 0xFF, 0xFF, 0xFF, 0xFC, 
  0x0F, 0xFF, 0xFC, 0x00, 0x1F, 0xFF, 0xE0, 0x00, 0x3F, 0xFF, 0x00, 0x00, 0xFF, 0xFC, 0x00, 0x03, 
  0xFF, 0xF0, 0x00, 0x0F, 0xFF, 0xC0, 0x00, 0x3F, 0xFF, 0x00, 0x00, 0xFF, 0xFC, 0x00, 0x03, 0xFF, 
  0xF0, 0x00, 0x0F, 0xFF, 0xC0, 0x00, 0x3F, 0xFF, 0x00, 0x00, 0xFF, 0xFC, 0x00, 0x03, 0xFF, 0xF0, 
  0x00, 0x0F, 0xFF, 0xC0, 0x00, 0x3F, 0xFF, 0x00, 0x00, 0xFF, 0xFC, 0x00, 0x03, 0xFF, 0xF0, 0x00, 
  0x0F, 0xFF, 0xC0, 0x00, 0x3F, 0xFF, 0x00, 0x00, 0xFF, 0xFC, 0x00, 0x03, 0xFF, 0xF0, 0x00, 0x0F, 
  0xFF, 0xC0, 0x00, 0x3F, 0xFF, 0x00, 0x00, 0xFF, 0xFC, 0x00, 0x03, 0xFF, 0xF0, 0x00, 0x0F, 0xFF, 
  0xC0, 0x00, 0x3F, 0xFF, 0x00, 0x00, 0xFF, 0xFC, 0x00, 0x03, 0xFF, 0xF0, 0x00, 0x0F, 0xFF, 0xC0, 
  0x00, 0x3F, 0xFF, 0x00, 0x00, 0xFF, 0xFC, 0x00, 0x03, 0xFF, 0xF0, 0x00, 0x0F, 0xFF, 0xC0, 0x00, 
  0x3F, 0xFF, 0x00, 0x00, 0xFF, 0xFC, 0x00, 0x03, 0xFF, 0xF0, 0x00, 0x0F, 0xFF, 0xC0, 0x00, 0x3F, 
  0xFF, 0x00, 0x00, 0xFF, 0xFC, 0x00, 0x03, 0xFF, 0xF0, 0x00, 0x0F, 0xFF, 0xC0, 0x00, 0x3F, 0xFF, 
  0x00, 0x00, 0xFF, 0xFC, 0x00, 0x03, 0xFF, 0xF0, 0x00, 0x0F, 0xFF, 0xC0, 0x00, 0x3F, 0xFF, 0x00, 
  0x00, 0xFF, 0xFC, 0x00, 0x03, 0xFF, 0xF0, 0x00, 0x0F, 0xFF, 0xC0, 0x00, 0x7F, 0xFF, 0x80, 0xFF, 
  0xFF, 0xFF, 0xFF, 0xFF, 0xFF, 0xFF, 0xFF, 0xFF, 0xFF, 0xFF, 0xFF, 0xFF, 0xFF, 0xFF, 0xFF, 0xFF, 
  0xFF, 0xFC, 0x07, 0xFF, 0xFF, 0xFF, 0xC1, 0xFF, 0xFF, 0xFF, 0xF0, 0x7F, 0xFF, 0xFF, 0xFC, 0x1F, 
  0xFF, 0xFF, 0xFF, 0x07, 0xFF, 0xFF, 0xFF, 0xC0, 0x0F, 0xFF, 0xFC, 0x00, 0x00, 0xFF, 0xFE, 0x00, 
  0x00, 0x3F, 0xFF, 0x00, 0x00, 0x0F, 0xFF, 0xC0, 0x00, 0x01, 0xFF, 0xF0, 0x00, 0x00, 0x7F, 0xFC, 
  0x00, 0x00, 0x1F, 0xFF, 0x00, 0x00, 0x07, 0xFF, 0xC0, 0x00, 0x01, 0xFF, 0xF0, 0x00, 0x00, 0x7F, 
  0xFC, 0x00, 0x00, 0x1F, 0xFF, 0x00, 0x00, 0x07, 0xFF, 0xC0, 0x00, 0x01, 0xFF, 0xF0, 0x00, 0x00, 
  0x7F, 0xFC, 0x00, 0x00, 0x1F, 0xFF, 0x00, 0x00, 0x07, 0xFF, 0xC0, 0x00, 0x01, 0xFF, 0xF0, 0x00, 
  0x00, 0x7F, 0xFC, 0x00, 0x00, 0x1F, 0xFF, 0x00, 0x00, 0x07, 0xFF, 0xC0, 0x00, 0x01, 0xFF, 0xF0, 
  0x00, 0x00, 0x7F, 0xFC, 0x00, 0x00, 0x1F, 0xFF, 0x00, 0x00, 0x07, 0xFF, 0xC0, 0x00, 0x01, 0xFF, 
  0xF0, 0x00, 0x00, 0x7F, 0xFC, 0x00, 0x00, 0x1F, 0xFF, 0x00, 0x00, 0x07, 0xFF, 0xC0, 0x00, 0x01, 
  0xFF, 0xF0, 0x00, 0x00, 0x7F, 0xFC, 0x00, 0x00, 0x1F, 0xFF, 0x00, 0x00, 0x07, 0xFF, 0xC0, 0x00, 
  0x01, 0xFF, 0xF0, 0x00, 0x00, 0x7F, 0xFC, 0x00, 0x00, 0x1F, 0xFF, 0x00, 0x00, 0x07, 0xFF, 0xC0, 
  0x00, 0x01, 0xFF, 0xF0, 0x00, 0x00, 0x7F, 0xFC, 0x00, 0x00, 0x1F, 0xFF, 0x00, 0x00, 0x07, 0xFF, 
  0xC0, 0x00, 0x01, 0xFF, 0xF0, 0x00, 0x00, 0x7F, 0xFC, 0x00, 0x00, 0x1F, 0xFF, 0x00, 0x00, 0x07, 
  0xFF, 0xC0, 0x00, 0x01, 0xFF, 0xF0, 0x00, 0x00, 0x7F, 0xFC, 0x00, 0x00, 0x1F, 0xFF, 0x00, 0x00, 
  0x07, 0xFF, 0xC0, 0x00, 0x01, 0xFF, 0xF0, 0x00, 0x00, 0x7F, 0xFC, 0x00, 0x00, 0x1F, 0xFF, 0x00, 
  0x00, 0x07, 0xFF, 0xC0, 0x00, 0x01, 0xFF, 0xF0, 0x00, 0x00, 0x7F, 0xFC, 0x00, 0x00, 0x1F, 0xFF, 
  0x00, 0x00, 0x07, 0xFF, 0xC0, 0x00, 0x03, 0xFF, 0xF0, 0x00, 0x00, 0xFF, 0xFC, 0x00, 0x00, 0x3F, 
  0xFF, 0x00, 0x00, 0x0F, 0xFF, 0xC0, 0x00, 0x03, 0xFF, 0xF0, 0x00, 0x00, 0xFF, 0xFC, 0x00, 0x00, 
  0x3F, 0xFE, 0x00, 0x00, 0x0F, 0xFF, 0x80, 0x00, 0x07, 0xFF, 0xE0, 0x00, 0x01, 0xFF, 0xF0, 0x00, 
  0x00, 0xFF, 0xFC, 0x00, 0x00, 0x3F, 0xFE, 0x00, 0x00, 0x1F, 0xFF, 0x80, 0x00, 0x0F, 0xFF, 0xC0, 
  0x00, 0x0F, 0xFF, 0xE0, 0x00, 0xFF, 0xFF, 0xF0, 0x00, 0x3F, 0xFF, 0xF0, 0x00, 0x0F, 0xFF, 0xF8, 
  0x00, 0x03, 0xFF, 0xF0, 0x00, 0x00, 0xFF, 0xE0, 0x00, 0x00, 0x00, 0xFF, 0xFF, 0xFF, 0xF8, 0x0F, 
  0xFF, 0xFF, 0xE3, 0xFF, 0xFF, 0xFF, 0xE0, 0x3F, 0xFF, 0xFF, 0x8F, 0xFF, 0xFF, 0xFF, 0x80, 0xFF, 
  0xFF, 0xFE, 0x3F, 0xFF, 0xFF, 0xFE, 0x03, 0xFF, 0xFF, 0xF8, 0xFF, 0xFF, 0xFF, 0xF8, 0x0F, 0xFF, 
  0xFF, 0xE0, 0x0F, 0xFF, 0xFC, 0x00, 0x03, 0xFF, 0xF8, 0x00, 0x1F, 0xFF, 0xE0, 0x00, 0x07, 0xFF, 
  0x80, 0x00, 0x3F, 0xFF, 0x00, 0x00, 0x1F, 0xFC, 0x00, 0x00, 0xFF, 0xFC, 0x00, 0x00, 0x7F, 0xC0, 
  0x00, 0x03, 0xFF, 0xF0, 0x00, 0x03, 0xFE, 0x00, 0x00, 0x0F, 0xFF, 0xC0, 0x00, 0x0F, 0xF0, 0x00, 
  0x00, 0x3F, 0xFF, 0x00, 0x00, 0x7F, 0x80, 0x00, 0x00, 0xFF, 0xFC, 0x00, 0x01, 0xFC, 0x00, 0x00, 
  0x03, 0xFF, 0xF0, 0x00, 0x0F, 0xE0, 0x00, 0x00, 0x0F, 0xFF, 0xC0, 0x00, 0x7F, 0x00, 0x00, 0x00, 
  0x3F, 0xFF, 0x00, 0x03, 0xFC, 0x00, 0x00, 0x00, 0xFF, 0xFC, 0x00, 0x1F, 0xE0, 0x00, 0x00, 0x03, 
  0xFF, 0xF0, 0x00, 0xFF, 0x00, 0x00, 0x00, 0x0F, 0xFF, 0xC0, 0x03, 0xF8, 0x00, 0x00, 0x00, 0x3F, 
  0xFF, 0x00, 0x1F, 0xC0, 0x00, 0x00, 0x00, 0xFF, 0xFC, 0x00, 0xFE, 0x00, 0x00, 0x00, 0x03, 0xFF, 
  0xF0, 0x07, 0xF0, 0x00, 0x00, 0x00, 0x0F, 0xFF, 0xC0, 0x3F, 0x80, 0x00, 0x00, 0x00, 0x3F, 0xFF, 
  0x01, 0xFC, 0x00, 0x00, 0x00, 0x00, 0xFF, 0xFC, 0x0F, 0xE0, 0x00, 0x00, 0x00, 0x03, 0xFF, 0xF0, 
  0x7F, 0x80, 0x00, 0x00, 0x00, 0x0F, 0xFF, 0xC3, 0xFF, 0x00, 0x00, 0x00, 0x00, 0x3F, 0xFF, 0x0F, 
  0xFE, 0x00, 0x00, 0x00, 0x00, 0xFF, 0xFC, 0x7F, 0xFC, 0x00, 0x00, 0x00, 0x03, 0xFF, 0xF3, 0xFF, 
  0xF0, 0x00, 0x00, 0x00, 0x0F, 0xFF, 0xDF, 0xFF, 0xE0, 0x00, 0x00, 0x00, 0x3F, 0xFF, 0xFF, 0xFF, 
  0xC0, 0x00, 0x00, 0x00, 0xFF, 0xFF, 0xFF, 0xFF, 0x00, 0x00, 0x00, 0x03, 0xFF, 0xFF, 0xFF, 0xFE, 
  0x00, 0x00, 0x00, 0x0F, 0xFF, 0xFB, 0xFF, 0xFC, 0x00, 0x00, 0x00, 0x3F, 0xFF, 0xC7, 0xFF, 0xF0, 
  0x00, 0x00, 0x00, 0xFF, 0xFE, 0x0F, 0xFF, 0xE0, 0x00, 0x00, 0x03, 0xFF, 0xF0, 0x3F, 0xFF, 0xC0, 
  0x00, 0x00, 0x0F, 0xFF, 0xC0, 0x7F, 0xFF, 0x80, 0x00, 0x00, 0x3F, 0xFF, 0x00, 0xFF, 0xFE, 0x00, 
  0x00, 0x00, 0xFF, 0xFC, 0x03, 0xFF, 0xFC, 0x00, 0x00, 0x03, 0xFF, 0xF0, 0x07, 0xFF, 0xF8, 0x00, 
  0x00, 0x0F, 0xFF, 0xC0, 0x1F, 0xFF, 0xE0, 0x00, 0x00, 0x3F, 0xFF, 0x00, 0x3F, 0xFF, 0xC0, 0x00, 
  0x00, 0xFF, 0xFC, 0x00, 0x7F, 0xFF, 0x80, 0x00, 0x03, 0xFF, 0xF0, 0x01, 0xFF, 0xFE, 0x00, 0x00, 
  0x0F, 0xFF, 0xC0, 0x03, 0xFF, 0xFC, 0x00, 0x00, 0x3F, 0xFF, 0x00, 0x07, 0xFF, 0xF8, 0x00, 0x00, 
  0xFF, 0xFC, 0x00, 0x1F, 0xFF, 0xF0, 0x00, 0x03, 0xFF, 0xF0, 0x00, 0x3F, 0xFF, 0xC0, 0x00, 0x0F, 
  0xFF, 0xC0, 0x00, 0x7F, 0xFF, 0x80, 0x00, 0x3F, 0xFF, 0x00, 0x01, 0xFF, 0xFF, 0x00, 0x00, 0xFF, 
  0xFC, 0x00, 0x03, 0xFF, 0xFC, 0x00, 0x03, 0xFF, 0xF0, 0x00, 0x07, 0xFF, 0xF8, 0x00, 0x0F, 0xFF, 
  0xE0, 0x00, 0x1F, 0xFF, 0xF0, 0x00, 0x7F, 0xFF, 0x80, 0x00, 0x3F, 0xFF, 0xF0, 0xFF, 0xFF, 0xFF, 
  0xF8, 0x00, 0x7F, 0xFF, 0xFF, 0xFF, 0xFF, 0xFF, 0xE0, 0x00, 0xFF, 0xFF, 0xFF, 0xFF, 0xFF, 0xFF, 
  0x80, 0x00, 0xFF, 0xFF, 0xFF, 0xFF, 0xFF, 0xFE, 0x00, 0x01, 0xFF, 0xFF, 0xFF, 0xFF, 0xFF, 0xF8, 
  0x00, 0x00, 0x7F, 0xFC, 0xFF, 0xFF, 0xFF, 0xFC, 0x00, 0x00, 0x1F, 0xFF, 0xFF, 0xFF, 0x80, 0x00, 
  0x03, 0xFF, 0xFF, 0xFF, 0xF0, 0x00, 0x00, 0x7F, 0xFF, 0xFF, 0xFE, 0x00, 0x00, 0x0F, 0xFF, 0xFF, 
  0xFF, 0xC0, 0x00, 0x00, 0x07, 0xFF, 0xFE, 0x00, 0x00, 0x00, 0x00, 0x7F, 0xFF, 0x80, 0x00, 0x00, 
  0x00, 0x07, 0xFF, 0xE0, 0x00, 0x00, 0x00, 0x00, 0xFF, 0xFC, 0x00, 0x00, 0x00, 0x00, 0x1F, 0xFF, 
  0x80, 0x00, 0x00, 0x00, 0x03, 0xFF, 0xF0, 0x00, 0x00, 0x00, 0x00, 0x7F, 0xFE, 0x00, 0x00, 0x00, 
  0x00, 0x0F, 0xFF, 0xC0, 0x00, 0x00, 0x00, 0x01, 0xFF, 0xF8, 0x00, 0x00, 0x00, 0x00, 0x3F, 0xFF, 
  0x00, 0x00, 0x00, 0x00, 0x07, 0xFF, 0xE0, 0x00, 0x00, 0x00, 0x00, 0xFF, 0xFC, 0x00, 0x00, 0x00, 
  0x00, 0x1F, 0xFF, 0x80, 0x00, 0x00, 0x00, 0x03, 0xFF, 0xF0, 0x00, 0x00, 0x00, 0x00, 0x7F, 0xFE, 
  0x00, 0x00, 0x00, 0x00, 0x0F, 0xFF, 0xC0, 0x00, 0x00, 0x00, 0x01, 0xFF, 0xF8, 0x00, 0x00, 0x00, 
  0x00, 0x3F, 0xFF, 0x00, 0x00, 0x00, 0x00, 0x07, 0xFF, 0xE0, 0x00, 0x00, 0x00, 0x00, 0xFF, 0xFC, 
  0x00, 0x00, 0x00, 0x00, 0x1F, 0xFF, 0x80, 0x00, 0x00, 0x00, 0x03, 0xFF, 0xF0, 0x00, 0x00, 0x00, 
  0x00, 0x7F, 0xFE, 0x00, 0x00, 0x00, 0x00, 0x0F, 0xFF, 0xC0, 0x00, 0x00, 0x00, 0x01, 0xFF, 0xF8, 
  0x00, 0x00, 0x00, 0x00, 0x3F, 0xFF, 0x00, 0x00, 0x00, 0x00, 0x07, 0xFF, 0xE0, 0x00, 0x00, 0x00, 
  0x00, 0xFF, 0xFC, 0x00, 0x00, 0x00, 0x00, 0x1F, 0xFF, 0x80, 0x00, 0x00, 0x00, 0x03, 0xFF, 0xF0, 
  0x00, 0x00, 0x00, 0x00, 0x7F, 0xFE, 0x00, 0x00, 0x00, 0x00, 0x0F, 0xFF, 0xC0, 0x00, 0x00, 0x00, 
  0x01, 0xFF, 0xF8, 0x00, 0x00, 0x00, 0x00, 0x3F, 0xFF, 0x00, 0x00, 0x00, 0x00, 0x07, 0xFF, 0xE0, 
  0x00, 0x00, 0x00, 0x00, 0xFF, 0xFC, 0x00, 0x00, 0x00, 0x00, 0x1F, 0xFF, 0x80, 0x00, 0x00, 0x00, 
  0x03, 0xFF, 0xF0, 0x00, 0x00, 0x0F, 0x80, 0x7F, 0xFE, 0x00, 0x00, 0x01, 0xF0, 0x0F, 0xFF, 0xC0, 
  0x00, 0x00, 0x3E, 0x01, 0xFF, 0xF8, 0x00, 0x00, 0x0F, 0xC0, 0x3F, 0xFF, 0x00, 0x00, 0x01, 0xF8, 
  0x07, 0xFF, 0xE0, 0x00, 0x00, 0x3F, 0x00, 0xFF, 0xFC, 0x00, 0x00, 0x07, 0xE0, 0x1F, 0xFF, 0x80, 
  0x00, 0x01, 0xFC, 0x03, 0xFF, 0xF0, 0x00, 0x00, 0x3F, 0x80, 0x7F, 0xFE, 0x00, 0x00, 0x07, 0xF0, 
  0x0F, 0xFF, 0xC0, 0x00, 0x01, 0xFE, 0x01, 0xFF, 0xF8, 0x00, 0x00, 0x3F, 0x80, 0x3F, 0xFF, 0x00, 
  0x00, 0x0F, 0xF0, 0x0F, 0xFF, 0xE0, 0x00, 0x07, 0xFE, 0xFF, 0xFF, 0xFF, 0xFF, 0xFF, 0xFF, 0xDF, 
  0xFF, 0xFF, 0xFF, 0xFF, 0xFF, 0xFB, 0xFF, 0xFF, 0xFF, 0xFF, 0xFF, 0xFF, 0x7F, 0xFF, 0xFF, 0xFF, 
  0xFF, 0xFF, 0xEF, 0xFF, 0xFF, 0xFF, 0xFF, 0xFF, 0xFC, 0xFF, 0xFF, 0xFF, 0x80, 0x00, 0x00, 0x0F, 
  0xFF, 0xFF, 0xFF, 0xFF, 0xFF, 0xFC, 0x00, 0x00, 0x00, 0x7F, 0xFF, 0xFF, 0xFF, 0xFF, 0xFF, 0xF0, 
  0x00, 0x00, 0x03, 0xFF, 0xFF, 0xFF, 0xFF, 0xFF, 0xFF, 0x80, 0x00, 0x00, 0x3F, 0xFF, 0xFF, 0xFF, 
  0xFF, 0xFF, 0xFC, 0x00, 0x00, 0x01, 0xFF, 0xFF, 0xFF, 0x81, 0xFF, 0xFF, 0xF0, 0x00, 0x00, 0x0F, 
  0xFF, 0xFF, 0x00, 0x07, 0xFF, 0xFF, 0x80, 0x00, 0x00, 0xFF, 0xFF, 0xF0, 0x00, 0x1F, 0xFF, 0xFC, 
  0x00, 0x00, 0x07, 0xFF, 0xFF, 0x00, 0x00, 0xFF, 0xFF, 0xF0, 0x00, 0x00, 0x3F, 0xFF, 0xF8, 0x00, 
  0x07, 0xFF, 0xFF, 0x80, 0x00, 0x03, 0xF7, 0xFF, 0xC0, 0x00, 0x3F, 0xFF, 0xFC, 0x00, 0x00, 0x1F, 
  0xBF, 0xFE, 0x00, 0x01, 0xFD, 0xFF, 0xF0, 0x00, 0x00, 0xFD, 0xFF, 0xF0, 0x00, 0x0F, 0xEF, 0xFF, 
  0x80, 0x00, 0x0F, 0xCF, 0xFF, 0x80, 0x00, 0x7F, 0x7F, 0xFC, 0x00, 0x00, 0x7E, 0x7F, 0xFC, 0x00, 
  0x03, 0xF9, 0xFF, 0xF0, 0x00, 0x03, 0xF3, 0xFF, 0xE0, 0x00, 0x1F, 0xCF, 0xFF, 0x80, 0x00, 0x3F, 
  0x1F, 0xFF, 0x00, 0x00, 0xFE, 0x7F, 0xFC, 0x00, 0x01, 0xF8, 0xFF, 0xF8, 0x00, 0x07, 0xF1, 0xFF, 
  0xF0, 0x00, 0x0F, 0xC7, 0xFF, 0xC0, 0x00, 0x3F, 0x8F, 0xFF, 0x80, 0x00, 0xFC, 0x3F, 0xFE, 0x00, 
  0x01, 0xFC, 0x7F, 0xFE, 0x00, 0x07, 0xE1, 0xFF, 0xF0, 0x00, 0x0F, 0xE1, 0xFF, 0xF0, 0x00, 0x3F, 
  0x0F, 0xFF, 0x80, 0x00, 0x7F, 0x0F, 0xFF, 0x80, 0x03, 0xF0, 0x7F, 0xFC, 0x00, 0x03, 0xF8, 0x7F, 
  0xFE, 0x00, 0x1F, 0x83, 0xFF, 0xE0, 0x00, 0x1F, 0xC1, 0xFF, 0xF0, 0x00, 0xFC, 0x1F, 0xFF, 0x00, 
  0x00, 0xFE, 0x0F, 0xFF, 0x80, 0x0F, 0xC0, 0xFF, 0xF8, 0x00, 0x07, 0xF0, 0x7F, 0xFE, 0x00, 0x7E, 
  0x07, 0xFF, 0xC0, 0x00, 0x3F, 0x81, 0xFF, 0xF0, 0x03, 0xF0, 0x3F, 0xFE, 0x00, 0x01, 0xFC, 0x0F, 
  0xFF, 0x80, 0x1F, 0x01, 0xFF, 0xF0, 0x00, 0x0F, 0xE0, 0x7F, 0xFE, 0x01, 0xF8, 0x0F, 0xFF, 0x80, 
  0x00, 0x7F, 0x01, 0xFF, 0xF0, 0x0F, 0xC0, 0x7F, 0xFC, 0x00, 0x03, 0xF8, 0x0F, 0xFF, 0x80, 0x7C, 
  0x03, 0xFF, 0xE0, 0x00, 0x1F, 0xC0, 0x7F, 0xFE, 0x07, 0xE0, 0x1F, 0xFF, 0x00, 0x00, 0xFE, 0x01, 
  0xFF, 0xF0, 0x3F, 0x00, 0xFF, 0xF8, 0x00, 0x07, 0xF0, 0x0F, 0xFF, 0x81, 0xF0, 0x07, 0xFF, 0xC0, 
  0x00, 0x3F, 0x80, 0x3F, 0xFE, 0x1F, 0x80, 0x3F, 0xFE, 0x00, 0x01, 0xFC, 0x01, 0xFF, 0xF0, 0xFC, 
  0x01, 0xFF, 0xF0, 0x00, 0x0F, 0xE0, 0x0F, 0xFF, 0x87, 0xC0, 0x0F, 0xFF, 0x80, 0x00, 0x7F, 0x00, 
  0x3F, 0xFE, 0x7E, 0x00, 0x7F, 0xFC, 0x00, 0x03, 0xF8, 0x01, 0xFF, 0xF3, 0xF0, 0x03, 0xFF, 0xE0, 
  0x00, 0x1F, 0xC0, 0x0F, 0xFF, 0x9F, 0x00, 0x1F, 0xFF, 0x00, 0x00, 0xFE, 0x00, 0x3F, 0xFF, 0xF8, 
  0x00, 0xFF, 0xF8, 0x00, 0x07, 0xF0, 0x01, 0xFF, 0xFF, 0xC0, 0x07, 0xFF, 0xC0, 0x00, 0x3F, 0x80, 
  0x0F, 0xFF, 0xFC, 0x00, 0x3F, 0xFE, 0x00, 0x01, 0xFC, 0x00, 0x3F, 0xFF, 0xE0, 0x01, 0xFF, 0xF0, 
  0x00, 0x0F, 0xE0, 0x01, 0xFF, 0xFF, 0x00, 0x0F, 0xFF, 0x80, 0x00, 0x7F, 0x00, 0x0F, 0xFF, 0xF8, 
  0x00, 0x7F, 0xFC, 0x00, 0x03, 0xF8, 0x00, 0x3F, 0xFF, 0x80, 0x03, 0xFF, 0xE0, 0x00, 0x1F, 0xC0, 
  0x01, 0xFF, 0xFC, 0x00, 0x1F, 0xFF, 0x00, 0x00, 0xFE, 0x00, 0x0F, 0xFF, 0xE0, 0x00, 0xFF, 0xF8, 
  0x00, 0x07, 0xF0, 0x00, 0x3F, 0xFE, 0x00, 0x07, 0xFF, 0xC0, 0x00, 0x3F, 0x80, 0x01, 0xFF, 0xF0, 
  0x00, 0x3F, 0xFE, 0x00, 0x01, 0xFC, 0x00, 0x0F, 0xFF, 0x80, 0x01, 0xFF, 0xF0, 0x00, 0x0F, 0xE0, 
  0x00, 0x3F, 0xF8, 0x00, 0x1F, 0xFF, 0x80, 0x00, 0x7F, 0x00, 0x01, 0xFF, 0xC0, 0x00, 0xFF, 0xFC, 
  0x00, 0x03, 0xF8, 0x00, 0x0F, 0xFE, 0x00, 0x07, 0xFF, 0xE0, 0x00, 0x3F, 0xE0, 0x00, 0x3F, 0xE0, 
  0x00, 0x7F, 0xFF, 0x80, 0xFF, 0xFF, 0xFC, 0x01, 0xFF, 0x00, 0x7F, 0xFF, 0xFF, 0xFF, 0xFF, 0xFF, 
  0xE0, 0x0F, 0xF8, 0x03, 0xFF, 0xFF, 0xFF, 0xFF, 0xFF, 0xFF, 0x00, 0x3F, 0x80, 0x1F, 0xFF, 0xFF, 
  0xFF, 0xFF, 0xFF, 0xF8, 0x01, 0xFC, 0x00, 0xFF, 0xFF, 0xFF, 0xFF, 0xFF, 0xFF, 0xC0, 0x0F, 0xE0, 
  0x07, 0xFF, 0xFF, 0xFF, 0x80, 0xFF, 0xFF, 0xE0, 0x00, 0x00, 0x7F, 0xFF, 0xFF, 0xFF, 0xFF, 0xF0, 
  0x00, 0x00, 0x7F, 0xFF, 0xFF, 0xFF, 0xFF, 0xF8, 0x00, 0x00, 0x7F, 0xFF, 0xFF, 0xFF, 0xFF, 0xFC, 
  0x00, 0x00, 0x7F, 0xFF, 0xFF, 0xFF, 0xFF, 0xFC, 0x00, 0x00, 0x7F, 0xFF, 0xFF, 0x03, 0xFF, 0xFE, 
  0x00, 0x00, 0x01, 0xFF, 0xC0, 0x01, 0xFF, 0xFF, 0x00, 0x00, 0x00, 0xFF, 0x80, 0x00, 0xFF, 0xFF, 
  0x00, 0x00, 0x00, 0x7F, 0x00, 0x00, 0xFF, 0xFF, 0x80, 0x00, 0x00, 0x7F, 0x00, 0x00, 0xFF, 0xFF, 
  0xC0, 0x00, 0x00, 0x7F, 0x00, 0x00, 0xFF, 0xFF, 0xC0, 0x00, 0x00, 0x7F, 0x00, 0x00, 0xFF, 0xFF, 
  0xE0, 0x00, 0x00, 0x7F, 0x00, 0x00, 0xFF, 0xFF, 0xF0, 0x00, 0x00, 0x7F, 0x00, 0x00, 0xFF, 0xFF, 
  0xF8, 0x00, 0x00, 0x7F, 0x00, 0x00, 0xFF, 0xFF, 0xF8, 0x00, 0x00, 0x7F, 0x00, 0x00, 0xFE, 0xFF, 
  0xFC, 0x00, 0x00, 0x7F, 0x00, 0x00, 0xFE, 0xFF, 0xFE, 0x00, 0x00, 0x7F, 0x00, 0x00, 0xFE, 0x7F, 
  0xFE, 0x00, 0x00, 0x7F, 0x00, 0x00, 0xFE, 0x3F, 0xFF, 0x00, 0x00, 0x7F, 0x00, 0x00, 0xFE, 0x3F, 
  0xFF, 0x80, 0x00, 0x7F, 0x00, 0x00, 0xFE, 0x1F, 0xFF, 0xC0, 0x00, 0x7F, 0x00, 0x00, 0xFE, 0x0F, 
  0xFF, 0xC0, 0x00, 0x7F, 0x00, 0x00, 0xFE, 0x07, 0xFF, 0xE0, 0x00, 0x7F, 0x00, 0x00, 0xFE, 0x07, 
  0xFF, 0xF0, 0x00, 0x7F, 0x00, 0x00, 0xFE, 0x03, 0xFF, 0xF0, 0x00, 0x7F, 0x00, 0x00, 0xFE, 0x01, 
  0xFF, 0xF8, 0x00, 0x7F, 0x00, 0x00, 0xFE, 0x01, 0xFF, 0xFC, 0x00, 0x7F, 0x00, 0x00, 0xFE, 0x00, 
  0xFF, 0xFE, 0x00, 0x7F, 0x00, 0x00, 0xFE, 0x00, 0x7F, 0xFE, 0x00, 0x7F, 0x00, 0x00, 0xFE, 0x00, 
  0x3F, 0xFF, 0x00, 0x7F, 0x00, 0x00, 0xFE, 0x00, 0x3F, 0xFF, 0x80, 0x7F, 0x00, 0x00, 0xFE, 0x00, 
  0x1F, 0xFF, 0x80, 0x7F, 0x00, 0x00, 0xFE, 0x00, 0x0F, 0xFF, 0xC0, 0x7F, 0x00, 0x00, 0xFE, 0x00, 
  0x0F, 0xFF, 0xE0, 0x7F, 0x00, 0x00, 0xFE, 0x00, 0x07, 0xFF, 0xF0, 0x7F, 0x00, 0x00, 0xFE, 0x00, 
  0x03, 0xFF, 0xF0, 0x7F, 0x00, 0x00, 0xFE, 0x00, 0x03, 0xFF, 0xF8, 0x7F, 0x00, 0x00, 0xFE, 0x00, 
  0x01, 0xFF, 0xFC, 0x7F, 0x00, 0x00, 0xFE, 0x00, 0x00, 0xFF, 0xFC, 0x7F, 0x00, 0x00, 0xFE, 0x00, 
  0x00, 0x7F, 0xFE, 0x7F, 0x00, 0x00, 0xFE, 0x00, 0x00, 0x7F, 0xFF, 0x7F, 0x00, 0x00, 0xFE, 0x00, 
  0x00, 0x3F, 0xFF, 0x7F, 0x00, 0x00, 0xFE, 0x00, 0x00, 0x1F, 0xFF, 0xFF, 0x00, 0x00, 0xFE, 0x00, 
  0x00, 0x1F, 0xFF, 0xFF, 0x00, 0x00, 0xFE, 0x00, 0x00, 0x0F, 0xFF, 0xFF, 0x00, 0x00, 0xFE, 0x00, 
  0x00, 0x07, 0xFF, 0xFF, 0x00, 0x00, 0xFE, 0x00, 0x00, 0x03, 0xFF, 0xFF, 0x00, 0x00, 0xFE, 0x00, 
  0x00, 0x03, 0xFF, 0xFF, 0x00, 0x00, 0xFE, 0x00, 0x00, 0x01, 0xFF, 0xFF, 0x00, 0x00, 0xFE, 0x00, 
  0x00, 0x00, 0xFF, 0xFF, 0x00, 0x00, 0xFE, 0x00, 0x00, 0x00, 0xFF, 0xFF, 0x00, 0x00, 0xFE, 0x00, 
  0x00, 0x00, 0x7F, 0xFF, 0x00, 0x00, 0xFE, 0x00, 0x00, 0x00, 0x3F, 0xFF, 0x00, 0x00, 0xFE, 0x00, 
  0x00, 0x00, 0x1F, 0xFF, 0x00, 0x00, 0xFE, 0x00, 0x00, 0x00, 0x1F, 0xFF, 0x00, 0x01, 0xFF, 0x00, 
  0x00, 0x00, 0x0F, 0xFF, 0x00, 0xFF, 0xFF, 0xFE, 0x00, 0x00, 0x07, 0xFF, 0x00, 0xFF, 0xFF, 0xFE, 
  0x00, 0x00, 0x07, 0xFF, 0x00, 0xFF, 0xFF, 0xFE, 0x00, 0x00, 0x03, 0xFF, 0x00, 0xFF, 0xFF, 0xFE, 
  0x00, 0x00, 0x01, 0xFF, 0x00, 0xFF, 0xFF, 0xFE, 0x00, 0x00, 0x01, 0xFF, 0x00, 0x00, 0x00, 0x00, 
  0x7E, 0x00, 0x00, 0x00, 0x00, 0x00, 0x0F, 0xFF, 0xFE, 0x00, 0x00, 0x00, 0x00, 0x3F, 0xFF, 0xFF, 
  0xE0, 0x00, 0x00, 0x00, 0x7F, 0xFF, 0xFF, 0xFC, 0x00, 0x00, 0x00, 0xFF, 0xFF, 0xFF, 0xFF, 0x80, 
  0x00, 0x00, 0xFF, 0xFF, 0xFF, 0xFF, 0xE0, 0x00, 0x01, 0xFF, 0xFC, 0x01, 0xFF, 0xF8, 0x00, 0x01, 
  0xFF, 0xF8, 0x00, 0x3F, 0xFE, 0x00, 0x01, 0xFF, 0xF8, 0x00, 0x0F, 0xFF, 0x80, 0x01, 0xFF, 0xF0, 
  0x00, 0x03, 0xFF, 0xE0, 0x00, 0xFF, 0xF8, 0x00, 0x00, 0xFF, 0xF8, 0x00, 0xFF, 0xF8, 0x00, 0x00, 
  0x3F, 0xFE, 0x00, 0xFF, 0xF8, 0x00, 0x00, 0x0F, 0xFF, 0x00, 0x7F, 0xFC, 0x00, 0x00, 0x07, 0xFF, 
  0xC0, 0x7F, 0xFC, 0x00, 0x00, 0x03, 0xFF, 0xF0, 0x3F, 0xFE, 0x00, 0x00, 0x00, 0xFF, 0xF8, 0x3F, 
  0xFF, 0x00, 0x00, 0x00, 0x7F, 0xFC, 0x1F, 0xFF, 0x80, 0x00, 0x00, 0x3F, 0xFF, 0x1F, 0xFF, 0x80, 
  0x00, 0x00, 0x0F, 0xFF, 0x8F, 0xFF, 0xC0, 0x00, 0x00, 0x07, 0xFF, 0xE7, 0xFF, 0xE0, 0x00, 0x00, 
  0x03, 0xFF, 0xF3, 0xFF, 0xF0, 0x00, 0x00, 0x01, 0xFF, 0xFB, 0xFF, 0xF8, 0x00, 0x00, 0x00, 0xFF, 
  0xFD, 0xFF, 0xF8, 0x00, 0x00, 0x00, 0x7F, 0xFF, 0xFF, 0xFC, 0x00, 0x00, 0x00, 0x1F, 0xFF, 0xFF, 
  0xFE, 0x00, 0x00, 0x00, 0x0F, 0xFF, 0xFF, 0xFF, 0x00, 0x00, 0x00, 0x07, 0xFF, 0xFF, 0xFF, 0x80, 
  0x00, 0x00, 0x03, 0xFF, 0xFF, 0xFF, 0xC0, 0x00, 0x00, 0x01, 0xFF, 0xFF, 0xFF, 0xE0, 0x00, 0x00, 
  0x00, 0xFF, 0xFF, 0xFF, 0xF0, 0x00, 0x00, 0x00, 0x7F, 0xFF, 0xFF, 0xF8, 0x00, 0x00, 0x00, 0x3F, 
  0xFF, 0xFF, 0xFC, 0x00, 0x00, 0x00, 0x1F, 0xFF, 0xFF, 0xFE, 0x00, 0x00, 0x00, 0x0F, 0xFF, 0xFF, 
  0xFF, 0x00, 0x00, 0x00, 0x07, 0xFF, 0xFF, 0xFF, 0x80, 0x00, 0x00, 0x03, 0xFF, 0xFF, 0xFF, 0xC0, 
  0x00, 0x00, 0x01, 0xFF, 0xFF, 0xFF, 0xE0, 0x00, 0x00, 0x00, 0xFF, 0xFF, 0xFF, 0xF0, 0x00, 0x00, 
  0x00, 0x7F, 0xFF, 0xFF, 0xF8, 0x00, 0x00, 0x00, 0x7F, 0xFF, 0xFF, 0xFC, 0x00, 0x00, 0x00, 0x3F, 
  0xFF, 0x3F, 0xFF, 0x00, 0x00, 0x00, 0x1F, 0xFF, 0x9F, 0xFF, 0x80, 0x00, 0x00, 0x0F, 0xFF, 0xCF, 
  0xFF, 0xC0, 0x00, 0x00, 0x07, 0xFF, 0xE7, 0xFF, 0xE0, 0x00, 0x00, 0x03, 0xFF, 0xE1, 0xFF, 0xF0, 
  0x00, 0x00, 0x03, 0xFF, 0xF0, 0xFF, 0xFC, 0x00, 0x00, 0x01, 0xFF, 0xF8, 0x3F, 0xFE, 0x00, 0x00, 
  0x00, 0xFF, 0xF8, 0x1F, 0xFF, 0x00, 0x00, 0x00, 0x7F, 0xFC, 0x07, 0xFF, 0xC0, 0x00, 0x00, 0x7F, 
  0xFC, 0x03, 0xFF, 0xE0, 0x00, 0x00, 0x3F, 0xFE, 0x00, 0xFF, 0xF8, 0x00, 0x00, 0x3F, 0xFE, 0x00, 
  0x7F, 0xFE, 0x00, 0x00, 0x3F, 0xFE, 0x00, 0x1F, 0xFF, 0x00, 0x00, 0x1F, 0xFE, 0x00, 0x07, 0xFF, 
  0xC0, 0x00, 0x1F, 0xFF, 0x00, 0x01, 0xFF, 0xF8, 0x00, 0x3F, 0xFF, 0x00, 0x00, 0x7F, 0xFF, 0x00, 
  0x7F, 0xFE, 0x00, 0x00, 0x1F, 0xFF, 0xFF, 0xFF, 0xFE, 0x00, 0x00, 0x03, 0xFF, 0xFF, 0xFF, 0xFE, 
  0x00, 0x00, 0x00, 0xFF, 0xFF, 0xFF, 0xFC, 0x00, 0x00, 0x00, 0x1F, 0xFF, 0xFF, 0xF8, 0x00, 0x00, 
  0x00, 0x01, 0xFF, 0xFF, 0xE0, 0x00, 0x00, 0x00, 0x00, 0x07, 0xFF, 0x00, 0x00, 0x00, 0xFF, 0xFF, 
  0xFF, 0xFF, 0x00, 0x00, 0x1F, 0xFF, 0xFF, 0xFF, 0xFF, 0x80, 0x03, 0xFF, 0xFF, 0xFF, 0xFF, 0xFE, 
  0x00, 0x7F, 0xFF, 0xFF, 0xFF, 0xFF, 0xF0, 0x0F, 0xFF, 0xFF, 0xFF, 0xFF, 0xFF, 0x00, 0x07, 0xFF, 
  0xF8, 0x1F, 0xFF, 0xF8, 0x00, 0x7F, 0xFF, 0x00, 0x7F, 0xFF, 0x80, 0x07, 0xFF, 0xE0, 0x03, 0xFF, 
  0xF0, 0x00, 0xFF, 0xFC, 0x00, 0x3F, 0xFF, 0x00, 0x1F, 0xFF, 0x80, 0x03, 0xFF, 0xF0, 0x03, 0xFF, 
  0xF0, 0x00, 0x7F, 0xFE, 0x00, 0x7F, 0xFE, 0x00, 0x07, 0xFF, 0xE0, 0x0F, 0xFF, 0xC0, 0x00, 0xFF, 
  0xFC, 0x01, 0xFF, 0xF8, 0x00, 0x1F, 0xFF, 0x80, 0x3F, 0xFF, 0x00, 0x03, 0xFF, 0xF0, 0x07, 0xFF, 
  0xE0, 0x00, 0x7F, 0xFF, 0x00, 0xFF, 0xFC, 0x00, 0x07, 0xFF, 0xE0, 0x1F, 0xFF, 0x80, 0x00, 0xFF, 
  0xFC, 0x03, 0xFF, 0xF0, 0x00, 0x1F, 0xFF, 0x80, 0x7F, 0xFE, 0x00, 0x03, 0xFF, 0xF0, 0x0F, 0xFF, 
  0xC0, 0x00, 0x7F, 0xFE, 0x01, 0xFF, 0xF8, 0x00, 0x1F, 0xFF, 0x80, 0x3F, 0xFF, 0x00, 0x03, 0xFF, 
  0xF0, 0x07, 0xFF, 0xE0, 0x00, 0x7F, 0xFE, 0x00, 0xFF, 0xFC, 0x00, 0x0F, 0xFF, 0xC0, 0x1F, 0xFF, 
  0x80, 0x01, 0xFF, 0xF0, 0x03, 0xFF, 0xF0, 0x00, 0x7F, 0xFE, 0x00, 0x7F, 0xFE, 0x00, 0x0F, 0xFF, 
  0xC0, 0x0F, 0xFF, 0xC0, 0x03, 0xFF, 0xF0, 0x01, 0xFF, 0xF8, 0x00, 0x7F, 0xFC, 0x00, 0x3F, 0xFF, 
  0x00, 0x1F, 0xFF, 0x80, 0x07, 0xFF, 0xE0, 0x0F, 0xFF, 0xE0, 0x00, 0xFF, 0xFC, 0x0F, 0xFF, 0xF0, 
  0x00, 0x1F, 0xFF, 0xFF, 0xFF, 0xFC, 0x00, 0x03, 0xFF, 0xFF, 0xFF, 0xFF, 0x00, 0x00, 0x7F, 0xFF, 
  0xFF, 0xFF, 0x00, 0x00, 0x0F, 0xFF, 0xFF, 0xFF, 0x00, 0x00, 0x01, 0xFF, 0xFF, 0xFC, 0x00, 0x00, 
  0x00, 0x3F, 0xFF, 0x00, 0x00, 0x00, 0x00, 0x07, 0xFF, 0xE0, 0x00, 0x00, 0x00, 0x00, 0xFF, 0xFC, 
  0x00, 0x00, 0x00, 0x00, 0x1F, 0xFF, 0x80, 0x00, 0x00, 0x00, 0x03, 0xFF, 0xF0, 0x00, 0x00, 0x00, 
  0x00, 0x7F, 0xFE, 0x00, 0x00, 0x00, 0x00, 0x0F, 0xFF, 0xC0, 0x00, 0x00, 0x00, 0x01, 0xFF, 0xF8, 
  0x00, 0x00, 0x00, 0x00, 0x3F, 0xFF, 0x00, 0x00, 0x00, 0x00, 0x07, 0xFF, 0xE0, 0x00, 0x00, 0x00, 
  0x00, 0xFF, 0xFC, 0x00, 0x00, 0x00, 0x00, 0x1F, 0xFF, 0x80, 0x00, 0x00, 0x00, 0x03, 0xFF, 0xF0, 
  0x00, 0x00, 0x00, 0x00, 0x7F, 0xFE, 0x00, 0x00, 0x00, 0x00, 0x0F, 0xFF, 0xC0, 0x00, 0x00, 0x00, 
  0x01, 0xFF, 0xF8, 0x00, 0x00, 0x00, 0x00, 0x3F, 0xFF, 0x00, 0x00, 0x00, 0x00, 0x0F, 0xFF, 0xF0, 
  0x00, 0x00, 0x00, 0xFF, 0xFF, 0xFF, 0xFE, 0x00, 0x00, 0x1F, 0xFF, 0xFF, 0xFF, 0xC0, 0x00, 0x03, 
  0xFF, 0xFF, 0xFF, 0xF8, 0x00, 0x00, 0x7F, 0xFF, 0xFF, 0xFF, 0x00, 0x00, 0x0F, 0xFF, 0xFF, 0xFF, 
  0xE0, 0x00, 0x00, 0x00, 0x00, 0x00, 0x7E, 0x00, 0x00, 0x00, 0x00, 0x00, 0x0F, 0xFF, 0xFE, 0x00, 
  0x00, 0x00, 0x00, 0x3F, 0xFF, 0xFF, 0xE0, 0x00, 0x00, 0x00, 0x7F, 0xFF, 0xFF, 0xFC, 0x00, 0x00, 
  0x00, 0xFF, 0xFF, 0xFF, 0xFF, 0x80, 0x00, 0x00, 0xFF, 0xFF, 0xFF, 0xFF, 0xE0, 0x00, 0x01, 0xFF, 
  0xFC, 0x01, 0xFF, 0xF8, 0x00, 0x01, 0xFF, 0xF8, 0x00, 0x3F, 0xFE, 0x00, 0x01, 0xFF, 0xF8, 0x00, 
  0x0F, 0xFF, 0x80, 0x01, 0xFF, 0xF0, 0x00, 0x01, 0xFF, 0xE0, 0x00, 0xFF, 0xF8, 0x00, 0x00, 0xFF, 
  0xF8, 0x00, 0xFF, 0xF8, 0x00, 0x00, 0x3F, 0xFE, 0x00, 0xFF, 0xF8, 0x00, 0x00, 0x0F, 0xFF, 0x00, 
  0x7F, 0xFC, 0x00, 0x00, 0x07, 0xFF, 0xC0, 0x7F, 0xFC, 0x00, 0x00, 0x03, 0xFF, 0xF0, 0x3F, 0xFE, 
  0x00, 0x00, 0x00, 0xFF, 0xF8, 0x3F, 0xFF, 0x00, 0x00, 0x00, 0x7F, 0xFC, 0x1F, 0xFF, 0x00, 0x00, 
  0x00, 0x3F, 0xFF, 0x1F, 0xFF, 0x80, 0x00, 0x00, 0x0F, 0xFF, 0x8F, 0xFF, 0xC0, 0x00, 0x00, 0x07, 
  0xFF, 0xE7, 0xFF, 0xE0, 0x00, 0x00, 0x03, 0xFF, 0xF3, 0xFF, 0xF0, 0x00, 0x00, 0x01, 0xFF, 0xFB, 
  0xFF, 0xF8, 0x00, 0x00, 0x00, 0xFF, 0xFD, 0xFF, 0xF8, 0x00, 0x00, 0x00, 0x7F, 0xFF, 0xFF, 0xFC, 
  0x00, 0x00, 0x00, 0x1F, 0xFF, 0xFF, 0xFE, 0x00, 0x00, 0x00, 0x0F, 0xFF, 0xFF, 0xFF, 0x00, 0x00, 
  0x00, 0x07, 0xFF, 0xFF, 0xFF, 0x80, 0x00, 0x00, 0x03, 0xFF, 0xFF, 0xFF, 0xC0, 0x00, 0x00, 0x01, 
  0xFF, 0xFF, 0xFF, 0xE0, 0x00, 0x00, 0x00, 0xFF, 0xFF, 0xFF, 0xF0, 0x00, 0x00, 0x00, 0x7F, 0xFF, 
  0xFF, 0xF8, 0x00, 0x00, 0x00, 0x3F, 0xFF, 0xFF, 0xFC, 0x00, 0x00, 0x00, 0x1F, 0xFF, 0xFF, 0xFE, 
  0x00, 0x00, 0x00, 0x0F, 0xFF, 0xFF, 0xFF, 0x00, 0x00, 0x00, 0x07, 0xFF, 0xFF, 0xFF, 0x80, 0x00, 
  0x00, 0x03, 0xFF, 0xFF, 0xFF, 0xC0, 0x00, 0x00, 0x01, 0xFF, 0xFF, 0xFF, 0xE0, 0x00, 0x00, 0x00, 
  0xFF, 0xFF, 0xFF, 0xF0, 0x00, 0x00, 0x00, 0x7F, 0xFF, 0xFF, 0xF8, 0x00, 0x00, 0x00, 0x7F, 0xFF, 
  0xFF, 0xFC, 0x00, 0x00, 0x00, 0x3F, 0xFF, 0x3F, 0xFF, 0x00, 0x00, 0x00, 0x1F, 0xFF, 0x9F, 0xFF, 
  0x80, 0x00, 0x00, 0x0F, 0xFF, 0xCF, 0xFF, 0xC0, 0x00, 0x00, 0x07, 0xFF, 0xE7, 0xFF, 0xE0, 0x00, 
  0x00, 0x03, 0xFF, 0xE1, 0xFF, 0xF0, 0x00, 0x00, 0x03, 0xFF, 0xF0, 0xFF, 0xFC, 0x00, 0x00, 0x01, 
  0xFF, 0xF8, 0x3F, 0xFE, 0x00, 0x00, 0x00, 0xFF, 0xF8, 0x1F, 0xFF, 0x00, 0x00, 0x00, 0xFF, 0xFC, 
  0x07, 0xFF, 0xC0, 0x00, 0x00, 0x7F, 0xFC, 0x03, 0xFF, 0xE0, 0x00, 0x00, 0x3F, 0xFE, 0x00, 0xFF, 
  0xF8, 0x00, 0x00, 0x3F, 0xFE, 0x00, 0x7F, 0xFC, 0x00, 0x00, 0x1F, 0xFE, 0x00, 0x1F, 0xFF, 0x00, 
  0x00, 0x1F, 0xFE, 0x00, 0x07, 0xFF, 0xC0, 0x00, 0x1F, 0xFF, 0x00, 0x01, 0xFF, 0xF8, 0x00, 0x3F, 
  0xFF, 0x00, 0x00, 0x7F, 0xFF, 0x00, 0x7F, 0xFF, 0x00, 0x00, 0x1F, 0xFF, 0xFF, 0xFF, 0xFE, 0x00, 
  0x00, 0x03, 0xFF, 0xFF, 0xFF, 0xFE, 0x00, 0x00, 0x00, 0xFF, 0xFF, 0xFF, 0xFC, 0x00, 0x00, 0x00, 
  0x0F, 0xFF, 0xFF, 0xF8, 0x00, 0x00, 0x00, 0x01, 0xFF, 0xFF, 0xE0, 0x00, 0x00, 0x00, 0x00, 0x0F, 
  0xFF, 0xE0, 0x00, 0x00, 0x00, 0x00, 0x07, 0xFF, 0xF0, 0x00, 0x00, 0x00, 0x00, 0x01, 0xFF, 0xF8, 
  0x00, 0x00, 0x00, 0x00, 0x00, 0xFF, 0xFC, 0x00, 0x00, 0x00, 0x00, 0x00, 0x7F, 0xFE, 0x00, 0x00, 
  0x00, 0x00, 0x00, 0x3F, 0xFF, 0x00, 0x00, 0x00, 0x00, 0x00, 0x1F, 0xFF, 0xC0, 0x00, 0x00, 0x00, 
  0x00, 0x07, 0xFF, 0xE0, 0x00, 0x00, 0x00, 0x00, 0x03, 0xFF, 0xF0, 0x00, 0x00, 0x00, 0x00, 0x00, 
  0xFF, 0xFC, 0x00, 0x00, 0x00, 0x00, 0x00, 0x7F, 0xFF, 0x00, 0x00, 0x00, 0x00, 0x00, 0x1F, 0xFF, 
  0x80, 0x00, 0x00, 0x00, 0x00, 0x07, 0xFF, 0xE0, 0x00, 0x00, 0x00, 0x00, 0x03, 0xFF, 0xFC, 0x00, 
  0x00, 0x00, 0x00, 0x00, 0xFF, 0xFF, 0x80, 0x00, 0x00, 0x00, 0x00, 0x1F, 0xFF, 0xFE, 0x00, 0x00, 
  0x00, 0x00, 0x07, 0xFF, 0xFF, 0x00, 0x00, 0x00, 0x00, 0x00, 0xFF, 0xFF, 0x80, 0x00, 0x00, 0x00, 
  0x00, 0x1F, 0xFF, 0xC0, 0x00, 0x00, 0x00, 0x00, 0x00, 0xFF, 0xE0, 0x00, 0xFF, 0xFF, 0xFF, 0xFE, 
  0x00, 0x00, 0x00, 0x1F, 0xFF, 0xFF, 0xFF, 0xFF, 0xC0, 0x00, 0x03, 0xFF, 0xFF, 0xFF, 0xFF, 0xFF, 
  0x00, 0x00, 0x7F, 0xFF, 0xFF, 0xFF, 0xFF, 0xFC, 0x00, 0x0F, 0xFF, 0xFF, 0xFF, 0xFF, 0xFF, 0xC0, 
  0x00, 0x07, 0xFF, 0xF8, 0x1F, 0xFF, 0xFC, 0x00, 0x00, 0x7F, 0xFF, 0x00, 0x1F, 0xFF, 0xC0, 0x00, 
  0x07, 0xFF, 0xE0, 0x01, 0xFF, 0xFC, 0x00, 0x00, 0xFF, 0xFC, 0x00, 0x1F, 0xFF, 0xC0, 0x00, 0x1F, 
  0xFF, 0x80, 0x01, 0xFF, 0xF8, 0x00, 0x03, 0xFF, 0xF0, 0x00, 0x3F, 0xFF, 0x80, 0x00, 0x7F, 0xFE, 
  0x00, 0x03, 0xFF, 0xF0, 0x00, 0x0F, 0xFF, 0xC0, 0x00, 0x7F, 0xFE, 0x00, 0x01, 0xFF, 0xF8, 0x00, 
  0x0F, 0xFF, 0xE0, 0x00, 0x3F, 0xFF, 0x00, 0x01, 0xFF, 0xFC, 0x00, 0x07, 0xFF, 0xE0, 0x00, 0x3F, 
  0xFF, 0x80, 0x00, 0xFF, 0xFC, 0x00, 0x07, 0xFF, 0xF0, 0x00, 0x1F, 0xFF, 0x80, 0x00, 0xFF, 0xFE, 
  0x00, 0x03, 0xFF, 0xF0, 0x00, 0x1F, 0xFF, 0xC0, 0x00, 0x7F, 0xFE, 0x00, 0x03, 0xFF, 0xF8, 0x00, 
  0x0F, 0xFF, 0xC0, 0x00, 0x7F, 0xFE, 0x00, 0x01, 0xFF, 0xF8, 0x00, 0x0F, 0xFF, 0xC0, 0x00, 0x3F, 
  0xFF, 0x00, 0x01, 0xFF, 0xF8, 0x00, 0x07, 0xFF, 0xE0, 0x00, 0x3F, 0xFF, 0x00, 0x00, 0xFF, 0xFC, 
  0x00, 0x0F, 0xFF, 0xC0, 0x00, 0x1F, 0xFF, 0x80, 0x01, 0xFF, 0xF0, 0x00, 0x03, 0xFF, 0xF0, 0x00, 
  0x7F, 0xFE, 0x00, 0x00, 0x7F, 0xFE, 0x00, 0x1F, 0xFF, 0x80, 0x00, 0x0F, 0xFF, 0xC0, 0x07, 0xFF, 
  0xE0, 0x00, 0x01, 0xFF, 0xF8, 0x0F, 0xFF, 0xF0, 0x00, 0x00, 0x3F, 0xFF, 0xFF, 0xFF, 0xF8, 0x00, 
  0x00, 0x07, 0xFF, 0xFF, 0xFF, 0xFC, 0x00, 0x00, 0x00, 0xFF, 0xFF, 0xFF, 0xFF, 0x00, 0x00, 0x00, 
  0x1F, 0xFF, 0xFF, 0xFF, 0xE0, 0x00, 0x00, 0x03, 0xFF, 0xFF, 0xFF, 0xFE, 0x00, 0x00, 0x00, 0x7F, 
  0xFE, 0x07, 0xFF, 0xE0, 0x00, 0x00, 0x0F, 0xFF, 0xC0, 0xFF, 0xFC, 0x00, 0x00, 0x01, 0xFF, 0xF8, 
  0x0F, 0xFF, 0xC0, 0x00, 0x00, 0x3F, 0xFF, 0x01, 0xFF, 0xF8, 0x00, 0x00, 0x07, 0xFF, 0xE0, 0x1F, 
  0xFF, 0x80, 0x00, 0x00, 0xFF, 0xFC, 0x03, 0xFF, 0xF8, 0x00, 0x00, 0x1F, 0xFF, 0x80, 0x3F, 0xFF, 
  0x00, 0x00, 0x03, 0xFF, 0xF0, 0x03, 0xFF, 0xF0, 0x00, 0x00, 0x7F, 0xFE, 0x00, 0x7F, 0xFF, 0x00, 
  0x00, 0x0F, 0xFF, 0xC0, 0x07, 0xFF, 0xE0, 0x00, 0x01, 0xFF, 0xF8, 0x00, 0xFF, 0xFE, 0x00, 0x00, 
  0x3F, 0xFF, 0x00, 0x0F, 0xFF, 0xC0, 0x00, 0x07, 0xFF, 0xE0, 0x01, 0xFF, 0xFC, 0x00, 0x00, 0xFF, 
  0xFC, 0x00, 0x1F, 0xFF, 0xC0, 0x00, 0x1F, 0xFF, 0x80, 0x03, 0xFF, 0xF8, 0x00, 0x03, 0xFF, 0xF0, 
  0x00, 0x3F, 0xFF, 0x80, 0x00, 0x7F, 0xFE, 0x00, 0x07, 0xFF, 0xF0, 0x00, 0x0F, 0xFF, 0xC0, 0x00, 
  0x7F, 0xFF, 0x00, 0x01, 0xFF, 0xF8, 0x00, 0x0F, 0xFF, 0xF0, 0x00, 0x3F, 0xFF, 0x00, 0x00, 0xFF, 
  0xFF, 0x00, 0x0F, 0xFF, 0xF0, 0x00, 0x0F, 0xFF, 0xF0, 0xFF, 0xFF, 0xFF, 0xF8, 0x00, 0xFF, 0xFF, 
  0xFF, 0xFF, 0xFF, 0xFF, 0x00, 0x0F, 0xFF, 0xFF, 0xFF, 0xFF, 0xFF, 0xE0, 0x00, 0xFF, 0xFF, 0xFF, 
  0xFF, 0xFF, 0xFC, 0x00, 0x07, 0xFF, 0xFF, 0xFF, 0xFF, 0xFF, 0x80, 0x00, 0x0F, 0xFE, 0x00, 0x00, 
  0x06, 0x00, 0x00, 0x00, 0x00, 0x7F, 0xFF, 0xC0, 0x00, 0x00, 0x3F, 0xFF, 0xFF, 0x00, 0x00, 0x1F, 
  0xFF, 0xFF, 0xF8, 0x00, 0x0F, 0xFF, 0xFF, 0xFF, 0x80, 0x03, 0xFF, 0xFF, 0xFF, 0xF8, 0x00, 0xFF, 
  0xE0, 0x1F, 0xFF, 0x80, 0x3F, 0xF0, 0x00, 0xFF, 0xF8, 0x0F, 0xFC, 0x00, 0x0F, 0xFF, 0x03, 0xFF, 
  0x00, 0x01, 0xFF, 0xE0, 0x7F, 0xE0, 0x00, 0x1F, 0xFE, 0x1F, 0xFC, 0x00, 0x03, 0xFF, 0xC3, 0xFF, 
  0x00, 0x00, 0x3F, 0xF0, 0x7F, 0xE0, 0x00, 0x07, 0xFE, 0x0F, 0xFC, 0x00, 0x00, 0xFF, 0x83, 0xFF, 
  0xC0, 0x00, 0x1F, 0xE0, 0x7F, 0xF8, 0x00, 0x01, 0xF0, 0x0F, 0xFF, 0x00, 0x00, 0x00, 0x01, 0xFF, 
  0xF0, 0x00, 0x00, 0x00, 0x1F, 0xFF, 0x00, 0x00, 0x00, 0x03, 0xFF, 0xF0, 0x00, 0x00, 0x00, 0x7F, 
  0xFF, 0x00, 0x00, 0x00, 0x0F, 0xFF, 0xF8, 0x00, 0x00, 0x01, 0xFF, 0xFF, 0xC0, 0x00, 0x00, 0x1F, 
  0xFF, 0xFE, 0x00, 0x00, 0x03, 0xFF, 0xFF, 0xF0, 0x00, 0x00, 0x3F, 0xFF, 0xFF, 0x80, 0x00, 0x03, 
  0xFF, 0xFF, 0xFE, 0x00, 0x00, 0x7F, 0xFF, 0xFF, 0xF0, 0x00, 0x07, 0xFF, 0xFF, 0xFF, 0x80, 0x00, 
  0x3F, 0xFF, 0xFF, 0xF8, 0x00, 0x03, 0xFF, 0xFF, 0xFF, 0x80, 0x00, 0x3F, 0xFF, 0xFF, 0xFC, 0x00, 
  0x01, 0xFF, 0xFF, 0xFF, 0xC0, 0x00, 0x0F, 0xFF, 0xFF, 0xFC, 0x00, 0x00, 0x7F, 0xFF, 0xFF, 0x80, 
  0x00, 0x03, 0xFF, 0xFF, 0xF8, 0x00, 0x00, 0x0F, 0xFF, 0xFF, 0x00, 0x00, 0x00, 0x7F, 0xFF, 0xF0, 
  0x00, 0x00, 0x03, 0xFF, 0xFE, 0x00, 0x00, 0x00, 0x1F, 0xFF, 0xC0, 0x00, 0x00, 0x01, 0xFF, 0xFC, 
  0x00, 0x00, 0x00, 0x1F, 0xFF, 0x81, 0xC0, 0x00, 0x01, 0xFF, 0xF1, 0xF8, 0x00, 0x00, 0x1F, 0xFE, 
  0x7F, 0x00, 0x00, 0x03, 0xFF, 0xDF, 0xE0, 0x00, 0x00, 0x7F, 0xFF, 0xFC, 0x00, 0x00, 0x07, 0xFF, 
  0xFF, 0xC0, 0x00, 0x00, 0xFF, 0xFF, 0xF8, 0x00, 0x00, 0x1F, 0xFB, 0xFF, 0x00, 0x00, 0x07, 0xFF, 
  0x7F, 0xF0, 0x00, 0x00, 0xFF, 0xEF, 0xFE, 0x00, 0x00, 0x1F, 0xF9, 0xFF, 0xE0, 0x00, 0x07, 0xFF, 
  0x1F, 0xFE, 0x00, 0x00, 0xFF, 0xC3, 0xFF, 0xE0, 0x00, 0x7F, 0xF0, 0x3F, 0xFF, 0x00, 0x1F, 0xFC, 
  0x07, 0xFF, 0xFC, 0x1F, 0xFF, 0x00, 0x7F, 0xFF, 0xFF, 0xFF, 0xC0, 0x03, 0xFF, 0xFF, 0xFF, 0xE0, 
  0x00, 0x1F, 0xFF, 0xFF, 0xF0, 0x00, 0x00, 0xFF, 0xFF, 0xF8, 0x00, 0x00, 0x00, 0xFF, 0xE0, 0x00, 
  0x00, 0xFF, 0xFF, 0xFF, 0xFF, 0xFF, 0xFF, 0xFB, 0xFF, 0xFF, 0xFF, 0xFF, 0xFF, 0xFF, 0xEF, 0xFF, 
  0xFF, 0xFF, 0xFF, 0xFF, 0xFF, 0xBF, 0xFF, 0xFF, 0xFF, 0xFF, 0xFF, 0xFE, 0xFF, 0xFF, 0xFF, 0xFF, 
  0xFF, 0xFF, 0xFB, 0xFF, 0xFF, 0xFF, 0xFF, 0xFF, 0xFF, 0xEF, 0xF8, 0x00, 0xFF, 0xFC, 0x00, 0x7F, 
  0xBF, 0xC0, 0x03, 0xFF, 0xF0, 0x00, 0xFE, 0xFE, 0x00, 0x0F, 0xFF, 0xC0, 0x01, 0xFB, 0xF8, 0x00, 
  0x3F, 0xFF, 0x00, 0x07, 0xEF, 0xC0, 0x00, 0xFF, 0xFC, 0x00, 0x1F, 0xFF, 0x00, 0x03, 0xFF, 0xF0, 
  0x00, 0x7F, 0xFC, 0x00, 0x0F, 0xFF, 0xC0, 0x00, 0xFF, 0xF0, 0x00, 0x3F, 0xFF, 0x00, 0x03, 0xFF, 
  0xC0, 0x00, 0xFF, 0xFC, 0x00, 0x0F, 0xFF, 0x00, 0x03, 0xFF, 0xF0, 0x00, 0x3F, 0xFC, 0x00, 0x0F, 
  0xFF, 0xC0, 0x00, 0xFC, 0x00, 0x00, 0x3F, 0xFF, 0x00, 0x00, 0x00, 0x00, 0x00, 0xFF, 0xFC, 0x00, 
  0x00, 0x00, 0x00, 0x03, 0xFF, 0xF0, 0x00, 0x00, 0x00, 0x00, 0x0F, 0xFF, 0xC0, 0x00, 0x00, 0x00, 
  0x00, 0x3F, 0xFF, 0x00, 0x00, 0x00, 0x00, 0x00, 0xFF, 0xFC, 0x00, 0x00, 0x00, 0x00, 0x03, 0xFF, 
  0xF0, 0x00, 0x00, 0x00, 0x00, 0x0F, 0xFF, 0xC0, 0x00, 0x00, 0x00, 0x00, 0x3F, 0xFF, 0x00, 0x00, 
  0x00, 0x00, 0x00, 0xFF, 0xFC, 0x00, 0x00, 0x00, 0x00, 0x03, 0xFF, 0xF0, 0x00, 0x00, 0x00, 0x00, 
  0x0F, 0xFF, 0xC0, 0x00, 0x00, 0x00, 0x00, 0x3F, 0xFF, 0x00, 0x00, 0x00, 0x00, 0x00, 0xFF, 0xFC, 
  0x00, 0x00, 0x00, 0x00, 0x03, 0xFF, 0xF0, 0x00, 0x00, 0x00, 0x00, 0x0F, 0xFF, 0xC0, 0x00, 0x00, 
  0x00, 0x00, 0x3F, 0xFF, 0x00, 0x00, 0x00, 0x00, 0x00, 0xFF, 0xFC, 0x00, 0x00, 0x00, 0x00, 0x03, 
  0xFF, 0xF0, 0x00, 0x00, 0x00, 0x00, 0x0F, 0xFF, 0xC0, 0x00, 0x00, 0x00, 0x00, 0x3F, 0xFF, 0x00, 
  0x00, 0x00, 0x00, 0x00, 0xFF, 0xFC, 0x00, 0x00, 0x00, 0x00, 0x03, 0xFF, 0xF0, 0x00, 0x00, 0x00, 
  0x00, 0x0F, 0xFF, 0xC0, 0x00, 0x00, 0x00, 0x00, 0x3F, 0xFF, 0x00, 0x00, 0x00, 0x00, 0x00, 0xFF, 
  0xFC, 0x00, 0x00, 0x00, 0x00, 0x03, 0xFF, 0xF0, 0x00, 0x00, 0x00, 0x00, 0x0F, 0xFF, 0xC0, 0x00, 
  0x00, 0x00, 0x00, 0x3F, 0xFF, 0x00, 0x00, 0x00, 0x00, 0x00, 0xFF, 0xFC, 0x00, 0x00, 0x00, 0x00, 
  0x03, 0xFF, 0xF0, 0x00, 0x00, 0x00, 0x00, 0x0F, 0xFF, 0xC0, 0x00, 0x00, 0x00, 0x00, 0x3F, 0xFF, 
  0x00, 0x00, 0x00, 0x00, 0x00, 0xFF, 0xFC, 0x00, 0x00, 0x00, 0x00, 0x03, 0xFF, 0xF0, 0x00, 0x00, 
  0x00, 0x00, 0x0F, 0xFF, 0xC0, 0x00, 0x00, 0x00, 0x00, 0x3F, 0xFF, 0x00, 0x00, 0x00, 0x00, 0x01, 
  0xFF, 0xFC, 0x00, 0x00, 0x00, 0x00, 0x0F, 0xFF, 0xF8, 0x00, 0x00, 0x00, 0x0F, 0xFF, 0xFF, 0xFF, 
  0xC0, 0x00, 0x00, 0x3F, 0xFF, 0xFF, 0xFF, 0x00, 0x00, 0x00, 0xFF, 0xFF, 0xFF, 0xFC, 0x00, 0x00, 
  0x03, 0xFF, 0xFF, 0xFF, 0xF0, 0x00, 0x00, 0x0F, 0xFF, 0xFF, 0xFF, 0xC0, 0x00, 0xFF, 0xFF, 0xFF, 
  0xFC, 0x01, 0xFF, 0xFF, 0xFF, 0xFF, 0xFF, 0xFF, 0xE0, 0x0F, 0xFF, 0xFF, 0xFF, 0xFF, 0xFF, 0xFF, 
  0x00, 0x7F, 0xFF, 0xFF, 0xFF, 0xFF, 0xFF, 0xF8, 0x03, 0xFF, 0xFF, 0xFF, 0xFF, 0xFF, 0xFF, 0xC0, 
  0x1F, 0xFF, 0xFF, 0x81, 0xFF, 0xFF, 0x80, 0x00, 0x03, 0xFF, 0x00, 0x07, 0xFF, 0xF8, 0x00, 0x00, 
  0x0F, 0xF0, 0x00, 0x1F, 0xFF, 0x80, 0x00, 0x00, 0x7F, 0x80, 0x00, 0xFF, 0xFC, 0x00, 0x00, 0x01, 
  0xF8, 0x00, 0x07, 0xFF, 0xE0, 0x00, 0x00, 0x0F, 0xC0, 0x00, 0x3F, 0xFF, 0x00, 0x00, 0x00, 0x7E, 
  0x00, 0x01, 0xFF, 0xF8, 0x00, 0x00, 0x03, 0xF0, 0x00, 0x0F, 0xFF, 0xC0, 0x00, 0x00, 0x1F, 0x80, 
  0x00, 0x7F, 0xFE, 0x00, 0x00, 0x00, 0xFC, 0x00, 0x03, 0xFF, 0xF0, 0x00, 0x00, 0x07, 0xE0, 0x00, 
  0x1F, 0xFF, 0x80, 0x00, 0x00, 0x3F, 0x00, 0x00, 0xFF, 0xFC, 0x00, 0x00, 0x01, 0xF8, 0x00, 0x07, 
  0xFF, 0xE0, 0x00, 0x00, 0x0F, 0xC0, 0x00, 0x3F, 0xFF, 0x00, 0x00, 0x00, 0x7E, 0x00, 0x01, 0xFF, 
  0xF8, 0x00, 0x00, 0x03, 0xF0, 0x00, 0x0F, 0xFF, 0xC0, 0x00, 0x00, 0x1F, 0x80, 0x00, 0x7F, 0xFE, 
  0x00, 0x00, 0x00, 0xFC, 0x00, 0x03, 0xFF, 0xF0, 0x00, 0x00, 0x07, 0xE0, 0x00, 0x1F, 0xFF, 0x80, 
  0x00, 0x00, 0x3F, 0x00, 0x00, 0xFF, 0xFC, 0x00, 0x00, 0x01, 0xF8, 0x00, 0x07, 0xFF, 0xE0, 0x00, 
  0x00, 0x0F, 0xC0, 0x00, 0x3F, 0xFF, 0x00, 0x00, 0x00, 0x7E, 0x00, 0x01, 0xFF, 0xF8, 0x00, 0x00, 
  0x03, 0xF0, 0x00, 0x0F, 0xFF, 0xC0, 0x00, 0x00, 0x1F, 0x80, 0x00, 0x7F, 0xFE, 0x00, 0x00, 0x00, 
  0xFC, 0x00, 0x03, 0xFF, 0xF0, 0x00, 0x00, 0x07, 0xE0, 0x00, 0x1F, 0xFF, 0x80, 0x00, 0x00, 0x3F, 
  0x00, 0x00, 0xFF, 0xFC, 0x00, 0x00, 0x01, 0xF8, 0x00, 0x07, 0xFF, 0xE0, 0x00, 0x00, 0x0F, 0xC0, 
  0x00, 0x3F, 0xFF, 0x00, 0x00, 0x00, 0x7E, 0x00, 0x01, 0xFF, 0xF8, 0x00, 0x00, 0x03, 0xF0, 0x00, 
  0x0F, 0xFF, 0xC0, 0x00, 0x00, 0x1F, 0x80, 0x00, 0x7F, 0xFE, 0x00, 0x00, 0x00, 0xFC, 0x00, 0x03, 
  0xFF, 0xF0, 0x00, 0x00, 0x07, 0xE0, 0x00, 0x1F, 0xFF, 0x80, 0x00, 0x00, 0x3F, 0x00, 0x00, 0xFF, 
  0xFC, 0x00, 0x00, 0x01, 0xF8, 0x00, 0x07, 0xFF, 0xE0, 0x00, 0x00, 0x0F, 0xC0, 0x00, 0x3F, 0xFF, 
  0x00, 0x00, 0x00, 0x7E, 0x00, 0x01, 0xFF, 0xF8, 0x00, 0x00, 0x03, 0xF0, 0x00, 0x0F, 0xFF, 0xC0, 
  0x00, 0x00, 0x1F, 0x80, 0x00, 0x7F, 0xFE, 0x00, 0x00, 0x00, 0xFC, 0x00, 0x01, 0xFF, 0xF0, 0x00, 
  0x00, 0x0F, 0xE0, 0x00, 0x0F, 0xFF, 0x80, 0x00, 0x00, 0x7F, 0x00, 0x00, 0x7F, 0xFC, 0x00, 0x00, 
  0x03, 0xF8, 0x00, 0x03, 0xFF, 0xF0, 0x00, 0x00, 0x1F, 0x80, 0x00, 0x0F, 0xFF, 0x80, 0x00, 0x01, 
  0xFC, 0x00, 0x00, 0x7F, 0xFE, 0x00, 0x00, 0x1F, 0xE0, 0x00, 0x03, 0xFF, 0xF8, 0x00, 0x00, 0xFE, 
  0x00, 0x00, 0x0F, 0xFF, 0xE0, 0x00, 0x1F, 0xE0, 0x00, 0x00, 0x3F, 0xFF, 0xC0, 0x01, 0xFF, 0x00, 
  0x00, 0x00, 0xFF, 0xFF, 0xC0, 0x7F, 0xF0, 0x00, 0x00, 0x03, 0xFF, 0xFF, 0xFF, 0xFF, 0x00, 0x00, 
  0x00, 0x0F, 0xFF, 0xFF, 0xFF, 0xF0, 0x00, 0x00, 0x00, 0x3F, 0xFF, 0xFF, 0xFF, 0x00, 0x00, 0x00, 
  0x00, 0x7F, 0xFF, 0xFF, 0xE0, 0x00, 0x00, 0x00, 0x00, 0x7F, 0xFF, 0xF8, 0x00, 0x00, 0x00, 0x00, 
  0x00, 0x0F, 0xF8, 0x00, 0x00, 0x00, 0xFF, 0xFF, 0xFF, 0xF0, 0x03, 0xFF, 0xFF, 0xFF, 0xFF, 0xFF, 
  0xFE, 0x00, 0x7F, 0xFF, 0xFF, 0xFF, 0xFF, 0xFF, 0xC0, 0x0F, 0xFF, 0xFF, 0xFF, 0xFF, 0xFF, 0xF8, 
  0x01, 0xFF, 0xFF, 0xFF, 0xFF, 0xFF, 0xFF, 0x00, 0x3F, 0xFF, 0xFE, 0x0F, 0xFF, 0xF8, 0x00, 0x00, 
  0x1F, 0xF8, 0x00, 0xFF, 0xFE, 0x00, 0x00, 0x01, 0xFE, 0x00, 0x0F, 0xFF, 0xC0, 0x00, 0x00, 0x3F, 
  0xC0, 0x01, 0xFF, 0xF8, 0x00, 0x00, 0x07, 0xF0, 0x00, 0x3F, 0xFF, 0x00, 0x00, 0x00, 0xFE, 0x00, 
  0x03, 0xFF, 0xE0, 0x00, 0x00, 0x1F, 0x80, 0x00, 0x7F, 0xFE, 0x00, 0x00, 0x07, 0xF0, 0x00, 0x0F, 
  0xFF, 0xC0, 0x00, 0x00, 0xFE, 0x00, 0x00, 0xFF, 0xF8, 0x00, 0x00, 0x1F, 0x80, 0x00, 0x1F, 0xFF, 
  0x80, 0x00, 0x07, 0xF0, 0x00, 0x01, 0xFF, 0xF0, 0x00, 0x00, 0xFE, 0x00, 0x00, 0x3F, 0xFE, 0x00, 
  0x00, 0x1F, 0x80, 0x00, 0x07, 0xFF, 0xE0, 0x00, 0x07, 0xF0, 0x00, 0x00, 0x7F, 0xFC, 0x00, 0x00, 
  0xFE, 0x00, 0x00, 0x0F, 0xFF, 0x80, 0x00, 0x1F, 0x80, 0x00, 0x01, 0xFF, 0xF8, 0x00, 0x07, 0xF0, 
  0x00, 0x00, 0x1F, 0xFF, 0x00, 0x00, 0xFE, 0x00, 0x00, 0x03, 0xFF, 0xE0, 0x00, 0x1F, 0x80, 0x00, 
  0x00, 0x7F, 0xFE, 0x00, 0x07, 0xF0, 0x00, 0x00, 0x07, 0xFF, 0xC0, 0x00, 0xFE, 0x00, 0x00, 0x00, 
  0xFF, 0xF8, 0x00, 0x1F, 0x80, 0x00, 0x00, 0x1F, 0xFF, 0x80, 0x07, 0xF0, 0x00, 0x00, 0x01, 0xFF, 
  0xF0, 0x00, 0xFC, 0x00, 0x00, 0x00, 0x3F, 0xFE, 0x00, 0x1F, 0x80, 0x00, 0x00, 0x07, 0xFF, 0xE0, 
  0x07, 0xF0, 0x00, 0x00, 0x00, 0x7F, 0xFC, 0x00, 0xFC, 0x00, 0x00, 0x00, 0x0F, 0xFF, 0x80, 0x1F, 
  0x80, 0x00, 0x00, 0x01, 0xFF, 0xF8, 0x07, 0xF0, 0x00, 0x00, 0x00, 0x1F, 0xFF, 0x00, 0xFC, 0x00, 
  0x00, 0x00, 0x03, 0xFF, 0xE0, 0x1F, 0x80, 0x00, 0x00, 0x00, 0x7F, 0xFE, 0x07, 0xF0, 0x00, 0x00, 
  0x00, 0x07, 0xFF, 0xC0, 0xFC, 0x00, 0x00, 0x00, 0x00, 0xFF, 0xF8, 0x1F, 0x80, 0x00, 0x00, 0x00, 
  0x0F, 0xFF, 0x87, 0xF0, 0x00, 0x00, 0x00, 0x01, 0xFF, 0xF0, 0xFC, 0x00, 0x00, 0x00, 0x00, 0x3F, 
  0xFE, 0x1F, 0x80, 0x00, 0x00, 0x00, 0x03, 0xFF, 0xC7, 0xF0, 0x00, 0x00, 0x00, 0x00, 0x7F, 0xFC, 
  0xFC, 0x00, 0x00, 0x00, 0x00, 0x0F, 0xFF, 0x9F, 0x80, 0x00, 0x00, 0x00, 0x00, 0xFF, 0xF7, 0xF0, 
  0x00, 0x00, 0x00, 0x00, 0x1F, 0xFE, 0xFC, 0x00, 0x00, 0x00, 0x00, 0x03, 0xFF, 0xDF, 0x80, 0x00, 
  0x00, 0x00, 0x00, 0x3F, 0xFF, 0xF0, 0x00, 0x00, 0x00, 0x00, 0x07, 0xFF, 0xFC, 0x00, 0x00, 0x00, 
  0x00, 0x00, 0xFF, 0xFF, 0x80, 0x00, 0x00, 0x00, 0x00, 0x0F, 0xFF, 0xE0, 0x00, 0x00, 0x00, 0x00, 
  0x01, 0xFF, 0xFC, 0x00, 0x00, 0x00, 0x00, 0x00, 0x3F, 0xFF, 0x80, 0x00, 0x00, 0x00, 0x00, 0x03, 
  0xFF, 0xE0, 0x00, 0x00, 0x00, 0x00, 0x00, 0x7F, 0xFC, 0x00, 0x00, 0x00, 0x00, 0x00, 0x0F, 0xFF, 
  0x80, 0x00, 0x00, 0x00, 0x00, 0x00, 0xFF, 0xE0, 0x00, 0x00, 0x00, 0x00, 0x00, 0x1F, 0xFC, 0x00, 
  0x00, 0x00, 0x00, 0x00, 0x03, 0xFF, 0x80, 0x00, 0x00, 0x00, 0x00, 0x00, 0x3F, 0xE0, 0x00, 0x00, 
  0x00, 0x00, 0x00, 0x07, 0xFC, 0x00, 0x00, 0x00, 0xFF, 0xFF, 0xFF, 0xF0, 0x00, 0x00, 0x00, 0x00, 
  0x07, 0xFF, 0xFF, 0xFF, 0xFF, 0xFF, 0xFE, 0x00, 0x00, 0xFF, 0x00, 0x00, 0xFF, 0xFF, 0xFF, 0xFF, 
  0xFF, 0xFF, 0xC0, 0x00, 0x3F, 0xE0, 0x00, 0x1F, 0xFF, 0xFF, 0xFF, 0xFF, 0xFF, 0xF8, 0x00, 0x07, 
  0xFC, 0x00, 0x03, 0xFF, 0xFF, 0xFF, 0xFF, 0xFF, 0xFF, 0x00, 0x00, 0xFF, 0xC0, 0x00, 0x7F, 0xFF, 
  0xFE, 0x0F, 0xFF, 0xFC, 0x00, 0x00, 0x1F, 0xF8, 0x00, 0x00, 0x7F, 0xF8, 0x00, 0xFF, 0xFF, 0x00, 
  0x00, 0x07, 0xFF, 0x00, 0x00, 0x07, 0xFE, 0x00, 0x1F, 0xFF, 0xE0, 0x00, 0x00, 0xFF, 0xF0, 0x00, 
  0x00, 0x7F, 0x80, 0x01, 0xFF, 0xF8, 0x00, 0x00, 0x1F, 0xFE, 0x00, 0x00, 0x0F, 0xF0, 0x00, 0x3F, 
  0xFF, 0x00, 0x00, 0x07, 0xFF, 0xC0, 0x00, 0x01, 0xFC, 0x00, 0x03, 0xFF, 0xF0, 0x00, 0x00, 0xFF, 
  0xFC, 0x00, 0x00, 0x3F, 0x80, 0x00, 0x7F, 0xFE, 0x00, 0x00, 0x1F, 0xFF, 0x80, 0x00, 0x0F, 0xF0, 
  0x00, 0x0F, 0xFF, 0xC0, 0x00, 0x07, 0xFF, 0xF0, 0x00, 0x01, 0xFC, 0x00, 0x01, 0xFF, 0xF8, 0x00, 
  0x00, 0xFF, 0xFE, 0x00, 0x00, 0x3F, 0x80, 0x00, 0x1F, 0xFF, 0x80, 0x00, 0x1F, 0xFF, 0xE0, 0x00, 
  0x07, 0xF0, 0x00, 0x03, 0xFF, 0xF0, 0x00, 0x07, 0xFF, 0xFC, 0x00, 0x01, 0xFE, 0x00, 0x00, 0x7F, 
  0xFE, 0x00, 0x00, 0xFF, 0xFF, 0x80, 0x00, 0x3F, 0x80, 0x00, 0x07, 0xFF, 0xC0, 0x00, 0x1F, 0xFF, 
  0xF8, 0x00, 0x07, 0xF0, 0x00, 0x00, 0xFF, 0xFC, 0x00, 0x07, 0xFF, 0xFF, 0x00, 0x00, 0xFE, 0x00, 
  0x00, 0x1F, 0xFF, 0x80, 0x00, 0xFF, 0xFF, 0xE0, 0x00, 0x3F, 0x80, 0x00, 0x01, 0xFF, 0xF0, 0x00, 
  0x1F, 0xBF, 0xFE, 0x00, 0x07, 0xF0, 0x00, 0x00, 0x3F, 0xFE, 0x00, 0x03, 0xF3, 0xFF, 0xC0, 0x00, 
  0xFE, 0x00, 0x00, 0x07, 0xFF, 0xE0, 0x00, 0xFE, 0x7F, 0xF8, 0x00, 0x3F, 0xC0, 0x00, 0x00, 0xFF, 
  0xFC, 0x00, 0x1F, 0xCF, 0xFF, 0x80, 0x07, 0xF0, 0x00, 0x00, 0x0F, 0xFF, 0x80, 0x03, 0xF1, 0xFF, 
  0xF0, 0x00, 0xFE, 0x00, 0x00, 0x01, 0xFF, 0xF8, 0x00, 0xFE, 0x1F, 0xFE, 0x00, 0x1F, 0xC0, 0x00, 
  0x00, 0x3F, 0xFF, 0x00, 0x1F, 0xC3, 0xFF, 0xC0, 0x07, 0xF8, 0x00, 0x00, 0x03, 0xFF, 0xE0, 0x03, 
  0xF0, 0x7F, 0xFC, 0x00, 0xFE, 0x00, 0x00, 0x00, 0x7F, 0xFC, 0x00, 0xFE, 0x07, 0xFF, 0x80, 0x1F, 
  0xC0, 0x00, 0x00, 0x0F, 0xFF, 0xC0, 0x1F, 0xC0, 0xFF, 0xF0, 0x03, 0xF8, 0x00, 0x00, 0x00, 0xFF, 
  0xF8, 0x03, 0xF0, 0x1F, 0xFF, 0x00, 0xFE, 0x00, 0x00, 0x00, 0x1F, 0xFF, 0x00, 0xFE, 0x01, 0xFF, 
  0xE0, 0x1F, 0xC0, 0x00, 0x00, 0x03, 0xFF, 0xF0, 0x1F, 0xC0, 0x3F, 0xFC, 0x03, 0xF8, 0x00, 0x00, 
  0x00, 0x7F, 0xFE, 0x03, 0xF8, 0x07, 0xFF, 0xC0, 0xFF, 0x00, 0x00, 0x00, 0x07, 0xFF, 0xC0, 0x7E, 
  0x00, 0xFF, 0xF8, 0x1F, 0xC0, 0x00, 0x00, 0x00, 0xFF, 0xF8, 0x1F, 0xC0, 0x0F, 0xFF, 0x03, 0xF8, 
  0x00, 0x00, 0x00, 0x1F, 0xFF, 0x83, 0xF8, 0x01, 0xFF, 0xE0, 0x7F, 0x00, 0x00, 0x00, 0x01, 0xFF, 
  0xF0, 0x7E, 0x00, 0x3F, 0xFE, 0x1F, 0xC0, 0x00, 0x00, 0x00, 0x3F, 0xFE, 0x1F, 0xC0, 0x03, 0xFF, 
  0xC3, 0xF8, 0x00, 0x00, 0x00, 0x07, 0xFF, 0xC3, 0xF8, 0x00, 0x7F, 0xF8, 0x7F, 0x00, 0x00, 0x00, 
  0x00, 0x7F, 0xFC, 0x7E, 0x00, 0x0F, 0xFF, 0x8F, 0xE0, 0x00, 0x00, 0x00, 0x0F, 0xFF, 0x8F, 0xC0, 
  0x00, 0xFF, 0xF3, 0xF8, 0x00, 0x00, 0x00, 0x01, 0xFF, 0xF3, 0xF8, 0x00, 0x1F, 0xFE, 0x7F, 0x00, 
  0x00, 0x00, 0x00, 0x3F, 0xFE, 0x7F, 0x00, 0x03, 0xFF, 0xCF, 0xE0, 0x00, 0x00, 0x00, 0x03, 0xFF, 
  0xEF, 0xC0, 0x00, 0x3F, 0xFD, 0xFC, 0x00, 0x00, 0x00, 0x00, 0x7F, 0xFD, 0xF8, 0x00, 0x07, 0xFF, 
  0xBF, 0x00, 0x00, 0x00, 0x00, 0x0F, 0xFF, 0xFF, 0x00, 0x00, 0xFF, 0xFF, 0xE0, 0x00, 0x00, 0x00, 
  0x00, 0xFF, 0xFF, 0xC0, 0x00, 0x1F, 0xFF, 0xFC, 0x00, 0x00, 0x00, 0x00, 0x1F, 0xFF, 0xF8, 0x00, 
  0x01, 0xFF, 0xFF, 0x00, 0x00, 0x00, 0x00, 0x03, 0xFF, 0xFF, 0x00, 0x00, 0x3F, 0xFF, 0xE0, 0x00, 
  0x00, 0x00, 0x00, 0x3F, 0xFF, 0xC0, 0x00, 0x07, 0xFF, 0xFC, 0x00, 0x00, 0x00, 0x00, 0x07, 0xFF, 
  0xF8, 0x00, 0x00, 0x7F, 0xFF, 0x80, 0x00, 0x00, 0x00, 0x00, 0xFF, 0xFF, 0x00, 0x00, 0x0F, 0xFF, 
  0xE0, 0x00, 0x00, 0x00, 0x00, 0x1F, 0xFF, 0xE0, 0x00, 0x01, 0xFF, 0xFC, 0x00, 0x00, 0x00, 0x00, 
  0x01, 0xFF, 0xF8, 0x00, 0x00, 0x1F, 0xFF, 0x80, 0x00, 0x00, 0x00, 0x00, 0x3F, 0xFF, 0x00, 0x00, 
  0x03, 0xFF, 0xF0, 0x00, 0x00, 0x00, 0x00, 0x07, 0xFF, 0xE0, 0x00, 0x00, 0x7F, 0xFC, 0x00, 0x00, 
  0x00, 0x00, 0x00, 0x7F, 0xF8, 0x00, 0x00, 0x07, 0xFF, 0x80, 0x00, 0x00, 0x00, 0x00, 0x0F, 0xFF, 
  0x00, 0x00, 0x00, 0xFF, 0xF0, 0x00, 0x00, 0x00, 0x00, 0x01, 0xFF, 0xE0, 0x00, 0x00, 0x1F, 0xFC, 
  0x00, 0x00, 0x00, 0x00, 0x00, 0x1F, 0xF8, 0x00, 0x00, 0x03, 0xFF, 0x80, 0x00, 0x00, 0x3F, 0xFF, 
  0xFF, 0xFC, 0x03, 0xFF, 0xFF, 0xC3, 0xFF, 0xFF, 0xFF, 0xC0, 0x3F, 0xFF, 0xFC, 0x3F, 0xFF, 0xFF, 
  0xFC, 0x03, 0xFF, 0xFF, 0xC3, 0xFF, 0xFF, 0xFF, 0xC0, 0x3F, 0xFF, 0xFC, 0x3F, 0xFF, 0xFF, 0xFC, 
  0x03, 0xFF, 0xFF, 0xC0, 0x3F, 0xFF, 0xFC, 0x00, 0x01, 0xFF, 0xC0, 0x00, 0xFF, 0xFF, 0x80, 0x00, 
  0x1F, 0xF8, 0x00, 0x07, 0xFF, 0xF8, 0x00, 0x01, 0xFF, 0x00, 0x00, 0x7F, 0xFF, 0x80, 0x00, 0x1F, 
  0xE0, 0x00, 0x03, 0xFF, 0xF8, 0x00, 0x01, 0xFC, 0x00, 0x00, 0x1F, 0xFF, 0xC0, 0x00, 0x3F, 0xC0, 
  0x00, 0x01, 0xFF, 0xFC, 0x00, 0x03, 0xF8, 0x00, 0x00, 0x0F, 0xFF, 0xE0, 0x00, 0x7F, 0x00, 0x00, 
  0x00, 0x7F, 0xFF, 0x00, 0x0F, 0xE0, 0x00, 0x00, 0x07, 0xFF, 0xF0, 0x00, 0xFE, 0x00, 0x00, 0x00, 
  0x3F, 0xFF, 0x80, 0x1F, 0xC0, 0x00, 0x00, 0x01, 0xFF, 0xFC, 0x03, 0xF8, 0x00, 0x00, 0x00, 0x1F, 
  0xFF, 0xC0, 0x3F, 0x00, 0x00, 0x00, 0x00, 0xFF, 0xFE, 0x07, 0xF0, 0x00, 0x00, 0x00, 0x07, 0xFF, 
  0xF0, 0xFE, 0x00, 0x00, 0x00, 0x00, 0x7F, 0xFF, 0x1F, 0xC0, 0x00, 0x00, 0x00, 0x03, 0xFF, 0xF9, 
  0xF8, 0x00, 0x00, 0x00, 0x00, 0x3F, 0xFF, 0xFF, 0x80, 0x00, 0x00, 0x00, 0x01, 0xFF, 0xFF, 0xF0, 
  0x00, 0x00, 0x00, 0x00, 0x0F, 0xFF, 0xFE, 0x00, 0x00, 0x00, 0x00, 0x00, 0xFF, 0xFF, 0xE0, 0x00, 
  0x00, 0x00, 0x00, 0x07, 0xFF, 0xFC, 0x00, 0x00, 0x00, 0x00, 0x00, 0x3F, 0xFF, 0x80, 0x00, 0x00, 
  0x00, 0x00, 0x03, 0xFF, 0xF8, 0x00, 0x00, 0x00, 0x00, 0x00, 0x1F, 0xFF, 0xC0, 0x00, 0x00, 0x00, 
  0x00, 0x00, 0xFF, 0xFE, 0x00, 0x00, 0x00, 0x00, 0x00, 0x0F, 0xFF, 0xE0, 0x00, 0x00, 0x00, 0x00, 
  0x01, 0xFF, 0xFF, 0x00, 0x00, 0x00, 0x00, 0x00, 0x3F, 0xFF, 0xF8, 0x00, 0x00, 0x00, 0x00, 0x07, 
  0xFF, 0xFF, 0x80, 0x00, 0x00, 0x00, 0x00, 0x7F, 0xFF, 0xFC, 0x00, 0x00, 0x00, 0x00, 0x0F, 0xEF, 
  0xFF, 0xC0, 0x00, 0x00, 0x00, 0x01, 0xFC, 0xFF, 0xFE, 0x00, 0x00, 0x00, 0x00, 0x3F, 0x87, 0xFF, 
  0xF0, 0x00, 0x00, 0x00, 0x03, 0xF8, 0x7F, 0xFF, 0x00, 0x00, 0x00, 0x00, 0x7F, 0x03, 0xFF, 0xF8, 
  0x00, 0x00, 0x00, 0x0F, 0xE0, 0x1F, 0xFF, 0xC0, 0x00, 0x00, 0x01, 0xFC, 0x01, 0xFF, 0xFC, 0x00, 
  0x00, 0x00, 0x1F, 0xC0, 0x0F, 0xFF, 0xE0, 0x00, 0x00, 0x03, 0xF8, 0x00, 0x7F, 0xFF, 0x00, 0x00, 
  0x00, 0x7F, 0x00, 0x07, 0xFF, 0xF0, 0x00, 0x00, 0x0F, 0xE0, 0x00, 0x3F, 0xFF, 0x80, 0x00, 0x01, 
  0xFE, 0x00, 0x01, 0xFF, 0xFC, 0x00, 0x00, 0x1F, 0xC0, 0x00, 0x1F, 0xFF, 0xC0, 0x00, 0x03, 0xF8, 
  0x00, 0x00, 0xFF, 0xFE, 0x00, 0x00, 0x7F, 0x80, 0x00, 0x07, 0xFF, 0xF0, 0x00, 0x0F, 0xF0, 0x00, 
  0x00, 0x7F, 0xFF, 0x00, 0x00, 0xFF, 0x00, 0x00, 0x03, 0xFF, 0xF8, 0x00, 0x1F, 0xF0, 0x00, 0x00, 
  0x3F, 0xFF, 0xC0, 0x03, 0xFF, 0x00, 0x00, 0x03, 0xFF, 0xFE, 0x00, 0xFF, 0xF8, 0x00, 0x00, 0x7F, 
  0xFF, 0xF0, 0xFF, 0xFF, 0xF8, 0x00, 0xFF, 0xFF, 0xFF, 0xFF, 0xFF, 0xFF, 0x80, 0x0F, 0xFF, 0xFF, 
  0xFF, 0xFF, 0xFF, 0xF8, 0x00, 0xFF, 0xFF, 0xFF, 0xFF, 0xFF, 0xFF, 0x80, 0x0F, 0xFF, 0xFF, 0xFF, 
  0xFF, 0xFF, 0xF8, 0x00, 0xFF, 0xFF, 0xFF, 0xF0, 0xFF, 0xFF, 0xFF, 0xF8, 0x07, 0xFF, 0xFF, 0xFF, 
  0xFF, 0xFF, 0xFF, 0x00, 0xFF, 0xFF, 0xFF, 0xFF, 0xFF, 0xFF, 0xE0, 0x1F, 0xFF, 0xFF, 0xFF, 0xFF, 
  0xFF, 0xFC, 0x03, 0xFF, 0xFF, 0xFF, 0xFF, 0xFF, 0xFF, 0x80, 0x7F, 0xFF, 0xFE, 0x1F, 0xFF, 0xFE, 
  0x00, 0x00, 0x7F, 0xFC, 0x01, 0xFF, 0xFF, 0x80, 0x00, 0x03, 0xFF, 0x00, 0x1F, 0xFF, 0xE0, 0x00, 
  0x00, 0x7F, 0xC0, 0x01, 0xFF, 0xFC, 0x00, 0x00, 0x0F, 0xF8, 0x00, 0x3F, 0xFF, 0x80, 0x00, 0x01, 
  0xFE, 0x00, 0x03, 0xFF, 0xF0, 0x00, 0x00, 0x3F, 0x80, 0x00, 0x7F, 0xFE, 0x00, 0x00, 0x07, 0xF0, 
  0x00, 0x07, 0xFF, 0xE0, 0x00, 0x01, 0xFC, 0x00, 0x00, 0xFF, 0xFC, 0x00, 0x00, 0x3F, 0x80, 0x00, 
  0x0F, 0xFF, 0xC0, 0x00, 0x07, 0xE0, 0x00, 0x01, 0xFF, 0xF8, 0x00, 0x01, 0xFC, 0x00, 0x00, 0x1F, 
  0xFF, 0x80, 0x00, 0x3F, 0x00, 0x00, 0x03, 0xFF, 0xF0, 0x00, 0x0F, 0xE0, 0x00, 0x00, 0x3F, 0xFF, 
  0x00, 0x01, 0xF8, 0x00, 0x00, 0x03, 0xFF, 0xF0, 0x00, 0x7F, 0x00, 0x00, 0x00, 0x7F, 0xFE, 0x00, 
  0x0F, 0xC0, 0x00, 0x00, 0x07, 0xFF, 0xE0, 0x03, 0xF8, 0x00, 0x00, 0x00, 0xFF, 0xFC, 0x00, 0x7E, 
  0x00, 0x00, 0x00, 0x0F, 0xFF, 0xC0, 0x1F, 0xC0, 0x00, 0x00, 0x01, 0xFF, 0xF8, 0x07, 0xF0, 0x00, 
  0x00, 0x00, 0x1F, 0xFF, 0x80, 0xFE, 0x00, 0x00, 0x00, 0x03, 0xFF, 0xF0, 0x1F, 0x80, 0x00, 0x00, 
  0x00, 0x3F, 0xFF, 0x07, 0xF0, 0x00, 0x00, 0x00, 0x07, 0xFF, 0xE0, 0xFC, 0x00, 0x00, 0x00, 0x00, 
  0x7F, 0xFE, 0x3F, 0x80, 0x00, 0x00, 0x00, 0x0F, 0xFF, 0xC7, 0xE0, 0x00, 0x00, 0x00, 0x00, 0xFF, 
  0xF9, 0xF8, 0x00, 0x00, 0x00, 0x00, 0x1F, 0xFF, 0xBF, 0x00, 0x00, 0x00, 0x00, 0x01, 0xFF, 0xFF, 
  0xC0, 0x00, 0x00, 0x00, 0x00, 0x1F, 0xFF, 0xF8, 0x00, 0x00, 0x00, 0x00, 0x03, 0xFF, 0xFE, 0x00, 
  0x00, 0x00, 0x00, 0x00, 0x3F, 0xFF, 0xC0, 0x00, 0x00, 0x00, 0x00, 0x07, 0xFF, 0xF0, 0x00, 0x00, 
  0x00, 0x00, 0x00, 0x7F, 0xFE, 0x00, 0x00, 0x00, 0x00, 0x00, 0x0F, 0xFF, 0x80, 0x00, 0x00, 0x00, 
  0x00, 0x01, 0xFF, 0xF0, 0x00, 0x00, 0x00, 0x00, 0x00, 0x3F, 0xFE, 0x00, 0x00, 0x00, 0x00, 0x00, 
  0x07, 0xFF, 0xC0, 0x00, 0x00, 0x00, 0x00, 0x00, 0xFF, 0xF8, 0x00, 0x00, 0x00, 0x00, 0x00, 0x1F, 
  0xFF, 0x00, 0x00, 0x00, 0x00, 0x00, 0x03, 0xFF, 0xE0, 0x00, 0x00, 0x00, 0x00, 0x00, 0x7F, 0xFC, 
  0x00, 0x00, 0x00, 0x00, 0x00, 0x0F, 0xFF, 0x80, 0x00, 0x00, 0x00, 0x00, 0x01, 0xFF, 0xF0, 0x00, 
  0x00, 0x00, 0x00, 0x00, 0x3F, 0xFE, 0x00, 0x00, 0x00, 0x00, 0x00, 0x07, 0xFF, 0xC0, 0x00, 0x00, 
  0x00, 0x00, 0x00, 0xFF, 0xF8, 0x00, 0x00, 0x00, 0x00, 0x00, 0x1F, 0xFF, 0x80, 0x00, 0x00, 0x00, 
  0x00, 0x07, 0xFF, 0xF0, 0x00, 0x00, 0x00, 0x00, 0x00, 0xFF, 0xFE, 0x00, 0x00, 0x00, 0x00, 0x00, 
  0x3F, 0xFF, 0xE0, 0x00, 0x00, 0x00, 0x03, 0xFF, 0xFF, 0xFF, 0xF8, 0x00, 0x00, 0x00, 0x7F, 0xFF, 
  0xFF, 0xFF, 0x00, 0x00, 0x00, 0x0F, 0xFF, 0xFF, 0xFF, 0xE0, 0x00, 0x00, 0x01, 0xFF, 0xFF, 0xFF, 
  0xFC, 0x00, 0x00, 0x00, 0x3F, 0xFF, 0xFF, 0xFF, 0x80, 0x00, 0x3F, 0xFF, 0xFF, 0xFF, 0xFF, 0xFE, 
  0x1F, 0xFF, 0xFF, 0xFF, 0xFF, 0xFF, 0x0F, 0xFF, 0xFF, 0xFF, 0xFF, 0xFF, 0x87, 0xFF, 0xFF, 0xFF, 
  0xFF, 0xFF, 0xC7, 0xFF, 0xFF, 0xFF, 0xFF, 0xFF, 0xE3, 0xFF, 0xFF, 0xFF, 0xFF, 0xFF, 0xE1, 0xFF, 
  0x00, 0x00, 0x07, 0xFF, 0xF0, 0xFF, 0x80, 0x00, 0x07, 0xFF, 0xF0, 0x7F, 0x80, 0x00, 0x03, 0xFF, 
  0xF8, 0x3F, 0xC0, 0x00, 0x03, 0xFF, 0xF8, 0x1F, 0xC0, 0x00, 0x03, 0xFF, 0xF8, 0x0F, 0xE0, 0x00, 
  0x01, 0xFF, 0xFC, 0x07, 0xF0, 0x00, 0x01, 0xFF, 0xFC, 0x03, 0xF8, 0x00, 0x01, 0xFF, 0xFE, 0x01, 
  0xFC, 0x00, 0x00, 0xFF, 0xFE, 0x00, 0xFE, 0x00, 0x00, 0xFF, 0xFE, 0x00, 0x7E, 0x00, 0x00, 0x7F, 
  0xFF, 0x00, 0x3F, 0x00, 0x00, 0x7F, 0xFF, 0x00, 0x00, 0x00, 0x00, 0x7F, 0xFF, 0x00, 0x00, 0x00, 
  0x00, 0x3F, 0xFF, 0x80, 0x00, 0x00, 0x00, 0x3F, 0xFF, 0x80, 0x00, 0x00, 0x00, 0x3F, 0xFF, 0xC0, 
  0x00, 0x00, 0x00, 0x1F, 0xFF, 0xC0, 0x00, 0x00, 0x00, 0x1F, 0xFF, 0xC0, 0x00, 0x00, 0x00, 0x0F, 
  0xFF, 0xE0, 0x00, 0x00, 0x00, 0x0F, 0xFF, 0xE0, 0x00, 0x00, 0x00, 0x0F, 0xFF, 0xE0, 0x00, 0x00, 
  0x00, 0x07, 0xFF, 0xF0, 0x00, 0x00, 0x00, 0x07, 0xFF, 0xF0, 0x00, 0x00, 0x00, 0x07, 0xFF, 0xF8, 
  0x00, 0x00, 0x00, 0x03, 0xFF, 0xF8, 0x00, 0x00, 0x00, 0x03, 0xFF, 0xF8, 0x00, 0x00, 0x00, 0x01, 
  0xFF, 0xFC, 0x00, 0x00, 0x00, 0x01, 0xFF, 0xFC, 0x00, 0x00, 0x00, 0x01, 0xFF, 0xFC, 0x00, 0x00, 
  0x00, 0x00, 0xFF, 0xFE, 0x00, 0x00, 0x00, 0x00, 0xFF, 0xFE, 0x00, 0x00, 0x00, 0x00, 0x7F, 0xFF, 
  0x00, 0x00, 0x00, 0x00, 0x7F, 0xFF, 0x00, 0x00, 0x00, 0x00, 0x7F, 0xFF, 0x00, 0x00, 0x00, 0x00, 
  0x3F, 0xFF, 0x80, 0x00, 0x00, 0x00, 0x3F, 0xFF, 0x80, 0x00, 0x00, 0x00, 0x3F, 0xFF, 0x80, 0x00, 
  0x00, 0x00, 0x1F, 0xFF, 0xC0, 0x00, 0x03, 0xF0, 0x1F, 0xFF, 0xC0, 0x00, 0x01, 0xF8, 0x0F, 0xFF, 
  0xE0, 0x00, 0x00, 0xFC, 0x0F, 0xFF, 0xE0, 0x00, 0x00, 0xFE, 0x0F, 0xFF, 0xE0, 0x00, 0x00, 0x7F, 
  0x07, 0xFF, 0xF0, 0x00, 0x00, 0x3F, 0x87, 0xFF, 0xF0, 0x00, 0x00, 0x1F, 0xC7, 0xFF, 0xF0, 0x00, 
  0x00, 0x0F, 0xE3, 0xFF, 0xF8, 0x00, 0x00, 0x0F, 0xF3, 0xFF, 0xF8, 0x00, 0x00, 0x07, 0xF9, 0xFF, 
  0xFC, 0x00, 0x00, 0x07, 0xFD, 0xFF, 0xFC, 0x00, 0x00, 0x07, 0xFF, 0xFF, 0xFC, 0x00, 0x00, 0x1F, 
  0xFF, 0xFF, 0xFF, 0xFF, 0xFF, 0xFF, 0xFF, 0xFF, 0xFF, 0xFF, 0xFF, 0xFF, 0xFF, 0xFF, 0xFF, 0xFF, 
  0xFF, 0xFF, 0xFF, 0xFF, 0xFF, 0xFF, 0xFF, 0xFF, 0xFF, 0xFF, 0xFF, 0xFF, 0xFF, 0xFF, 0xFF, 0xF8, 
  0xFF, 0xFF, 0xFF, 0xFF, 0xFF, 0xFF, 0xFF, 0xFF, 0xFF, 0xFF, 0xFF, 0xFF, 0xFF, 0xFF, 0xFF, 0xFF, 
  0xFF, 0x00, 0xFF, 0xFE, 0x00, 0xFF, 0xFC, 0x00, 0xFF, 0xFC, 0x00, 0xFF, 0xFC, 0x00, 0xFF, 0xF8, 
  0x00, 0xFF, 0xF8, 0x00, 0xFF, 0xF8, 0x00, 0xFF, 0xF8, 0x00, 0xFF, 0xF8, 0x00, 0xFF, 0xF8, 0x00, 
  0xFF, 0xF8, 0x00, 0xFF, 0xF8, 0x00, 0xFF, 0xF8, 0x00, 0xFF, 0xF8, 0x00, 0xFF, 0xF8, 0x00, 0xFF, 
  0xF8, 0x00, 0xFF, 0xF8, 0x00, 0xFF, 0xF8, 0x00, 0xFF, 0xF8, 0x00, 0xFF, 0xF8, 0x00, 0xFF, 0xF8, 
  0x00, 0xFF, 0xF8, 0x00, 0xFF, 0xF8, 0x00, 0xFF, 0xF8, 0x00, 0xFF, 0xF8, 0x00, 0xFF, 0xF8, 0x00, 
  0xFF, 0xF8, 0x00, 0xFF, 0xF8, 0x00, 0xFF, 0xF8, 0x00, 0xFF, 0xF8, 0x00, 0xFF, 0xF8, 0x00, 0xFF, 
  0xF8, 0x00, 0xFF, 0xF8, 0x00, 0xFF, 0xF8, 0x00, 0xFF, 0xF8, 0x00, 0xFF, 0xF8, 0x00, 0xFF, 0xF8, 
  0x00, 0xFF, 0xF8, 0x00, 0xFF, 0xF8, 0x00, 0xFF, 0xF8, 0x00, 0xFF, 0xF8, 0x00, 0xFF, 0xF8, 0x00, 
  0xFF, 0xF8, 0x00, 0xFF, 0xF8, 0x00, 0xFF, 0xF8, 0x00, 0xFF, 0xF8, 0x00, 0xFF, 0xF8, 0x00, 0xFF, 
  0xF8, 0x00, 0xFF, 0xF8, 0x00, 0xFF, 0xF8, 0x00, 0xFF, 0xF8, 0x00, 0xFF, 0xF8, 0x00, 0xFF, 0xF8, 
  0x00, 0xFF, 0xF8, 0x00, 0xFF, 0xF8, 0x00, 0xFF, 0xF8, 0x00, 0xFF, 0xF8, 0x00, 0xFF, 0xF8, 0x00, 
  0xFF, 0xF8, 0x00, 0xFF, 0xF8, 0x00, 0xFF, 0xFC, 0x00, 0xFF, 0xFC, 0x00, 0xFF, 0xFC, 0x00, 0xFF, 
  0xFE, 0x00, 0xFF, 0xFF, 0x00, 0xFF, 0xFF, 0xFF, 0xFF, 0xFF, 0xFF, 0xFF, 0xFF, 0xFF, 0xFF, 0xFF, 
  0xFF, 0xFF, 0xFF, 0xFF, 0xFC, 0x00, 0x00, 0xFC, 0x00, 0x00, 0x7E, 0x00, 0x00, 0x7E, 0x00, 0x00, 
  0x7E, 0x00, 0x00, 0x7E, 0x00, 0x00, 0x7F, 0x00, 0x00, 0x3F, 0x00, 0x00, 0x3F, 0x00, 0x00, 0x3F, 
  0x00, 0x00, 0x3F, 0x80, 0x00, 0x1F, 0x80, 0x00, 0x1F, 0x80, 0x00, 0x1F, 0x80, 0x00, 0x1F, 0xC0, 
  0x00, 0x0F, 0xC0, 0x00, 0x0F, 0xC0, 0x00, 0x0F, 0xC0, 0x00, 0x0F, 0xE0, 0x00, 0x07, 0xE0, 0x00, 
  0x07, 0xE0, 0x00, 0x07, 0xE0, 0x00, 0x07, 0xF0, 0x00, 0x03, 0xF0, 0x00, 0x03, 0xF0, 0x00, 0x03, 
  0xF0, 0x00, 0x03, 0xF0, 0x00, 0x01, 0xF8, 0x00, 0x01, 0xF8, 0x00, 0x01, 0xF8, 0x00, 0x01, 0xF8, 
  0x00, 0x00, 0xFC, 0x00, 0x00, 0xFC, 0x00, 0x00, 0xFC, 0x00, 0x00, 0xFC, 0x00, 0x00, 0x7E, 0x00, 
  0x00, 0x7E, 0x00, 0x00, 0x7E, 0x00, 0x00, 0x7E, 0x00, 0x00, 0x3F, 0x00, 0x00, 0x3F, 0x00, 0x00, 
  0x3F, 0x00, 0x00, 0x3F, 0x00, 0x00, 0x1F, 0x80, 0x00, 0x1F, 0x80, 0x00, 0x1F, 0x80, 0x00, 0x1F, 
  0x80, 0x00, 0x0F, 0xC0, 0x00, 0x0F, 0xC0, 0x00, 0x0F, 0xC0, 0x00, 0x0F, 0xC0, 0x00, 0x07, 0xE0, 
  0x00, 0x07, 0xE0, 0x00, 0x07, 0xE0, 0x00, 0x07, 0xE0, 0x00, 0x07, 0xF0, 0x00, 0x03, 0xF0, 0x00, 
  0x03, 0xF0, 0x00, 0x03, 0xF0, 0x00, 0x03, 0xF8, 0x00, 0x01, 0xF8, 0x00, 0x01, 0xF8, 0x00, 0x01, 
  0xF8, 0x00, 0x01, 0xFC, 0x00, 0x00, 0xFC, 0x00, 0x00, 0xFC, 0x00, 0x00, 0xFC, 0x00, 0x00, 0xFE, 
  0x00, 0x00, 0x7E, 0x00, 0x00, 0x7E, 0x00, 0x00, 0x7E, 0x00, 0x00, 0x7F, 0x00, 0x00, 0x3F, 0x00, 
  0x00, 0x3F, 0x00, 0x00, 0x3F, 0xFF, 0xFF, 0xFF, 0xFF, 0xFF, 0xFF, 0xFF, 0xFF, 0xFF, 0xFF, 0xFF, 
  0xFF, 0xFF, 0xFF, 0xFF, 0x00, 0xFF, 0xFF, 0x00, 0x7F, 0xFF, 0x00, 0x3F, 0xFF, 0x00, 0x3F, 0xFF, 
  0x00, 0x1F, 0xFF, 0x00, 0x1F, 0xFF, 0x00, 0x1F, 0xFF, 0x00, 0x1F, 0xFF, 0x00, 0x1F, 0xFF, 0x00, 
  0x1F, 0xFF, 0x00, 0x1F, 0xFF, 0x00, 0x1F, 0xFF, 0x00, 0x1F, 0xFF, 0x00, 0x1F, 0xFF, 0x00, 0x1F, 
  0xFF, 0x00, 0x1F, 0xFF, 0x00, 0x1F, 0xFF, 0x00, 0x1F, 0xFF, 0x00, 0x1F, 0xFF, 0x00, 0x1F, 0xFF, 
  0x00, 0x1F, 0xFF, 0x00, 0x1F, 0xFF, 0x00, 0x1F, 0xFF, 0x00, 0x1F, 0xFF, 0x00, 0x1F, 0xFF, 0x00, 
  0x1F, 0xFF, 0x00, 0x1F, 0xFF, 0x00, 0x1F, 0xFF, 0x00, 0x1F, 0xFF, 0x00, 0x1F, 0xFF, 0x00, 0x1F, 
  0xFF, 0x00, 0x1F, 0xFF, 0x00, 0x1F, 0xFF, 0x00, 0x1F, 0xFF, 0x00, 0x1F, 0xFF, 0x00, 0x1F, 0xFF, 
  0x00, 0x1F, 0xFF, 0x00, 0x1F, 0xFF, 0x00, 0x1F, 0xFF, 0x00, 0x1F, 0xFF, 0x00, 0x1F, 0xFF, 0x00, 
  0x1F, 0xFF, 0x00, 0x1F, 0xFF, 0x00, 0x1F, 0xFF, 0x00, 0x1F, 0xFF, 0x00, 0x1F, 0xFF, 0x00, 0x1F, 
  0xFF, 0x00, 0x1F, 0xFF, 0x00, 0x1F, 0xFF, 0x00, 0x1F, 0xFF, 0x00, 0x1F, 0xFF, 0x00, 0x1F, 0xFF, 
  0x00, 0x1F, 0xFF, 0x00, 0x1F, 0xFF, 0x00, 0x1F, 0xFF, 0x00, 0x1F, 0xFF, 0x00, 0x1F, 0xFF, 0x00, 
  0x1F, 0xFF, 0x00, 0x1F, 0xFF, 0x00, 0x1F, 0xFF, 0x00, 0x1F, 0xFF, 0x00, 0x1F, 0xFF, 0x00, 0x1F, 
  0xFF, 0x00, 0x3F, 0xFF, 0x00, 0x3F, 0xFF, 0x00, 0xFF, 0xFF, 0xFF, 0xFF, 0xFF, 0xFF, 0xFF, 0xFF, 
  0xFF, 0xFF, 0xFF, 0xFF, 0xFF, 0xFF, 0xFF, 0xFF, 0xFF, 0x00, 0x00, 0x3C, 0x00, 0x00, 0x00, 0x00, 
  0x3C, 0x00, 0x00, 0x00, 0x00, 0x7E, 0x00, 0x00, 0x00, 0x00, 0x7E, 0x00, 0x00, 0x00, 0x00, 0xFF, 
  0x00, 0x00, 0x00, 0x00, 0xFF, 0x00, 0x00, 0x00, 0x01, 0xFF, 0x80, 0x00, 0x00, 0x01, 0xFF, 0x80, 
  0x00, 0x00, 0x03, 0xFF, 0xC0, 0x00, 0x00, 0x03, 0xFF, 0xC0, 0x00, 0x00, 0x07, 0xEF, 0xE0, 0x00, 
  0x00, 0x07, 0xE7, 0xE0, 0x00, 0x00, 0x0F, 0xE7, 0xE0, 0x00, 0x00, 0x0F, 0xC3, 0xF0, 0x00, 0x00, 
  0x1F, 0xC3, 0xF0, 0x00, 0x00, 0x1F, 0x81, 0xF8, 0x00, 0x00, 0x1F, 0x81, 0xF8, 0x00, 0x00, 0x3F, 
  0x01, 0xFC, 0x00, 0x00, 0x3F, 0x00, 0xFC, 0x00, 0x00, 0x7E, 0x00, 0xFE, 0x00, 0x00, 0x7E, 0x00, 
  0x7E, 0x00, 0x00, 0xFE, 0x00, 0x7F, 0x00, 0x00, 0xFC, 0x00, 0x3F, 0x00, 0x01, 0xFC, 0x00, 0x3F, 
  0x80, 0x01, 0xF8, 0x00, 0x1F, 0x80, 0x03, 0xF8, 0x00, 0x1F, 0xC0, 0x03, 0xF0, 0x00, 0x0F, 0xC0, 
  0x07, 0xF0, 0x00, 0x0F, 0xE0, 0x07, 0xE0, 0x00, 0x0F, 0xE0, 0x0F, 0xE0, 0x00, 0x07, 0xE0, 0x0F, 
  0xC0, 0x00, 0x07, 0xF0, 0x1F, 0xC0, 0x00, 0x03, 0xF0, 0x1F, 0xC0, 0x00, 0x03, 0xF8, 0x1F, 0x80, 
  0x00, 0x01, 0xF8, 0x3F, 0x80, 0x00, 0x01, 0xFC, 0x3F, 0x00, 0x00, 0x00, 0xFC, 0x7F, 0x00, 0x00, 
  0x00, 0xFE, 0x7E, 0x00, 0x00, 0x00, 0x7E, 0xFE, 0x00, 0x00, 0x00, 0x7F, 0xFC, 0x00, 0x00, 0x00, 
  0x7F, 0xFF, 0xFF, 0xFF, 0xFF, 0xFF, 0xFF, 0xFF, 0xFF, 0xFF, 0xFF, 0xFF, 0xFF, 0xFF, 0xFF, 0xFF, 
  0xFF, 0xFF, 0xFF, 0xFF, 0xFF, 0xFF, 0xFF, 0xFF, 0xFF, 0xE0, 0xFF, 0xFC, 0x01, 0xFF, 0xF8, 0x03, 
  0xFF, 0xE0, 0x07, 0xFF, 0xC0, 0x0F, 0xFF, 0x00, 0x1F, 0xFE, 0x00, 0x3F, 0xFC, 0x00, 0x3F, 0xF0, 
  0x00, 0x7F, 0xE0, 0x00, 0xFF, 0xC0, 0x00, 0xFF, 0x80, 0x01, 0xFE, 0x00, 0x01, 0xFC, 0x00, 0x00, 
  0x3F, 0x80, 0x00, 0x00, 0x01, 0xFF, 0xFF, 0xC0, 0x00, 0x00, 0xFF, 0xFF, 0xFF, 0x00, 0x00, 0x3F, 
  0xFF, 0xFF, 0xFC, 0x00, 0x07, 0xFF, 0xFF, 0xFF, 0xE0, 0x00, 0xFF, 0xFF, 0xFF, 0xFF, 0x00, 0x0F, 
  0xFF, 0x81, 0xFF, 0xF8, 0x00, 0xFF, 0xF0, 0x0F, 0xFF, 0x80, 0x1F, 0xFE, 0x00, 0x7F, 0xFC, 0x01, 
  0xFF, 0xE0, 0x07, 0xFF, 0xC0, 0x0F, 0xFC, 0x00, 0x7F, 0xFC, 0x00, 0xFF, 0xC0, 0x03, 0xFF, 0xE0, 
  0x07, 0xFC, 0x00, 0x3F, 0xFE, 0x00, 0x3F, 0xC0, 0x03, 0xFF, 0xE0, 0x00, 0x1C, 0x00, 0x3F, 0xFE, 
  0x00, 0x00, 0x00, 0x03, 0xFF, 0xE0, 0x00, 0x00, 0x00, 0x3F, 0xFE, 0x00, 0x00, 0x00, 0x03, 0xFF, 
  0xE0, 0x00, 0x00, 0x00, 0x3F, 0xFE, 0x00, 0x00, 0x00, 0x03, 0xFF, 0xE0, 0x00, 0x01, 0xFF, 0xFF, 
  0xFE, 0x00, 0x03, 0xFF, 0xFF, 0xFF, 0xE0, 0x01, 0xFF, 0xFF, 0xFF, 0xFE, 0x00, 0x7F, 0xFF, 0xFF, 
  0xFF, 0xE0, 0x0F, 0xFF, 0xFF, 0x3F, 0xFE, 0x01, 0xFF, 0xFC, 0x03, 0xFF, 0xE0, 0x3F, 0xFF, 0x00, 
  0x3F, 0xFE, 0x07, 0xFF, 0xE0, 0x03, 0xFF, 0xE0, 0x7F, 0xFC, 0x00, 0x3F, 0xFE, 0x0F, 0xFF, 0xC0, 
  0x03, 0xFF, 0xE0, 0xFF, 0xF8, 0x00, 0x3F, 0xFE, 0x0F, 0xFF, 0x80, 0x03, 0xFF, 0xE0, 0xFF, 0xF8, 
  0x00, 0x3F, 0xFE, 0x0F, 0xFF, 0x80, 0x03, 0xFF, 0xE0, 0xFF, 0xF8, 0x00, 0x7F, 0xFE, 0x0F, 0xFF, 
  0x80, 0x07, 0xFF, 0xE0, 0xFF, 0xF8, 0x00, 0x7F, 0xFE, 0x0F, 0xFF, 0x80, 0x0F, 0xFF, 0xE0, 0xFF, 
  0xFC, 0x00, 0xFF, 0xFE, 0x07, 0xFF, 0xC0, 0x1F, 0xFF, 0xE0, 0x7F, 0xFE, 0x03, 0xFF, 0xFE, 0x07, 
  0xFF, 0xF9, 0xFD, 0xFF, 0xF0, 0x3F, 0xFF, 0xFF, 0x9F, 0xFF, 0xF1, 0xFF, 0xFF, 0xF1, 0xFF, 0xFF, 
  0x0F, 0xFF, 0xFE, 0x0F, 0xFF, 0xF0, 0x7F, 0xFF, 0xC0, 0xFF, 0xFF, 0x01, 0xFF, 0xF0, 0x0F, 0xFF, 
  0xF0, 0x03, 0xF8, 0x00, 0x00, 0x00, 0xFF, 0xFF, 0xF0, 0x00, 0x00, 0x00, 0x3F, 0xFF, 0xFC, 0x00, 
  0x00, 0x00, 0x0F, 0xFF, 0xFF, 0x00, 0x00, 0x00, 0x03, 0xFF, 0xFF, 0xC0, 0x00, 0x00, 0x00, 0xFF, 
  0xFF, 0xF0, 0x00, 0x00, 0x00, 0x01, 0xFF, 0xFC, 0x00, 0x00, 0x00, 0x00, 0x3F, 0xFF, 0x00, 0x00, 
  0x00, 0x00, 0x07, 0xFF, 0xC0, 0x00, 0x00, 0x00, 0x01, 0xFF, 0xF0, 0x00, 0x00, 0x00, 0x00, 0x7F, 
  0xFC, 0x00, 0x00, 0x00, 0x00, 0x1F, 0xFF, 0x00, 0x00, 0x00, 0x00, 0x07, 0xFF, 0xC0, 0x00, 0x00, 
  0x00, 0x01, 0xFF, 0xF0, 0x00, 0x00, 0x00, 0x00, 0x7F, 0xFC, 0x00, 0x00, 0x00, 0x00, 0x1F, 0xFF, 
  0x00, 0x00, 0x00, 0x00, 0x07, 0xFF, 0xC0, 0x00, 0x00, 0x00, 0x01, 0xFF, 0xF0, 0x00, 0x00, 0x00, 
  0x00, 0x7F, 0xFC, 0x00, 0x00, 0x00, 0x00, 0x1F, 0xFF, 0x00, 0x04, 0x00, 0x00, 0x07, 0xFF, 0xC0, 
  0x7F, 0xFC, 0x00, 0x01, 0xFF, 0xF0, 0x7F, 0xFF, 0xC0, 0x00, 0x7F, 0xFC, 0x3F, 0xFF, 0xF8, 0x00, 
  0x1F, 0xFF, 0x3F, 0xFF, 0xFF, 0x00, 0x07, 0xFF, 0xCF, 0xFF, 0xFF, 0xE0, 0x01, 0xFF, 0xF7, 0xFF, 
  0xFF, 0xFC, 0x00, 0x7F, 0xFF, 0xE0, 0x3F, 0xFF, 0x80, 0x1F, 0xFF, 0xF0, 0x03, 0xFF, 0xE0, 0x07, 
  0xFF, 0xF8, 0x00, 0xFF, 0xFC, 0x01, 0xFF, 0xFC, 0x00, 0x1F, 0xFF, 0x00, 0x7F, 0xFF, 0x00, 0x07, 
  0xFF, 0xC0, 0x1F, 0xFF, 0xC0, 0x00, 0xFF, 0xF8, 0x07, 0xFF, 0xE0, 0x00, 0x3F, 0xFE, 0x01, 0xFF, 
  0xF8, 0x00, 0x0F, 0xFF, 0x80, 0x7F, 0xFE, 0x00, 0x03, 0xFF, 0xE0, 0x1F, 0xFF, 0x80, 0x00, 0x7F, 
  0xFC, 0x07, 0xFF, 0xE0, 0x00, 0x1F, 0xFF, 0x01, 0xFF, 0xF8, 0x00, 0x07, 0xFF, 0xC0, 0x7F, 0xFE, 
  0x00, 0x01, 0xFF, 0xF0, 0x1F, 0xFF, 0x80, 0x00, 0x7F, 0xFC, 0x07, 0xFF, 0xC0, 0x00, 0x1F, 0xFF, 
  0x01, 0xFF, 0xF0, 0x00, 0x07, 0xFF, 0xC0, 0x7F, 0xFC, 0x00, 0x01, 0xFF, 0xF0, 0x1F, 0xFF, 0x00, 
  0x00, 0x7F, 0xFC, 0x07, 0xFF, 0xC0, 0x00, 0x1F, 0xFF, 0x01, 0xFF, 0xF0, 0x00, 0x07, 0xFF, 0xC0, 
  0x7F, 0xFE, 0x00, 0x01, 0xFF, 0xF0, 0x1F, 0xFF, 0x80, 0x00, 0x7F, 0xFC, 0x07, 0xFF, 0xE0, 0x00, 
  0x1F, 0xFF, 0x01, 0xFF, 0xF8, 0x00, 0x07, 0xFF, 0xC0, 0x7F, 0xFE, 0x00, 0x01, 0xFF, 0xF0, 0x1F, 
  0xFF, 0x80, 0x00, 0xFF, 0xF8, 0x07, 0xFF, 0xE0, 0x00, 0x3F, 0xFE, 0x01, 0xFF, 0xF8, 0x00, 0x0F, 
  0xFF, 0x80, 0x7F, 0xFF, 0x00, 0x03, 0xFF, 0xE0, 0x1F, 0xFF, 0xC0, 0x01, 0xFF, 0xF8, 0x07, 0xFF, 
  0xF8, 0x00, 0x7F, 0xFC, 0x01, 0xFF, 0xFE, 0x00, 0x3F, 0xFF, 0x00, 0x7F, 0xFF, 0xC0, 0x0F, 0xFF, 
  0x80, 0x3F, 0xFE, 0xF8, 0x07, 0xFF, 0xE0, 0x1F, 0xFF, 0xBF, 0xFF, 0xFF, 0xF0, 0xFF, 0xFF, 0xC7, 
  0xFF, 0xFF, 0xF8, 0x3F, 0xFF, 0xF0, 0xFF, 0xFF, 0xFE, 0x0F, 0xFF, 0xFC, 0x1F, 0xFF, 0xFE, 0x03, 
  0xFF, 0xFE, 0x03, 0xFF, 0xFF, 0x00, 0xFF, 0xFF, 0x80, 0x3F, 0xFF, 0x00, 0x00, 0x00, 0x00, 0x01, 
  0xFC, 0x00, 0x00, 0x00, 0x00, 0x3E, 0x80, 0x00, 0x00, 0x1F, 0xFF, 0xF0, 0x00, 0x03, 0xFF, 0xFF, 
  0xF8, 0x00, 0x3F, 0xFF, 0xFF, 0xF0, 0x01, 0xFF, 0xFF, 0xFF, 0xF0, 0x0F, 0xFF, 0xFF, 0xFF, 0xC0, 
  0x7F, 0xFC, 0x0F, 0xFF, 0x83, 0xFF, 0xE0, 0x1F, 0xFE, 0x0F, 0xFF, 0x00, 0x7F, 0xFC, 0x7F, 0xF8, 
  0x00, 0xFF, 0xF3, 0xFF, 0xE0, 0x03, 0xFF, 0xCF, 0xFF, 0x00, 0x0F, 0xFE, 0x3F, 0xFC, 0x00, 0x3F, 
  0xF9, 0xFF, 0xF0, 0x00, 0x7F, 0xC7, 0xFF, 0xC0, 0x01, 0xFE, 0x1F, 0xFF, 0x00, 0x07, 0xE0, 0x7F, 
  0xFC, 0x00, 0x00, 0x03, 0xFF, 0xE0, 0x00, 0x00, 0x0F, 0xFF, 0x80, 0x00, 0x00, 0x3F, 0xFE, 0x00, 
  0x00, 0x00, 0xFF, 0xF8, 0x00, 0x00, 0x03, 0xFF, 0xE0, 0x00, 0x00, 0x0F, 0xFF, 0x80, 0x00, 0x00, 
  0x3F, 0xFE, 0x00, 0x00, 0x00, 0xFF, 0xF8, 0x00, 0x00, 0x03, 0xFF, 0xE0, 0x00, 0x00, 0x0F, 0xFF, 
  0x80, 0x00, 0x00, 0x3F, 0xFE, 0x00, 0x00, 0x00, 0xFF, 0xF8, 0x00, 0x00, 0x03, 0xFF, 0xE0, 0x00, 
  0x00, 0x0F, 0xFF, 0x80, 0x00, 0x00, 0x3F, 0xFF, 0x00, 0x00, 0x00, 0x7F, 0xFC, 0x00, 0x00, 0x01, 
  0xFF, 0xF0, 0x00, 0x00, 0x07, 0xFF, 0xC0, 0x00, 0x00, 0x1F, 0xFF, 0x80, 0x00, 0x06, 0x3F, 0xFE, 
  0x00, 0x00, 0x38, 0xFF, 0xFC, 0x00, 0x01, 0xE1, 0xFF, 0xF0, 0x00, 0x0F, 0xC7, 0xFF, 0xE0, 0x00, 
  0x7E, 0x0F, 0xFF, 0xE0, 0x07, 0xF8, 0x1F, 0xFF, 0xFF, 0xFF, 0xE0, 0x3F, 0xFF, 0xFF, 0xFF, 0x00, 
  0x7F, 0xFF, 0xFF, 0xF8, 0x00, 0xFF, 0xFF, 0xFF, 0xC0, 0x00, 0xFF, 0xFF, 0xFC, 0x00, 0x00, 0xFF, 
  0xFF, 0xC0, 0x00, 0x00, 0x1F, 0xF0, 0x00, 0x00, 0x00, 0x03, 0xFF, 0xFF, 0xE0, 0x00, 0x00, 0x00, 
  0xFF, 0xFF, 0xF8, 0x00, 0x00, 0x00, 0x3F, 0xFF, 0xFE, 0x00, 0x00, 0x00, 0x0F, 0xFF, 0xFF, 0x80, 
  0x00, 0x00, 0x03, 0xFF, 0xFF, 0xE0, 0x00, 0x00, 0x00, 0x07, 0xFF, 0xF8, 0x00, 0x00, 0x00, 0x00, 
  0xFF, 0xFE, 0x00, 0x00, 0x00, 0x00, 0x1F, 0xFF, 0x80, 0x00, 0x00, 0x00, 0x07, 0xFF, 0xE0, 0x00, 
  0x00, 0x00, 0x00, 0xFF, 0xF8, 0x00, 0x00, 0x00, 0x00, 0x3F, 0xFE, 0x00, 0x00, 0x00, 0x00, 0x0F, 
  0xFF, 0x80, 0x00, 0x00, 0x00, 0x03, 0xFF, 0xE0, 0x00, 0x00, 0x00, 0x00, 0xFF, 0xF8, 0x00, 0x00, 
  0x00, 0x00, 0x3F, 0xFE, 0x00, 0x00, 0x00, 0x00, 0x0F, 0xFF, 0x80, 0x00, 0x00, 0x00, 0x03, 0xFF, 
  0xE0, 0x00, 0x00, 0x00, 0x00, 0xFF, 0xF8, 0x00, 0x00, 0x0E, 0x00, 0x3F, 0xFE, 0x00, 0x00, 0x7F, 
  0xF8, 0x0F, 0xFF, 0x80, 0x00, 0x7F, 0xFF, 0x83, 0xFF, 0xE0, 0x00, 0x7F, 0xFF, 0xF0, 0xFF, 0xF8, 
  0x00, 0x3F, 0xFF, 0xFF, 0x3F, 0xFE, 0x00, 0x1F, 0xFF, 0xFF, 0xCF, 0xFF, 0x80, 0x0F, 0xFF, 0xFF, 
  0xFB, 0xFF, 0xE0, 0x03, 0xFF, 0xF0, 0x3F, 0xFF, 0xF8, 0x01, 0xFF, 0xF8, 0x03, 0xFF, 0xFE, 0x00, 
  0xFF, 0xFC, 0x00, 0x7F, 0xFF, 0x80, 0x3F, 0xFE, 0x00, 0x1F, 0xFF, 0xE0, 0x0F, 0xFF, 0x80, 0x03, 
  0xFF, 0xF8, 0x07, 0xFF, 0xC0, 0x00, 0xFF, 0xFE, 0x01, 0xFF, 0xF0, 0x00, 0x1F, 0xFF, 0x80, 0x7F, 
  0xFC, 0x00, 0x07, 0xFF, 0xE0, 0x1F, 0xFF, 0x00, 0x01, 0xFF, 0xF8, 0x0F, 0xFF, 0x80, 0x00, 0x7F, 
  0xFE, 0x03, 0xFF, 0xE0, 0x00, 0x1F, 0xFF, 0x80, 0xFF, 0xF8, 0x00, 0x07, 0xFF, 0xE0, 0x3F, 0xFE, 
  0x00, 0x01, 0xFF, 0xF8, 0x0F, 0xFF, 0x80, 0x00, 0x3F, 0xFE, 0x03, 0xFF, 0xE0, 0x00, 0x0F, 0xFF, 
  0x80, 0xFF, 0xF8, 0x00, 0x03, 0xFF, 0xE0, 0x3F, 0xFE, 0x00, 0x00, 0xFF, 0xF8, 0x0F, 0xFF, 0x80, 
  0x00, 0x3F, 0xFE, 0x03, 0xFF, 0xE0, 0x00, 0x0F, 0xFF, 0x80, 0xFF, 0xF8, 0x00, 0x03, 0xFF, 0xE0, 
  0x3F, 0xFE, 0x00, 0x00, 0xFF, 0xF8, 0x0F, 0xFF, 0x80, 0x00, 0x7F, 0xFE, 0x03, 0xFF, 0xE0, 0x00, 
  0x1F, 0xFF, 0x80, 0xFF, 0xF8, 0x00, 0x07, 0xFF, 0xE0, 0x3F, 0xFE, 0x00, 0x01, 0xFF, 0xF8, 0x07, 
  0xFF, 0xC0, 0x00, 0x7F, 0xFE, 0x01, 0xFF, 0xF0, 0x00, 0x1F, 0xFF, 0x80, 0x7F, 0xFC, 0x00, 0x07, 
  0xFF, 0xE0, 0x1F, 0xFF, 0x00, 0x03, 0xFF, 0xF8, 0x07, 0xFF, 0xE0, 0x00, 0xFF, 0xFE, 0x00, 0xFF, 
  0xF8, 0x00, 0x3F, 0xFF, 0x80, 0x3F, 0xFF, 0x00, 0x1F, 0xFF, 0xE0, 0x07, 0xFF, 0xC0, 0x0F, 0xFF, 
  0xF8, 0x01, 0xFF, 0xF8, 0x07, 0xDF, 0xFF, 0x00, 0x3F, 0xFF, 0xFF, 0xF7, 0xFF, 0xE0, 0x07, 0xFF, 
  0xFF, 0xF9, 0xFF, 0xFF, 0xC1, 0xFF, 0xFF, 0xFC, 0x3F, 0xFF, 0xF0, 0x1F, 0xFF, 0xFE, 0x0F, 0xFF, 
  0xFC, 0x03, 0xFF, 0xFF, 0x03, 0xFF, 0xFF, 0x00, 0x3F, 0xFF, 0x00, 0x7F, 0xFF, 0xC0, 0x01, 0xFE, 
  0x00, 0x00, 0x00, 0x00, 0x00, 0x00, 0x1E, 0x00, 0x00, 0x00, 0x03, 0xFF, 0xFC, 0x00, 0x00, 0x07, 
  0xFF, 0xFF, 0x80, 0x00, 0x0F, 0xFF, 0xFF, 0xF0, 0x00, 0x0F, 0xFF, 0xFF, 0xFE, 0x00, 0x1F, 0xFF, 
  0xFF, 0xFF, 0x80, 0x1F, 0xFF, 0x83, 0xFF, 0xE0, 0x0F, 0xFF, 0x00, 0xFF, 0xF0, 0x0F, 0xFF, 0x00, 
  0x3F, 0xFC, 0x0F, 0xFF, 0x80, 0x1F, 0xFF, 0x07, 0xFF, 0x80, 0x07, 0xFF, 0x87, 0xFF, 0xC0, 0x03, 
  0xFF, 0xC3, 0xFF, 0xC0, 0x01, 0xFF, 0xF3, 0xFF, 0xE0, 0x00, 0xFF, 0xF9, 0xFF, 0xF0, 0x00, 0x3F, 
  0xFC, 0xFF, 0xF8, 0x00, 0x1F, 0xFF, 0x7F, 0xFC, 0x00, 0x0F, 0xFF, 0xBF, 0xFC, 0x00, 0x07, 0xFF, 
  0xFF, 0xFE, 0x00, 0x03, 0xFF, 0xFF, 0xFF, 0x00, 0x01, 0xFF, 0xFF, 0xFF, 0xFF, 0xFF, 0xFF, 0xFF, 
  0xFF, 0xFF, 0xFF, 0xFF, 0xFF, 0xFF, 0xFF, 0xFF, 0xFF, 0xFF, 0xFF, 0xFF, 0xFF, 0xFF, 0xFF, 0xFF, 
  0xFF, 0xFF, 0xFF, 0xFF, 0xFF, 0xFC, 0x00, 0x00, 0x00, 0x3F, 0xFE, 0x00, 0x00, 0x00, 0x1F, 0xFF, 
  0x00, 0x00, 0x00, 0x0F, 0xFF, 0x80, 0x00, 0x00, 0x07, 0xFF, 0xC0, 0x00, 0x00, 0x03, 0xFF, 0xF0, 
  0x00, 0x00, 0x00, 0xFF, 0xF8, 0x00, 0x00, 0x00, 0x7F, 0xFC, 0x00, 0x00, 0x00, 0x3F, 0xFE, 0x00, 
  0x00, 0x00, 0x1F, 0xFF, 0x80, 0x00, 0x02, 0x07, 0xFF, 0xC0, 0x00, 0x01, 0x83, 0xFF, 0xF0, 0x00, 
  0x01, 0xE0, 0xFF, 0xF8, 0x00, 0x01, 0xF0, 0x7F, 0xFE, 0x00, 0x01, 0xF8, 0x1F, 0xFF, 0x80, 0x01, 
  0xFC, 0x07, 0xFF, 0xF0, 0x03, 0xFE, 0x03, 0xFF, 0xFF, 0xFF, 0xFE, 0x00, 0xFF, 0xFF, 0xFF, 0xFF, 
  0x00, 0x3F, 0xFF, 0xFF, 0xFF, 0x00, 0x07, 0xFF, 0xFF, 0xFE, 0x00, 0x00, 0xFF, 0xFF, 0xFE, 0x00, 
  0x00, 0x1F, 0xFF, 0xF8, 0x00, 0x00, 0x00, 0xFF, 0xC0, 0x00, 0x00, 0x00, 0x3F, 0xFF, 0x80, 0x00, 
  0x03, 0xFF, 0xFF, 0xE0, 0x00, 0x1F, 0xFF, 0xFF, 0xE0, 0x00, 0x7F, 0xFF, 0xFF, 0xE0, 0x01, 0xFF, 
  0xFF, 0xFF, 0xC0, 0x07, 0xFF, 0xC3, 0xFF, 0xC0, 0x0F, 0xFF, 0x03, 0xFF, 0x00, 0x3F, 0xFC, 0x03, 
  0xFE, 0x00, 0x7F, 0xF8, 0x07, 0xFC, 0x01, 0xFF, 0xF0, 0x0F, 0xF0, 0x03, 0xFF, 0xE0, 0x1F, 0xC0, 
  0x07, 0xFF, 0xC0, 0x38, 0x00, 0x0F, 0xFF, 0x80, 0x00, 0x00, 0x1F, 0xFE, 0x00, 0x00, 0x00, 0x3F, 
  0xFC, 0x00, 0x00, 0x00, 0x7F, 0xF8, 0x00, 0x00, 0x00, 0xFF, 0xF0, 0x00, 0x00, 0x01, 0xFF, 0xE0, 
  0x00, 0x00, 0x03, 0xFF, 0xC0, 0x00, 0x07, 0xFF, 0xFF, 0xFF, 0xF8, 0x0F, 0xFF, 0xFF, 0xFF, 0xF0, 
  0x1F, 0xFF, 0xFF, 0xFF, 0xE0, 0x3F, 0xFF, 0xFF, 0xFF, 0xC0, 0x7F, 0xFF, 0xFF, 0xFF, 0x80, 0xFF, 
  0xFF, 0xFF, 0xFF, 0x00, 0x01, 0xFF, 0xE0, 0x00, 0x00, 0x03, 0xFF, 0xC0, 0x00, 0x00, 0x07, 0xFF, 
  0x80, 0x00, 0x00, 0x0F, 0xFF, 0x00, 0x00, 0x00, 0x1F, 0xFE, 0x00, 0x00, 0x00, 0x3F, 0xFC, 0x00, 
  0x00, 0x00, 0x7F, 0xF8, 0x00, 0x00, 0x00, 0xFF, 0xF0, 0x00, 0x00, 0x01, 0xFF, 0xE0, 0x00, 0x00, 
  0x03, 0xFF, 0xC0, 0x00, 0x00, 0x07, 0xFF, 0x80, 0x00, 0x00, 0x0F, 0xFF, 0x00, 0x00, 0x00, 0x1F, 
  0xFE, 0x00, 0x00, 0x00, 0x3F, 0xFC, 0x00, 0x00, 0x00, 0x7F, 0xF8, 0x00, 0x00, 0x00, 0xFF, 0xF0, 
  0x00, 0x00, 0x01, 0xFF, 0xE0, 0x00, 0x00, 0x03, 0xFF, 0xC0, 0x00, 0x00, 0x07, 0xFF, 0x80, 0x00, 
  0x00, 0x0F, 0xFF, 0x00, 0x00, 0x00, 0x1F, 0xFE, 0x00, 0x00, 0x00, 0x3F, 0xFC, 0x00, 0x00, 0x00, 
  0x7F, 0xF8, 0x00, 0x00, 0x00, 0xFF, 0xF0, 0x00, 0x00, 0x01, 0xFF, 0xE0, 0x00, 0x00, 0x03, 0xFF, 
  0xC0, 0x00, 0x00, 0x07, 0xFF, 0x80, 0x00, 0x00, 0x0F, 0xFF, 0x00, 0x00, 0x00, 0x1F, 0xFE, 0x00, 
  0x00, 0x00, 0x3F, 0xFC, 0x00, 0x00, 0x00, 0x7F, 0xF8, 0x00, 0x00, 0x01, 0xFF, 0xF8, 0x00, 0x00, 
  0x03, 0xFF, 0xF0, 0x00, 0x00, 0x07, 0xFF, 0xE0, 0x00, 0x00, 0x3F, 0xFF, 0xE0, 0x00, 0x0F, 0xFF, 
  0xFF, 0xFF, 0xE0, 0x1F, 0xFF, 0xFF, 0xFF, 0xC0, 0x3F, 0xFF, 0xFF, 0xFF, 0x80, 0x7F, 0xFF, 0xFF, 
  0xFF, 0x00, 0xFF, 0xFF, 0xFF, 0xFE, 0x00, 0x00, 0x00, 0x00, 0x00, 0x03, 0xF8, 0x00, 0x00, 0x00, 
  0x00, 0x1F, 0xF8, 0x00, 0x00, 0x7E, 0x00, 0x7F, 0xF8, 0x00, 0x1F, 0xFF, 0xE1, 0xFF, 0xF0, 0x01, 
  0xFF, 0xFF, 0xF7, 0xFF, 0xE0, 0x0F, 0xFF, 0xFF, 0xFF, 0xFF, 0xC0, 0x3F, 0xFF, 0xFF, 0xFF, 0x7F, 
  0x80, 0xFF, 0xFF, 0xFF, 0xF8, 0x3F, 0x03, 0xFF, 0xC0, 0x7F, 0xF8, 0x7C, 0x07, 0xFF, 0x00, 0x7F, 
  0xF0, 0x60, 0x1F, 0xFE, 0x00, 0x7F, 0xF0, 0x00, 0x3F, 0xF8, 0x00, 0xFF, 0xF0, 0x00, 0x7F, 0xF0, 
  0x00, 0xFF, 0xE0, 0x01, 0xFF, 0xE0, 0x01, 0xFF, 0xC0, 0x03, 0xFF, 0xC0, 0x03, 0xFF, 0xC0, 0x07, 
  0xFF, 0x00, 0x07, 0xFF, 0x80, 0x0F, 0xFE, 0x00, 0x0F, 0xFF, 0x00, 0x1F, 0xFC, 0x00, 0x1F, 0xFE, 
  0x00, 0x3F, 0xF8, 0x00, 0x3F, 0xFC, 0x00, 0x7F, 0xF0, 0x00, 0x7F, 0xF8, 0x00, 0xFF, 0xF0, 0x00, 
  0xFF, 0xF0, 0x01, 0xFF, 0xE0, 0x01, 0xFF, 0xC0, 0x03, 0xFF, 0xC0, 0x03, 0xFF, 0x80, 0x03, 0xFF, 
  0x80, 0x07, 0xFF, 0x00, 0x07, 0xFF, 0x00, 0x1F, 0xFC, 0x00, 0x07, 0xFF, 0x00, 0x3F, 0xF8, 0x00, 
  0x0F, 0xFF, 0x00, 0xFF, 0xE0, 0x00, 0x0F, 0xFF, 0x07, 0xFF, 0xC0, 0x00, 0x0F, 0xFF, 0xFF, 0xFF, 
  0x00, 0x00, 0x0F, 0xFF, 0xFF, 0xFC, 0x00, 0x00, 0x07, 0xFF, 0xFF, 0xE0, 0x00, 0x00, 0x03, 0xFF, 
  0xFF, 0x00, 0x00, 0x00, 0x1F, 0xFF, 0xE0, 0x00, 0x00, 0x00, 0xFE, 0x00, 0x00, 0x00, 0x00, 0x03, 
  0xF8, 0x00, 0x00, 0x00, 0x00, 0x0F, 0xE0, 0x00, 0x00, 0x00, 0x00, 0x3F, 0xC0, 0x00, 0x00, 0x00, 
  0x00, 0x7F, 0x80, 0x00, 0x00, 0x00, 0x00, 0xFF, 0x80, 0x00, 0x00, 0x00, 0x03, 0xFF, 0x80, 0x00, 
  0x00, 0x00, 0x07, 0xFF, 0xFF, 0xFF, 0xE0, 0x00, 0x07, 0xFF, 0xFF, 0xFF, 0xF8, 0x00, 0x0F, 0xFF, 
  0xFF, 0xFF, 0xFC, 0x00, 0x1F, 0xFF, 0xFF, 0xFF, 0xFC, 0x00, 0x1F, 0xFF, 0xFF, 0xFF, 0xFC, 0x00, 
  0x1F, 0xFF, 0xFF, 0xFF, 0xFC, 0x00, 0x0F, 0xFF, 0xFF, 0xFF, 0xF8, 0x00, 0x1F, 0xFF, 0xFF, 0xFF, 
  0xF8, 0x01, 0xFF, 0xFF, 0xFF, 0xFF, 0xF0, 0x0F, 0xFF, 0xFF, 0xFF, 0xFF, 0xE0, 0x7F, 0xFF, 0xFF, 
  0xFF, 0xFF, 0xE1, 0xFF, 0xC0, 0x00, 0x07, 0xFF, 0xC7, 0xFF, 0x00, 0x00, 0x03, 0xFF, 0x8F, 0xFC, 
  0x00, 0x00, 0x07, 0xFF, 0x1F, 0xF8, 0x00, 0x00, 0x0F, 0xFE, 0x7F, 0xE0, 0x00, 0x00, 0x1F, 0xF8, 
  0xFF, 0xC0, 0x00, 0x00, 0x3F, 0xF1, 0xFF, 0x80, 0x00, 0x00, 0x7F, 0xE3, 0xFF, 0x00, 0x00, 0x00, 
  0xFF, 0xC7, 0xFF, 0x00, 0x00, 0x03, 0xFF, 0x07, 0xFE, 0x00, 0x00, 0x07, 0xFE, 0x0F, 0xFE, 0x00, 
  0x00, 0x3F, 0xF8, 0x1F, 0xFE, 0x00, 0x00, 0xFF, 0xE0, 0x1F, 0xFF, 0x80, 0x1F, 0xFF, 0x80, 0x1F, 
  0xFF, 0xFF, 0xFF, 0xFE, 0x00, 0x1F, 0xFF, 0xFF, 0xFF, 0xF0, 0x00, 0x0F, 0xFF, 0xFF, 0xFF, 0x80, 
  0x00, 0x07, 0xFF, 0xFF, 0xFC, 0x00, 0x00, 0x00, 0x7F, 0xFF, 0x00, 0x00, 0x00, 0xFF, 0xFF, 0xF0, 
  0x00, 0x00, 0x00, 0x03, 0xFF, 0xFF, 0xC0, 0x00, 0x00, 0x00, 0x0F, 0xFF, 0xFF, 0x00, 0x00, 0x00, 
  0x00, 0x3F, 0xFF, 0xFC, 0x00, 0x00, 0x00, 0x00, 0xFF, 0xFF, 0xF0, 0x00, 0x00, 0x00, 0x00, 0x1F, 
  0xFF, 0xC0, 0x00, 0x00, 0x00, 0x00, 0x3F, 0xFF, 0x00, 0x00, 0x00, 0x00, 0x00, 0x7F, 0xFC, 0x00, 
  0x00, 0x00, 0x00, 0x01, 0xFF, 0xF0, 0x00, 0x00, 0x00, 0x00, 0x07, 0xFF, 0xC0, 0x00, 0x00, 0x00, 
  0x00, 0x1F, 0xFF, 0x00, 0x00, 0x00, 0x00, 0x00, 0x7F, 0xFC, 0x00, 0x00, 0x00, 0x00, 0x01, 0xFF, 
  0xF0, 0x00, 0x00, 0x00, 0x00, 0x07, 0xFF, 0xC0, 0x00, 0x00, 0x00, 0x00, 0x1F, 0xFF, 0x00, 0x00, 
  0x00, 0x00, 0x00, 0x7F, 0xFC, 0x00, 0x00, 0x00, 0x00, 0x01, 0xFF, 0xF0, 0x00, 0x00, 0x00, 0x00, 
  0x07, 0xFF, 0xC0, 0x00, 0x00, 0x00, 0x00, 0x1F, 0xFF, 0x00, 0x1E, 0x00, 0x00, 0x00, 0x7F, 0xFC, 
  0x07, 0xFF, 0xC0, 0x00, 0x01, 0xFF, 0xF0, 0x7F, 0xFF, 0xC0, 0x00, 0x07, 0xFF, 0xC3, 0xFF, 0xFF, 
  0x80, 0x00, 0x1F, 0xFF, 0x1F, 0xFF, 0xFF, 0x00, 0x00, 0x7F, 0xFC, 0xFF, 0xFF, 0xFE, 0x00, 0x01, 
  0xFF, 0xF7, 0xFF, 0xFF, 0xFC, 0x00, 0x07, 0xFF, 0xFF, 0xFF, 0xFF, 0xF0, 0x00, 0x1F, 0xFF, 0xF8, 
  0x1F, 0xFF, 0xC0, 0x00, 0x7F, 0xFF, 0x80, 0x3F, 0xFF, 0x80, 0x01, 0xFF, 0xFE, 0x00, 0x7F, 0xFE, 
  0x00, 0x07, 0xFF, 0xF0, 0x01, 0xFF, 0xF8, 0x00, 0x1F, 0xFF, 0xC0, 0x03, 0xFF, 0xE0, 0x00, 0x7F, 
  0xFE, 0x00, 0x0F, 0xFF, 0x80, 0x01, 0xFF, 0xF8, 0x00, 0x3F, 0xFE, 0x00, 0x07, 0xFF, 0xE0, 0x00, 
  0xFF, 0xFC, 0x00, 0x1F, 0xFF, 0x80, 0x03, 0xFF, 0xF0, 0x00, 0x7F, 0xFE, 0x00, 0x07, 0xFF, 0xC0, 
  0x01, 0xFF, 0xF8, 0x00, 0x1F, 0xFF, 0x00, 0x07, 0xFF, 0xE0, 0x00, 0x7F, 0xFC, 0x00, 0x1F, 0xFF, 
  0x80, 0x01, 0xFF, 0xF0, 0x00, 0x7F, 0xFE, 0x00, 0x07, 0xFF, 0xC0, 0x01, 0xFF, 0xF8, 0x00, 0x1F, 
  0xFF, 0x00, 0x07, 0xFF, 0xE0, 0x00, 0x7F, 0xFC, 0x00, 0x1F, 0xFF, 0x80, 0x01, 0xFF, 0xF0, 0x00, 
  0x7F, 0xFE, 0x00, 0x07, 0xFF, 0xC0, 0x01, 0xFF, 0xF8, 0x00, 0x1F, 0xFF, 0x00, 0x07, 0xFF, 0xE0, 
  0x00, 0x7F, 0xFC, 0x00, 0x1F, 0xFF, 0x80, 0x01, 0xFF, 0xF0, 0x00, 0x7F, 0xFE, 0x00, 0x07, 0xFF, 
  0xC0, 0x01, 0xFF, 0xF8, 0x00, 0x1F, 0xFF, 0x00, 0x07, 0xFF, 0xE0, 0x00, 0x7F, 0xFC, 0x00, 0x1F, 
  0xFF, 0x80, 0x01, 0xFF, 0xF0, 0x00, 0x7F, 0xFE, 0x00, 0x07, 0xFF, 0xC0, 0x01, 0xFF, 0xF8, 0x00, 
  0x1F, 0xFF, 0x00, 0x07, 0xFF, 0xE0, 0x00, 0x7F, 0xFC, 0x00, 0x1F, 0xFF, 0x80, 0x01, 0xFF, 0xF0, 
  0x00, 0x7F, 0xFE, 0x00, 0x07, 0xFF, 0xC0, 0x01, 0xFF, 0xF8, 0x00, 0x1F, 0xFF, 0x00, 0x07, 0xFF, 
  0xE0, 0x00, 0x7F, 0xFC, 0x00, 0x1F, 0xFF, 0x80, 0x01, 0xFF, 0xF0, 0x00, 0xFF, 0xFF, 0x00, 0x07, 
  0xFF, 0xE0, 0x7F, 0xFF, 0xFF, 0xE0, 0x1F, 0xFF, 0xFD, 0xFF, 0xFF, 0xFF, 0x80, 0x7F, 0xFF, 0xF7, 
  0xFF, 0xFF, 0xFE, 0x01, 0xFF, 0xFF, 0xDF, 0xFF, 0xFF, 0xF8, 0x07, 0xFF, 0xFF, 0x7F, 0xFF, 0xFF, 
  0xE0, 0x1F, 0xFF, 0xFC, 0x00, 0x7F, 0xC0, 0x00, 0x1F, 0xFC, 0x00, 0x07, 0xFF, 0xC0, 0x00, 0xFF, 
  0xFC, 0x00, 0x3F, 0xFF, 0x80, 0x07, 0xFF, 0xF0, 0x00, 0xFF, 0xFE, 0x00, 0x0F, 0xFF, 0xC0, 0x01, 
  0xFF, 0xF0, 0x00, 0x1F, 0xFE, 0x00, 0x01, 0xFF, 0x00, 0x00, 0x0F, 0x80, 0x00, 0x00, 0x00, 0x00, 
  0x00, 0x00, 0x00, 0x00, 0x00, 0x00, 0x00, 0x00, 0x00, 0x00, 0x00, 0x00, 0x00, 0x00, 0x00, 0x00, 
  0x00, 0x00, 0x00, 0x00, 0x7F, 0xFF, 0xF8, 0x0F, 0xFF, 0xFF, 0x01, 0xFF, 0xFF, 0xE0, 0x3F, 0xFF, 
  0xFC, 0x07, 0xFF, 0xFF, 0x80, 0x07, 0xFF, 0xF0, 0x00, 0x7F, 0xFE, 0x00, 0x07, 0xFF, 0xC0, 0x00, 
  0xFF, 0xF8, 0x00, 0x1F, 0xFF, 0x00, 0x03, 0xFF, 0xE0, 0x00, 0x7F, 0xFC, 0x00, 0x0F, 0xFF, 0x80, 
  0x01, 0xFF, 0xF0, 0x00, 0x3F, 0xFE, 0x00, 0x07, 0xFF, 0xC0, 0x00, 0xFF, 0xF8, 0x00, 0x1F, 0xFF, 
  0x00, 0x03, 0xFF, 0xE0, 0x00, 0x7F, 0xFC, 0x00, 0x0F, 0xFF, 0x80, 0x01, 0xFF, 0xF0, 0x00, 0x3F, 
  0xFE, 0x00, 0x07, 0xFF, 0xC0, 0x00, 0xFF, 0xF8, 0x00, 0x1F, 0xFF, 0x00, 0x03, 0xFF, 0xE0, 0x00, 
  0x7F, 0xFC, 0x00, 0x0F, 0xFF, 0x80, 0x01, 0xFF, 0xF0, 0x00, 0x3F, 0xFE, 0x00, 0x07, 0xFF, 0xC0, 
  0x00, 0xFF, 0xF8, 0x00, 0x1F, 0xFF, 0x00, 0x03, 0xFF, 0xE0, 0x00, 0x7F, 0xFC, 0x00, 0x0F, 0xFF, 
  0x80, 0x01, 0xFF, 0xF8, 0x00, 0x3F, 0xFF, 0x00, 0x0F, 0xFF, 0xE0, 0x03, 0xFF, 0xFE, 0x0F, 0xFF, 
  0xFF, 0xFF, 0xFF, 0xFF, 0xFF, 0xFF, 0xFF, 0xFF, 0xFF, 0xFF, 0xFF, 0xFF, 0xFF, 0xFF, 0xFF, 0xE0, 
  0x00, 0x0F, 0xF8, 0x00, 0x1F, 0xFC, 0x00, 0x3F, 0xFE, 0x00, 0x3F, 0xFF, 0x00, 0x7F, 0xFF, 0x00, 
  0x7F, 0xFF, 0x00, 0x7F, 0xFF, 0x00, 0x3F, 0xFF, 0x00, 0x3F, 0xFE, 0x00, 0x1F, 0xFE, 0x00, 0x0F, 
  0xF8, 0x00, 0x01, 0xE0, 0x00, 0x00, 0x00, 0x00, 0x00, 0x00, 0x00, 0x00, 0x00, 0x00, 0x00, 0x00, 
  0x00, 0x00, 0x00, 0x00, 0x00, 0x00, 0x00, 0x00, 0x00, 0x1F, 0xFF, 0xFE, 0x1F, 0xFF, 0xFE, 0x1F, 
  0xFF, 0xFE, 0x1F, 0xFF, 0xFE, 0x1F, 0xFF, 0xFE, 0x00, 0xFF, 0xFE, 0x00, 0x7F, 0xFE, 0x00, 0x3F, 
  0xFE, 0x00, 0x3F, 0xFE, 0x00, 0x3F, 0xFE, 0x00, 0x3F, 0xFE, 0x00, 0x3F, 0xFE, 0x00, 0x3F, 0xFE, 
  0x00, 0x3F, 0xFE, 0x00, 0x3F, 0xFE, 0x00, 0x3F, 0xFE, 0x00, 0x3F, 0xFE, 0x00, 0x3F, 0xFE, 0x00, 
  0x3F, 0xFE, 0x00, 0x3F, 0xFE, 0x00, 0x3F, 0xFE, 0x00, 0x3F, 0xFE, 0x00, 0x3F, 0xFE, 0x00, 0x3F, 
  0xFE, 0x00, 0x3F, 0xFE, 0x00, 0x3F, 0xFE, 0x00, 0x3F, 0xFE, 0x00, 0x3F, 0xFE, 0x00, 0x3F, 0xFE, 
  0x00, 0x3F, 0xFE, 0x00, 0x3F, 0xFE, 0x00, 0x3F, 0xFE, 0x00, 0x3F, 0xFE, 0x00, 0x3F, 0xFE, 0x00, 
  0x3F, 0xFE, 0x00, 0x3F, 0xFE, 0x00, 0x3F, 0xFE, 0x00, 0x3F, 0xFE, 0x00, 0x3F, 0xFE, 0x00, 0x3F, 
  0xFE, 0x00, 0x3F, 0xFE, 0x00, 0x3F, 0xFE, 0x00, 0x3F, 0xFE, 0x00, 0x3F, 0xFE, 0x00, 0x3F, 0xFE, 
  0x00, 0x3F, 0xFE, 0x00, 0x3F, 0xFE, 0x00, 0x3F, 0xFE, 0x00, 0x3F, 0xFE, 0x00, 0x3F, 0xFE, 0x00, 
  0x3F, 0xFE, 0x00, 0x3F, 0xFE, 0x00, 0x3F, 0xFE, 0x00, 0x3F, 0xFE, 0x00, 0x3F, 0xFC, 0x00, 0x7F, 
  0xFC, 0x00, 0x7F, 0xFC, 0x00, 0xFF, 0xF8, 0x00, 0xFF, 0xF8, 0x03, 0xFF, 0xF0, 0x07, 0xFF, 0xE0, 
  0xFF, 0xFF, 0xC0, 0xFF, 0xFF, 0x80, 0xFF, 0xFF, 0x00, 0xFF, 0xFC, 0x00, 0xFF, 0xC0, 0x00, 0xFF, 
  0xFF, 0xF0, 0x00, 0x00, 0x00, 0x07, 0xFF, 0xFF, 0x80, 0x00, 0x00, 0x00, 0x3F, 0xFF, 0xFC, 0x00, 
  0x00, 0x00, 0x01, 0xFF, 0xFF, 0xE0, 0x00, 0x00, 0x00, 0x0F, 0xFF, 0xFF, 0x00, 0x00, 0x00, 0x00, 
  0x03, 0xFF, 0xF8, 0x00, 0x00, 0x00, 0x00, 0x0F, 0xFF, 0xC0, 0x00, 0x00, 0x00, 0x00, 0x3F, 0xFE, 
  0x00, 0x00, 0x00, 0x00, 0x01, 0xFF, 0xF0, 0x00, 0x00, 0x00, 0x00, 0x0F, 0xFF, 0x80, 0x00, 0x00, 
  0x00, 0x00, 0x7F, 0xFC, 0x00, 0x00, 0x00, 0x00, 0x03, 0xFF, 0xE0, 0x00, 0x00, 0x00, 0x00, 0x1F, 
  0xFF, 0x00, 0x00, 0x00, 0x00, 0x00, 0xFF, 0xF8, 0x00, 0x00, 0x00, 0x00, 0x07, 0xFF, 0xC0, 0x00, 
  0x00, 0x00, 0x00, 0x3F, 0xFE, 0x00, 0x00, 0x00, 0x00, 0x01, 0xFF, 0xF0, 0x00, 0x00, 0x00, 0x00, 
  0x0F, 0xFF, 0x80, 0x00, 0x00, 0x00, 0x00, 0x7F, 0xFC, 0x00, 0x00, 0x00, 0x00, 0x03, 0xFF, 0xE0, 
  0x0F, 0xFF, 0xFF, 0x80, 0x1F, 0xFF, 0x00, 0x7F, 0xFF, 0xFC, 0x00, 0xFF, 0xF8, 0x03, 0xFF, 0xFF, 
  0xE0, 0x07, 0xFF, 0xC0, 0x1F, 0xFF, 0xFF, 0x00, 0x3F, 0xFE, 0x00, 0xFF, 0xFF, 0xF8, 0x01, 0xFF, 
  0xF0, 0x00, 0xFF, 0xFC, 0x00, 0x0F, 0xFF, 0x80, 0x03, 0xFF, 0x80, 0x00, 0x7F, 0xFC, 0x00, 0x1F, 
  0xF8, 0x00, 0x03, 0xFF, 0xE0, 0x00, 0xFF, 0x80, 0x00, 0x1F, 0xFF, 0x00, 0x0F, 0xF0, 0x00, 0x00, 
  0xFF, 0xF8, 0x00, 0xFF, 0x00, 0x00, 0x07, 0xFF, 0xC0, 0x0F, 0xF0, 0x00, 0x00, 0x3F, 0xFE, 0x00, 
  0xFF, 0x80, 0x00, 0x01, 0xFF, 0xF0, 0x07, 0xF8, 0x00, 0x00, 0x0F, 0xFF, 0x80, 0x7F, 0x80, 0x00, 
  0x00, 0x7F, 0xFC, 0x07, 0xF8, 0x00, 0x00, 0x03, 0xFF, 0xE0, 0x7F, 0x80, 0x00, 0x00, 0x1F, 0xFF, 
  0x07, 0xF8, 0x00, 0x00, 0x00, 0xFF, 0xF8, 0x7F, 0xE0, 0x00, 0x00, 0x07, 0xFF, 0xC7, 0xFF, 0x00, 
  0x00, 0x00, 0x3F, 0xFE, 0x7F, 0xFC, 0x00, 0x00, 0x01, 0xFF, 0xF7, 0xFF, 0xF0, 0x00, 0x00, 0x0F, 
  0xFF, 0xFF, 0xFF, 0x80, 0x00, 0x00, 0x7F, 0xFF, 0xFF, 0xFE, 0x00, 0x00, 0x03, 0xFF, 0xFF, 0xFF, 
  0xF8, 0x00, 0x00, 0x1F, 0xFF, 0xFF, 0xFF, 0xC0, 0x00, 0x00, 0xFF, 0xFF, 0xBF, 0xFF, 0x00, 0x00, 
  0x07, 0xFF, 0xF1, 0xFF, 0xFC, 0x00, 0x00, 0x3F, 0xFF, 0x07, 0xFF, 0xF0, 0x00, 0x01, 0xFF, 0xF0, 
  0x1F, 0xFF, 0x80, 0x00, 0x0F, 0xFF, 0x80, 0xFF, 0xFE, 0x00, 0x00, 0x7F, 0xFC, 0x03, 0xFF, 0xF8, 
  0x00, 0x03, 0xFF, 0xE0, 0x0F, 0xFF, 0xC0, 0x00, 0x1F, 0xFF, 0x00, 0x7F, 0xFF, 0x00, 0x00, 0xFF, 
  0xF8, 0x01, 0xFF, 0xFC, 0x00, 0x07, 0xFF, 0xC0, 0x0F, 0xFF, 0xE0, 0x00, 0x3F, 0xFE, 0x00, 0x3F, 
  0xFF, 0x80, 0x01, 0xFF, 0xF8, 0x00, 0xFF, 0xFE, 0x00, 0x0F, 0xFF, 0xC0, 0x07, 0xFF, 0xF8, 0x00, 
  0x7F, 0xFE, 0x00, 0x1F, 0xFF, 0xC0, 0x0F, 0xFF, 0xFC, 0x00, 0x7F, 0xFF, 0x8F, 0xFF, 0xFF, 0xFE, 
  0x01, 0xFF, 0xFF, 0xFF, 0xFF, 0xFF, 0xF0, 0x07, 0xFF, 0xFF, 0xFF, 0xFF, 0xFF, 0x80, 0x1F, 0xFF, 
  0xFF, 0xFF, 0xFF, 0xFC, 0x00, 0x3F, 0xFF, 0xFF, 0xFF, 0xFF, 0xE0, 0x00, 0x1F, 0xF8, 0xFF, 0xFF, 
  0xF0, 0x0F, 0xFF, 0xFF, 0x00, 0xFF, 0xFF, 0xF0, 0x0F, 0xFF, 0xFF, 0x00, 0xFF, 0xFF, 0xF0, 0x00, 
  0x7F, 0xFF, 0x00, 0x03, 0xFF, 0xF0, 0x00, 0x1F, 0xFF, 0x00, 0x01, 0xFF, 0xF0, 0x00, 0x1F, 0xFF, 
  0x00, 0x01, 0xFF, 0xF0, 0x00, 0x1F, 0xFF, 0x00, 0x01, 0xFF, 0xF0, 0x00, 0x1F, 0xFF, 0x00, 0x01, 
  0xFF, 0xF0, 0x00, 0x1F, 0xFF, 0x00, 0x01, 0xFF, 0xF0, 0x00, 0x1F, 0xFF, 0x00, 0x01, 0xFF, 0xF0, 
  0x00, 0x1F, 0xFF, 0x00, 0x01, 0xFF, 0xF0, 0x00, 0x1F, 0xFF, 0x00, 0x01, 0xFF, 0xF0, 0x00, 0x1F, 
  0xFF, 0x00, 0x01, 0xFF, 0xF0, 0x00, 0x1F, 0xFF, 0x00, 0x01, 0xFF, 0xF0, 0x00, 0x1F, 0xFF, 0x00, 
  0x01, 0xFF, 0xF0, 0x00, 0x1F, 0xFF, 0x00, 0x01, 0xFF, 0xF0, 0x00, 0x1F, 0xFF, 0x00, 0x01, 0xFF, 
  0xF0, 0x00, 0x1F, 0xFF, 0x00, 0x01, 0xFF, 0xF0, 0x00, 0x1F, 0xFF, 0x00, 0x01, 0xFF, 0xF0, 0x00, 
  0x1F, 0xFF, 0x00, 0x01, 0xFF, 0xF0, 0x00, 0x1F, 0xFF, 0x00, 0x01, 0xFF, 0xF0, 0x00, 0x1F, 0xFF, 
  0x00, 0x01, 0xFF, 0xF0, 0x00, 0x1F, 0xFF, 0x00, 0x01, 0xFF, 0xF0, 0x00, 0x1F, 0xFF, 0x00, 0x01, 
  0xFF, 0xF0, 0x00, 0x1F, 0xFF, 0x00, 0x01, 0xFF, 0xF0, 0x00, 0x1F, 0xFF, 0x00, 0x01, 0xFF, 0xF0, 
  0x00, 0x1F, 0xFF, 0x00, 0x01, 0xFF, 0xF0, 0x00, 0x1F, 0xFF, 0x00, 0x01, 0xFF, 0xF0, 0x00, 0x1F, 
  0xFF, 0x00, 0x01, 0xFF, 0xF8, 0x00, 0x1F, 0xFF, 0x80, 0x03, 0xFF, 0xF8, 0x00, 0x7F, 0xFF, 0xC0, 
  0xFF, 0xFF, 0xFF, 0xFF, 0xFF, 0xFF, 0xFF, 0xFF, 0xFF, 0xFF, 0xFF, 0xFF, 0xFF, 0xFF, 0xFF, 0xFF, 
  0xFF, 0xF0, 0x00, 0x00, 0x00, 0x01, 0xE0, 0x00, 0x00, 0x38, 0x00, 0x00, 0xFF, 0xFF, 0xC0, 0x3F, 
  0xFF, 0x00, 0x07, 0xFF, 0xC0, 0x00, 0xFF, 0xFF, 0xC0, 0xFF, 0xFF, 0x80, 0x3F, 0xFF, 0xF0, 0x00, 
  0xFF, 0xFF, 0xC1, 0xFF, 0xFF, 0xE0, 0x7F, 0xFF, 0xF8, 0x00, 0xFF, 0xFF, 0xE3, 0xFF, 0xFF, 0xF0, 
  0xFF, 0xFF, 0xFC, 0x00, 0xFF, 0xFF, 0xE7, 0xFF, 0xFF, 0xF1, 0xFF, 0xFF, 0xFE, 0x00, 0x07, 0xFF, 
  0xEF, 0xFF, 0xFF, 0xFB, 0xFF, 0xFF, 0xFF, 0x00, 0x03, 0xFF, 0xFF, 0xFF, 0xFF, 0xFF, 0xFF, 0xFF, 
  0xFF, 0x00, 0x03, 0xFF, 0xFF, 0x03, 0xFF, 0xFF, 0xE0, 0x7F, 0xFF, 0x00, 0x03, 0xFF, 0xFC, 0x01, 
  0xFF, 0xFF, 0x80, 0x3F, 0xFF, 0x80, 0x03, 0xFF, 0xFC, 0x00, 0xFF, 0xFF, 0x80, 0x1F, 0xFF, 0x80, 
  0x03, 0xFF, 0xF8, 0x00, 0x7F, 0xFF, 0x00, 0x0F, 0xFF, 0x80, 0x03, 0xFF, 0xF8, 0x00, 0x7F, 0xFF, 
  0x00, 0x0F, 0xFF, 0x80, 0x03, 0xFF, 0xF0, 0x00, 0x7F, 0xFE, 0x00, 0x0F, 0xFF, 0xC0, 0x03, 0xFF, 
  0xF0, 0x00, 0x7F, 0xFE, 0x00, 0x0F, 0xFF, 0xC0, 0x03, 0xFF, 0xF0, 0x00, 0x7F, 0xFE, 0x00, 0x07, 
  0xFF, 0xC0, 0x03, 0xFF, 0xF0, 0x00, 0x3F, 0xFE, 0x00, 0x07, 0xFF, 0xC0, 0x03, 0xFF, 0xF0, 0x00, 
  0x3F, 0xFE, 0x00, 0x07, 0xFF, 0xC0, 0x03, 0xFF, 0xE0, 0x00, 0x3F, 0xFE, 0x00, 0x07, 0xFF, 0xC0, 
  0x03, 0xFF, 0xE0, 0x00, 0x3F, 0xFE, 0x00, 0x07, 0xFF, 0xC0, 0x03, 0xFF, 0xE0, 0x00, 0x3F, 0xFE, 
  0x00, 0x07, 0xFF, 0xC0, 0x03, 0xFF, 0xE0, 0x00, 0x3F, 0xFE, 0x00, 0x07, 0xFF, 0xC0, 0x03, 0xFF, 
  0xE0, 0x00, 0x3F, 0xFE, 0x00, 0x07, 0xFF, 0xC0, 0x03, 0xFF, 0xE0, 0x00, 0x3F, 0xFE, 0x00, 0x07, 
  0xFF, 0xC0, 0x03, 0xFF, 0xE0, 0x00, 0x3F, 0xFE, 0x00, 0x07, 0xFF, 0xC0, 0x03, 0xFF, 0xE0, 0x00, 
  0x3F, 0xFE, 0x00, 0x07, 0xFF, 0xC0, 0x03, 0xFF, 0xE0, 0x00, 0x3F, 0xFE, 0x00, 0x07, 0xFF, 0xC0, 
  0x03, 0xFF, 0xE0, 0x00, 0x3F, 0xFE, 0x00, 0x07, 0xFF, 0xC0, 0x03, 0xFF, 0xE0, 0x00, 0x3F, 0xFE, 
  0x00, 0x07, 0xFF, 0xC0, 0x03, 0xFF, 0xE0, 0x00, 0x3F, 0xFE, 0x00, 0x07, 0xFF, 0xC0, 0x03, 0xFF, 
  0xE0, 0x00, 0x3F, 0xFE, 0x00, 0x07, 0xFF, 0xC0, 0x03, 0xFF, 0xE0, 0x00, 0x3F, 0xFE, 0x00, 0x07, 
  0xFF, 0xC0, 0x03, 0xFF, 0xE0, 0x00, 0x3F, 0xFE, 0x00, 0x07, 0xFF, 0xC0, 0x03, 0xFF, 0xE0, 0x00, 
  0x3F, 0xFE, 0x00, 0x07, 0xFF, 0xC0, 0x03, 0xFF, 0xE0, 0x00, 0x3F, 0xFE, 0x00, 0x07, 0xFF, 0xC0, 
  0x03, 0xFF, 0xE0, 0x00, 0x3F, 0xFE, 0x00, 0x07, 0xFF, 0xC0, 0x03, 0xFF, 0xE0, 0x00, 0x3F, 0xFE, 
  0x00, 0x07, 0xFF, 0xC0, 0x03, 0xFF, 0xE0, 0x00, 0x3F, 0xFE, 0x00, 0x07, 0xFF, 0xC0, 0x03, 0xFF, 
  0xF0, 0x00, 0x3F, 0xFE, 0x00, 0x07, 0xFF, 0xC0, 0x03, 0xFF, 0xF0, 0x00, 0x3F, 0xFE, 0x00, 0x07, 
  0xFF, 0xC0, 0x03, 0xFF, 0xF0, 0x00, 0x3F, 0xFE, 0x00, 0x07, 0xFF, 0xC0, 0x07, 0xFF, 0xF8, 0x00, 
  0x3F, 0xFF, 0x00, 0x07, 0xFF, 0xE0, 0xFF, 0xFF, 0xFF, 0xC0, 0x3F, 0xFF, 0xF8, 0x07, 0xFF, 0xFF, 
  0xFF, 0xFF, 0xFF, 0xC0, 0x3F, 0xFF, 0xF8, 0x07, 0xFF, 0xFF, 0xFF, 0xFF, 0xFF, 0xC0, 0x3F, 0xFF, 
  0xF8, 0x07, 0xFF, 0xFF, 0xFF, 0xFF, 0xFF, 0xC0, 0x3F, 0xFF, 0xF8, 0x07, 0xFF, 0xFF, 0xFF, 0xFF, 
  0xFF, 0xC0, 0x3F, 0xFF, 0xF8, 0x07, 0xFF, 0xFF, 0x00, 0x00, 0x00, 0x01, 0xE0, 0x00, 0x07, 0xFF, 
  0xFE, 0x01, 0xFF, 0xF0, 0x00, 0x3F, 0xFF, 0xF0, 0x3F, 0xFF, 0xE0, 0x01, 0xFF, 0xFF, 0x83, 0xFF, 
  0xFF, 0x80, 0x0F, 0xFF, 0xFE, 0x3F, 0xFF, 0xFE, 0x00, 0x7F, 0xFF, 0xF3, 0xFF, 0xFF, 0xF8, 0x00, 
  0x3F, 0xFF, 0xBF, 0xFF, 0xFF, 0xE0, 0x00, 0xFF, 0xFF, 0xFF, 0xFF, 0xFF, 0x00, 0x03, 0xFF, 0xFF, 
  0x03, 0xFF, 0xF8, 0x00, 0x1F, 0xFF, 0xE0, 0x07, 0xFF, 0xE0, 0x00, 0xFF, 0xFF, 0x00, 0x3F, 0xFF, 
  0x00, 0x07, 0xFF, 0xF0, 0x00, 0xFF, 0xF8, 0x00, 0x3F, 0xFF, 0x80, 0x07, 0xFF, 0xC0, 0x01, 0xFF, 
  0xF8, 0x00, 0x3F, 0xFE, 0x00, 0x0F, 0xFF, 0xC0, 0x01, 0xFF, 0xF0, 0x00, 0x7F, 0xFE, 0x00, 0x0F, 
  0xFF, 0xC0, 0x03, 0xFF, 0xF0, 0x00, 0x3F, 0xFE, 0x00, 0x1F, 0xFF, 0x80, 0x01, 0xFF, 0xF0, 0x00, 
  0xFF, 0xFC, 0x00, 0x0F, 0xFF, 0x80, 0x07, 0xFF, 0xC0, 0x00, 0x7F, 0xFC, 0x00, 0x3F, 0xFE, 0x00, 
  0x03, 0xFF, 0xE0, 0x01, 0xFF, 0xF0, 0x00, 0x1F, 0xFF, 0x00, 0x0F, 0xFF, 0x80, 0x00, 0xFF, 0xF8, 
  0x00, 0x7F, 0xFC, 0x00, 0x07, 0xFF, 0xC0, 0x03, 0xFF, 0xE0, 0x00, 0x3F, 0xFE, 0x00, 0x1F, 0xFF, 
  0x00, 0x01, 0xFF, 0xF0, 0x00, 0xFF, 0xF8, 0x00, 0x0F, 0xFF, 0x80, 0x07, 0xFF, 0xC0, 0x00, 0x7F, 
  0xFC, 0x00, 0x3F, 0xFE, 0x00, 0x03, 0xFF, 0xE0, 0x01, 0xFF, 0xF0, 0x00, 0x1F, 0xFF, 0x00, 0x0F, 
  0xFF, 0x80, 0x00, 0xFF, 0xF8, 0x00, 0x7F, 0xFC, 0x00, 0x07, 0xFF, 0xC0, 0x03, 0xFF, 0xE0, 0x00, 
  0x3F, 0xFE, 0x00, 0x1F, 0xFF, 0x00, 0x01, 0xFF, 0xF0, 0x00, 0xFF, 0xF8, 0x00, 0x0F, 0xFF, 0x80, 
  0x07, 0xFF, 0xC0, 0x00, 0x7F, 0xFC, 0x00, 0x3F, 0xFE, 0x00, 0x03, 0xFF, 0xE0, 0x01, 0xFF, 0xF0, 
  0x00, 0x1F, 0xFF, 0x00, 0x0F, 0xFF, 0xC0, 0x00, 0xFF, 0xF8, 0x00, 0x7F, 0xFE, 0x00, 0x07, 0xFF, 
  0xC0, 0x03, 0xFF, 0xF0, 0x00, 0x3F, 0xFE, 0x00, 0x3F, 0xFF, 0xC0, 0x01, 0xFF, 0xF8, 0x3F, 0xFF, 
  0xFF, 0xF0, 0x0F, 0xFF, 0xFF, 0xFF, 0xFF, 0xFF, 0x80, 0x7F, 0xFF, 0xFF, 0xFF, 0xFF, 0xFC, 0x03, 
  0xFF, 0xFF, 0xFF, 0xFF, 0xFF, 0xE0, 0x1F, 0xFF, 0xFF, 0xFF, 0xFF, 0xFF, 0x00, 0xFF, 0xFF, 0xE0, 
  0x00, 0x00, 0x0F, 0x00, 0x00, 0x00, 0x00, 0x3F, 0xFF, 0xC0, 0x00, 0x00, 0x1F, 0xFF, 0xFF, 0x80, 
  0x00, 0x07, 0xFF, 0xFF, 0xFE, 0x00, 0x00, 0xFF, 0xFF, 0xFF, 0xF0, 0x00, 0x3F, 0xFF, 0xFF, 0xFF, 
  0x80, 0x07, 0xFF, 0xE0, 0x7F, 0xFE, 0x00, 0xFF, 0xF8, 0x01, 0xFF, 0xE0, 0x0F, 0xFF, 0x00, 0x0F, 
  0xFF, 0x01, 0xFF, 0xF0, 0x00, 0xFF, 0xF8, 0x1F, 0xFE, 0x00, 0x07, 0xFF, 0x83, 0xFF, 0xE0, 0x00, 
  0x7F, 0xFC, 0x3F, 0xFC, 0x00, 0x03, 0xFF, 0xC7, 0xFF, 0xC0, 0x00, 0x3F, 0xFE, 0x7F, 0xFC, 0x00, 
  0x03, 0xFF, 0xE7, 0xFF, 0xC0, 0x00, 0x3F, 0xFE, 0x7F, 0xFC, 0x00, 0x03, 0xFF, 0xEF, 0xFF, 0xC0, 
  0x00, 0x1F, 0xFF, 0xFF, 0xF8, 0x00, 0x01, 0xFF, 0xFF, 0xFF, 0x80, 0x00, 0x1F, 0xFF, 0xFF, 0xF8, 
  0x00, 0x01, 0xFF, 0xFF, 0xFF, 0x80, 0x00, 0x1F, 0xFF, 0xFF, 0xF8, 0x00, 0x01, 0xFF, 0xFF, 0xFF, 
  0x80, 0x00, 0x1F, 0xFF, 0xFF, 0xF8, 0x00, 0x01, 0xFF, 0xFF, 0xFF, 0x80, 0x00, 0x1F, 0xFF, 0xFF, 
  0xF8, 0x00, 0x01, 0xFF, 0xFF, 0xFF, 0x80, 0x00, 0x1F, 0xFF, 0xFF, 0xF8, 0x00, 0x01, 0xFF, 0xFF, 
  0xFF, 0x80, 0x00, 0x1F, 0xFF, 0xFF, 0xFC, 0x00, 0x01, 0xFF, 0xF7, 0xFF, 0xC0, 0x00, 0x3F, 0xFE, 
  0x7F, 0xFC, 0x00, 0x03, 0xFF, 0xE7, 0xFF, 0xC0, 0x00, 0x3F, 0xFE, 0x7F, 0xFC, 0x00, 0x03, 0xFF, 
  0xE3, 0xFF, 0xC0, 0x00, 0x3F, 0xFC, 0x3F, 0xFE, 0x00, 0x07, 0xFF, 0xC1, 0xFF, 0xE0, 0x00, 0x7F, 
  0xFC, 0x1F, 0xFF, 0x00, 0x07, 0xFF, 0x80, 0xFF, 0xF0, 0x00, 0xFF, 0xF0, 0x07, 0xFF, 0x80, 0x1F, 
  0xFF, 0x00, 0x7F, 0xFC, 0x03, 0xFF, 0xE0, 0x03, 0xFF, 0xFF, 0xFF, 0xFC, 0x00, 0x0F, 0xFF, 0xFF, 
  0xFF, 0x80, 0x00, 0x7F, 0xFF, 0xFF, 0xE0, 0x00, 0x01, 0xFF, 0xFF, 0xFC, 0x00, 0x00, 0x07, 0xFF, 
  0xFE, 0x00, 0x00, 0x00, 0x07, 0xFE, 0x00, 0x00, 0x7F, 0xFF, 0xC0, 0x1F, 0xFE, 0x00, 0x1F, 0xFF, 
  0xF0, 0x1F, 0xFF, 0xE0, 0x07, 0xFF, 0xFC, 0x1F, 0xFF, 0xFC, 0x01, 0xFF, 0xFF, 0x0F, 0xFF, 0xFF, 
  0xC0, 0x7F, 0xFF, 0xC7, 0xFF, 0xFF, 0xF8, 0x01, 0xFF, 0xFB, 0xFF, 0xFF, 0xFE, 0x00, 0x3F, 0xFE, 
  0xFC, 0x1F, 0xFF, 0xC0, 0x07, 0xFF, 0xFC, 0x01, 0xFF, 0xF8, 0x01, 0xFF, 0xFE, 0x00, 0x3F, 0xFE, 
  0x00, 0x7F, 0xFF, 0x00, 0x0F, 0xFF, 0xC0, 0x1F, 0xFF, 0xC0, 0x01, 0xFF, 0xF0, 0x07, 0xFF, 0xE0, 
  0x00, 0x7F, 0xFC, 0x01, 0xFF, 0xF8, 0x00, 0x0F, 0xFF, 0x80, 0x7F, 0xFE, 0x00, 0x03, 0xFF, 0xE0, 
  0x1F, 0xFF, 0x80, 0x00, 0xFF, 0xF8, 0x07, 0xFF, 0xE0, 0x00, 0x3F, 0xFE, 0x01, 0xFF, 0xF0, 0x00, 
  0x0F, 0xFF, 0x80, 0x7F, 0xFC, 0x00, 0x03, 0xFF, 0xF0, 0x1F, 0xFF, 0x00, 0x00, 0x7F, 0xFC, 0x07, 
  0xFF, 0xC0, 0x00, 0x1F, 0xFF, 0x01, 0xFF, 0xF0, 0x00, 0x07, 0xFF, 0xC0, 0x7F, 0xFC, 0x00, 0x01, 
  0xFF, 0xF0, 0x1F, 0xFF, 0x00, 0x00, 0x7F, 0xFC, 0x07, 0xFF, 0xC0, 0x00, 0x1F, 0xFF, 0x01, 0xFF, 
  0xF0, 0x00, 0x07, 0xFF, 0xC0, 0x7F, 0xFC, 0x00, 0x01, 0xFF, 0xF0, 0x1F, 0xFF, 0x00, 0x00, 0x7F, 
  0xFC, 0x07, 0xFF, 0xC0, 0x00, 0x1F, 0xFF, 0x01, 0xFF, 0xF0, 0x00, 0x07, 0xFF, 0xC0, 0x7F, 0xFC, 
  0x00, 0x03, 0xFF, 0xE0, 0x1F, 0xFF, 0x00, 0x00, 0xFF, 0xF8, 0x07, 0xFF, 0xE0, 0x00, 0x3F, 0xFE, 
  0x01, 0xFF, 0xF8, 0x00, 0x0F, 0xFF, 0x80, 0x7F, 0xFE, 0x00, 0x03, 0xFF, 0xE0, 0x1F, 0xFF, 0x80, 
  0x00, 0xFF, 0xF8, 0x07, 0xFF, 0xF0, 0x00, 0x7F, 0xFC, 0x01, 0xFF, 0xFC, 0x00, 0x1F, 0xFF, 0x00, 
  0x7F, 0xFF, 0x00, 0x0F, 0xFF, 0xC0, 0x1F, 0xFF, 0xE0, 0x03, 0xFF, 0xE0, 0x07, 0xFF, 0xFC, 0x01, 
  0xFF, 0xF8, 0x01, 0xFF, 0xFF, 0xE3, 0xFF, 0xFC, 0x00, 0x7F, 0xFD, 0xFF, 0xFF, 0xFE, 0x00, 0x1F, 
  0xFF, 0x7F, 0xFF, 0xFF, 0x00, 0x07, 0xFF, 0xCF, 0xFF, 0xFF, 0x80, 0x01, 0xFF, 0xF1, 0xFF, 0xFF, 
  0xC0, 0x00, 0x7F, 0xFC, 0x1F, 0xFF, 0xC0, 0x00, 0x1F, 0xFF, 0x00, 0xFF, 0x80, 0x00, 0x07, 0xFF, 
  0xC0, 0x00, 0x00, 0x00, 0x01, 0xFF, 0xF0, 0x00, 0x00, 0x00, 0x00, 0x7F, 0xFC, 0x00, 0x00, 0x00, 
  0x00, 0x1F, 0xFF, 0x00, 0x00, 0x00, 0x00, 0x07, 0xFF, 0xC0, 0x00, 0x00, 0x00, 0x01, 0xFF, 0xF0, 
  0x00, 0x00, 0x00, 0x00, 0x7F, 0xFC, 0x00, 0x00, 0x00, 0x00, 0x1F, 0xFF, 0x00, 0x00, 0x00, 0x00, 
  0x07, 0xFF, 0xC0, 0x00, 0x00, 0x00, 0x01, 0xFF, 0xF0, 0x00, 0x00, 0x00, 0x00, 0x7F, 0xFC, 0x00, 
  0x00, 0x00, 0x00, 0x3F, 0xFF, 0x80, 0x00, 0x00, 0x00, 0x0F, 0xFF, 0xF0, 0x00, 0x00, 0x00, 0x0F, 
  0xFF, 0xFE, 0x00, 0x00, 0x00, 0x3F, 0xFF, 0xFF, 0xFC, 0x00, 0x00, 0x0F, 0xFF, 0xFF, 0xFF, 0x00, 
  0x00, 0x03, 0xFF, 0xFF, 0xFF, 0xC0, 0x00, 0x00, 0xFF, 0xFF, 0xFF, 0xF0, 0x00, 0x00, 0x00, 0x00, 
  0x1F, 0xFE, 0x00, 0x7F, 0xFF, 0xC0, 0x1F, 0xFF, 0xE0, 0x3F, 0xFF, 0xF0, 0x1F, 0xFF, 0xFE, 0x0F, 
  0xFF, 0xFC, 0x0F, 0xFF, 0xFF, 0xC3, 0xFF, 0xFF, 0x07, 0xFF, 0xFF, 0xF8, 0xFF, 0xFF, 0xC3, 0xFF, 
  0xFF, 0xFF, 0x7F, 0xFF, 0x00, 0xFF, 0xFC, 0x0F, 0xDF, 0xFF, 0x00, 0x7F, 0xFE, 0x00, 0xFF, 0xFF, 
  0x80, 0x3F, 0xFF, 0x00, 0x1F, 0xFF, 0xE0, 0x0F, 0xFF, 0x80, 0x07, 0xFF, 0xF8, 0x03, 0xFF, 0xE0, 
  0x00, 0xFF, 0xFE, 0x01, 0xFF, 0xF0, 0x00, 0x3F, 0xFF, 0x80, 0x7F, 0xFC, 0x00, 0x07, 0xFF, 0xE0, 
  0x1F, 0xFF, 0x00, 0x01, 0xFF, 0xF8, 0x07, 0xFF, 0xC0, 0x00, 0x7F, 0xFE, 0x03, 0xFF, 0xE0, 0x00, 
  0x1F, 0xFF, 0x80, 0xFF, 0xF8, 0x00, 0x07, 0xFF, 0xE0, 0x3F, 0xFE, 0x00, 0x01, 0xFF, 0xF8, 0x0F, 
  0xFF, 0x80, 0x00, 0x7F, 0xFE, 0x03, 0xFF, 0xE0, 0x00, 0x0F, 0xFF, 0x80, 0xFF, 0xF8, 0x00, 0x03, 
  0xFF, 0xE0, 0x3F, 0xFE, 0x00, 0x00, 0xFF, 0xF8, 0x0F, 0xFF, 0x80, 0x00, 0x3F, 0xFE, 0x03, 0xFF, 
  0xE0, 0x00, 0x0F, 0xFF, 0x80, 0xFF, 0xF8, 0x00, 0x03, 0xFF, 0xE0, 0x3F, 0xFE, 0x00, 0x00, 0xFF, 
  0xF8, 0x0F, 0xFF, 0x80, 0x00, 0x3F, 0xFE, 0x03, 0xFF, 0xE0, 0x00, 0x1F, 0xFF, 0x80, 0xFF, 0xF8, 
  0x00, 0x07, 0xFF, 0xE0, 0x3F, 0xFE, 0x00, 0x01, 0xFF, 0xF8, 0x0F, 0xFF, 0x80, 0x00, 0x7F, 0xFE, 
  0x01, 0xFF, 0xF0, 0x00, 0x1F, 0xFF, 0x80, 0x7F, 0xFC, 0x00, 0x07, 0xFF, 0xE0, 0x1F, 0xFF, 0x00, 
  0x01, 0xFF, 0xF8, 0x07, 0xFF, 0xC0, 0x00, 0xFF, 0xFE, 0x01, 0xFF, 0xF8, 0x00, 0x3F, 0xFF, 0x80, 
  0x3F, 0xFE, 0x00, 0x0F, 0xFF, 0xE0, 0x0F, 0xFF, 0x80, 0x07, 0xFF, 0xF8, 0x01, 0xFF, 0xF0, 0x03, 
  0xFF, 0xFE, 0x00, 0x7F, 0xFE, 0x01, 0xFF, 0xFF, 0x80, 0x0F, 0xFF, 0xF3, 0xFB, 0xFF, 0xE0, 0x01, 
  0xFF, 0xFF, 0xFE, 0xFF, 0xF8, 0x00, 0x3F, 0xFF, 0xFF, 0x3F, 0xFE, 0x00, 0x07, 0xFF, 0xFF, 0x8F, 
  0xFF, 0x80, 0x00, 0xFF, 0xFF, 0xC3, 0xFF, 0xE0, 0x00, 0x0F, 0xFF, 0xC0, 0xFF, 0xF8, 0x00, 0x00, 
  0x7F, 0x00, 0x3F, 0xFE, 0x00, 0x00, 0x00, 0x00, 0x0F, 0xFF, 0x80, 0x00, 0x00, 0x00, 0x03, 0xFF, 
  0xE0, 0x00, 0x00, 0x00, 0x00, 0xFF, 0xF8, 0x00, 0x00, 0x00, 0x00, 0x3F, 0xFE, 0x00, 0x00, 0x00, 
  0x00, 0x0F, 0xFF, 0x80, 0x00, 0x00, 0x00, 0x03, 0xFF, 0xE0, 0x00, 0x00, 0x00, 0x00, 0xFF, 0xF8, 
  0x00, 0x00, 0x00, 0x00, 0x3F, 0xFE, 0x00, 0x00, 0x00, 0x00, 0x0F, 0xFF, 0x80, 0x00, 0x00, 0x00, 
  0x03, 0xFF, 0xE0, 0x00, 0x00, 0x00, 0x01, 0xFF, 0xF8, 0x00, 0x00, 0x00, 0x00, 0x7F, 0xFE, 0x00, 
  0x00, 0x00, 0x00, 0x3F, 0xFF, 0xC0, 0x00, 0x00, 0x00, 0x1F, 0xFF, 0xFC, 0x00, 0x00, 0x03, 0xFF, 
  0xFF, 0xFF, 0xF0, 0x00, 0x00, 0xFF, 0xFF, 0xFF, 0xFC, 0x00, 0x00, 0x3F, 0xFF, 0xFF, 0xFF, 0x00, 
  0x00, 0x0F, 0xFF, 0xFF, 0xFF, 0xC0, 0x00, 0x00, 0x00, 0x01, 0x80, 0x7F, 0xFF, 0xC0, 0x1F, 0xFC, 
  0x3F, 0xFF, 0xE0, 0x3F, 0xFF, 0x9F, 0xFF, 0xF8, 0x3F, 0xFF, 0xEF, 0xFF, 0xFC, 0x3F, 0xFF, 0xF7, 
  0xFF, 0xFE, 0x3F, 0xFF, 0xFC, 0x3F, 0xFF, 0x1F, 0xFF, 0xFE, 0x0F, 0xFF, 0x9F, 0xFF, 0xFF, 0x03, 
  0xFF, 0xEF, 0xFF, 0xFF, 0x81, 0xFF, 0xFF, 0x83, 0xFF, 0xC0, 0xFF, 0xFF, 0x80, 0xFF, 0xE0, 0x7F, 
  0xFF, 0x80, 0x7F, 0xE0, 0x3F, 0xFF, 0xC0, 0x3F, 0xF0, 0x1F, 0xFF, 0xC0, 0x1F, 0xF0, 0x0F, 0xFF, 
  0xE0, 0x0F, 0xE0, 0x07, 0xFF, 0xF0, 0x04, 0x00, 0x03, 0xFF, 0xF0, 0x00, 0x00, 0x01, 0xFF, 0xF8, 
  0x00, 0x00, 0x00, 0xFF, 0xFC, 0x00, 0x00, 0x00, 0x7F, 0xFE, 0x00, 0x00, 0x00, 0x3F, 0xFF, 0x00, 
  0x00, 0x00, 0x1F, 0xFF, 0x80, 0x00, 0x00, 0x0F, 0xFF, 0x80, 0x00, 0x00, 0x07, 0xFF, 0xC0, 0x00, 
  0x00, 0x03, 0xFF, 0xE0, 0x00, 0x00, 0x01, 0xFF, 0xF0, 0x00, 0x00, 0x00, 0xFF, 0xF8, 0x00, 0x00, 
  0x00, 0x7F, 0xFC, 0x00, 0x00, 0x00, 0x3F, 0xFE, 0x00, 0x00, 0x00, 0x1F, 0xFF, 0x00, 0x00, 0x00, 
  0x0F, 0xFF, 0x80, 0x00, 0x00, 0x07, 0xFF, 0xC0, 0x00, 0x00, 0x03, 0xFF, 0xE0, 0x00, 0x00, 0x01, 
  0xFF, 0xF0, 0x00, 0x00, 0x00, 0xFF, 0xF8, 0x00, 0x00, 0x00, 0x7F, 0xFC, 0x00, 0x00, 0x00, 0x3F, 
  0xFE, 0x00, 0x00, 0x00, 0x1F, 0xFF, 0x00, 0x00, 0x00, 0x0F, 0xFF, 0xC0, 0x00, 0x00, 0x07, 0xFF, 
  0xE0, 0x00, 0x00, 0x03, 0xFF, 0xF0, 0x00, 0x00, 0x03, 0xFF, 0xFC, 0x00, 0x00, 0x3F, 0xFF, 0xFF, 
  0xFC, 0x00, 0x1F, 0xFF, 0xFF, 0xFE, 0x00, 0x0F, 0xFF, 0xFF, 0xFF, 0x00, 0x07, 0xFF, 0xFF, 0xFF, 
  0x80, 0x03, 0xFF, 0xFF, 0xFF, 0xC0, 0x00, 0x00, 0x00, 0xF0, 0x00, 0x00, 0x07, 0xFF, 0xFC, 0x00, 
  0x03, 0xFF, 0xFF, 0xE0, 0x01, 0xFF, 0xFF, 0xFF, 0x00, 0xFF, 0xFF, 0xFF, 0xF0, 0x3F, 0xFF, 0x7F, 
  0xFE, 0x07, 0xFE, 0x00, 0xFF, 0xE1, 0xFF, 0x80, 0x0F, 0xFC, 0x7F, 0xE0, 0x00, 0xFF, 0x8F, 0xFC, 
  0x00, 0x1F, 0xF1, 0xFF, 0x80, 0x01, 0xFE, 0x3F, 0xF0, 0x00, 0x3F, 0x8F, 0xFE, 0x00, 0x07, 0xF1, 
  0xFF, 0xC0, 0x00, 0xF8, 0x3F, 0xFC, 0x00, 0x00, 0x07, 0xFF, 0xE0, 0x00, 0x00, 0x7F, 0xFE, 0x00, 
  0x00, 0x0F, 0xFF, 0xF8, 0x00, 0x01, 0xFF, 0xFF, 0xE0, 0x00, 0x3F, 0xFF, 0xFF, 0x00, 0x03, 0xFF, 
  0xFF, 0xFC, 0x00, 0x7F, 0xFF, 0xFF, 0xE0, 0x07, 0xFF, 0xFF, 0xFE, 0x00, 0x7F, 0xFF, 0xFF, 0xF0, 
  0x03, 0xFF, 0xFF, 0xFF, 0x00, 0x3F, 0xFF, 0xFF, 0xF0, 0x01, 0xFF, 0xFF, 0xFE, 0x00, 0x0F, 0xFF, 
  0xFF, 0xE0, 0x00, 0x3F, 0xFF, 0xFC, 0x00, 0x00, 0xFF, 0xFF, 0xC0, 0x00, 0x07, 0xFF, 0xF8, 0x00, 
  0x00, 0x3F, 0xFF, 0x0E, 0x00, 0x01, 0xFF, 0xE7, 0xC0, 0x00, 0x1F, 0xFD, 0xF8, 0x00, 0x01, 0xFF, 
  0xFF, 0x80, 0x00, 0x3F, 0xFF, 0xF0, 0x00, 0x07, 0xFF, 0xFE, 0x00, 0x00, 0xFF, 0xFF, 0xE0, 0x00, 
  0x1F, 0xF7, 0xFC, 0x00, 0x07, 0xFE, 0xFF, 0xC0, 0x01, 0xFF, 0x9F, 0xFE, 0x00, 0x7F, 0xF1, 0xFF, 
  0xF8, 0xFF, 0xFC, 0x1F, 0xFF, 0xFF, 0xFF, 0x01, 0xFF, 0xFF, 0xFF, 0xC0, 0x1F, 0xFF, 0xFF, 0xE0, 
  0x00, 0xFF, 0xFF, 0xE0, 0x00, 0x00, 0xFF, 0xE0, 0x00, 0x00, 0x0F, 0xE0, 0x00, 0x00, 0x1F, 0xC0, 
  0x00, 0x00, 0x7F, 0x80, 0x00, 0x00, 0xFF, 0x00, 0x00, 0x01, 0xFE, 0x00, 0x00, 0x07, 0xFC, 0x00, 
  0x00, 0x0F, 0xF8, 0x00, 0x00, 0x3F, 0xF0, 0x00, 0x00, 0xFF, 0xE0, 0x00, 0x03, 0xFF, 0xC0, 0x00, 
  0x1F, 0xFF, 0xFF, 0xF0, 0xFF, 0xFF, 0xFF, 0xEF, 0xFF, 0xFF, 0xFF, 0xDF, 0xFF, 0xFF, 0xFF, 0xBF, 
  0xFF, 0xFF, 0xFF, 0x7F, 0xFF, 0xFF, 0xFE, 0x03, 0xFF, 0xE0, 0x00, 0x07, 0xFF, 0xC0, 0x00, 0x0F, 
  0xFF, 0x80, 0x00, 0x1F, 0xFF, 0x00, 0x00, 0x3F, 0xFE, 0x00, 0x00, 0x7F, 0xFC, 0x00, 0x00, 0xFF, 
  0xF8, 0x00, 0x01, 0xFF, 0xF0, 0x00, 0x03, 0xFF, 0xE0, 0x00, 0x07, 0xFF, 0xC0, 0x00, 0x0F, 0xFF, 
  0x80, 0x00, 0x1F, 0xFF, 0x00, 0x00, 0x3F, 0xFE, 0x00, 0x00, 0x7F, 0xFC, 0x00, 0x00, 0xFF, 0xF8, 
  0x00, 0x01, 0xFF, 0xF0, 0x00, 0x03, 0xFF, 0xE0, 0x00, 0x07, 0xFF, 0xC0, 0x00, 0x0F, 0xFF, 0x80, 
  0x00, 0x1F, 0xFF, 0x00, 0x00, 0x3F, 0xFE, 0x00, 0x00, 0x7F, 0xFC, 0x00, 0x00, 0xFF, 0xF8, 0x00, 
  0x01, 0xFF, 0xF0, 0x00, 0x03, 0xFF, 0xE0, 0x00, 0x07, 0xFF, 0xC0, 0x00, 0x0F, 0xFF, 0x80, 0x00, 
  0x1F, 0xFF, 0x00, 0x00, 0x3F, 0xFE, 0x00, 0x00, 0x7F, 0xFC, 0x00, 0x00, 0xFF, 0xFC, 0x00, 0x01, 
  0xFF, 0xF8, 0x00, 0x01, 0xFF, 0xF8, 0x00, 0x03, 0xFF, 0xF8, 0x0C, 0x07, 0xFF, 0xFF, 0xF8, 0x07, 
  0xFF, 0xFF, 0xF0, 0x0F, 0xFF, 0xFF, 0xE0, 0x0F, 0xFF, 0xFF, 0xC0, 0x0F, 0xFF, 0xFF, 0x80, 0x07, 
  0xFF, 0xFC, 0x00, 0x00, 0xFF, 0x00, 0xFF, 0xFF, 0xE0, 0x1F, 0xFF, 0xFC, 0x07, 0xFF, 0xFF, 0x00, 
  0xFF, 0xFF, 0xE0, 0x3F, 0xFF, 0xF8, 0x07, 0xFF, 0xFF, 0x01, 0xFF, 0xFF, 0xC0, 0x3F, 0xFF, 0xF8, 
  0x0F, 0xFF, 0xFE, 0x01, 0xFF, 0xFF, 0xC0, 0x07, 0xFF, 0xF0, 0x00, 0xFF, 0xFE, 0x00, 0x1F, 0xFF, 
  0x80, 0x03, 0xFF, 0xF0, 0x00, 0x7F, 0xFC, 0x00, 0x0F, 0xFF, 0x80, 0x03, 0xFF, 0xE0, 0x00, 0x7F, 
  0xFC, 0x00, 0x1F, 0xFF, 0x00, 0x03, 0xFF, 0xE0, 0x00, 0xFF, 0xF8, 0x00, 0x1F, 0xFF, 0x00, 0x07, 
  0xFF, 0xC0, 0x00, 0xFF, 0xF8, 0x00, 0x3F, 0xFE, 0x00, 0x07, 0xFF, 0xC0, 0x01, 0xFF, 0xF0, 0x00, 
  0x3F, 0xFE, 0x00, 0x0F, 0xFF, 0x80, 0x01, 0xFF, 0xF0, 0x00, 0x7F, 0xFC, 0x00, 0x0F, 0xFF, 0x80, 
  0x03, 0xFF, 0xE0, 0x00, 0x7F, 0xFC, 0x00, 0x1F, 0xFF, 0x00, 0x03, 0xFF, 0xE0, 0x00, 0xFF, 0xF8, 
  0x00, 0x1F, 0xFF, 0x00, 0x07, 0xFF, 0xC0, 0x00, 0xFF, 0xF8, 0x00, 0x3F, 0xFE, 0x00, 0x07, 0xFF, 
  0xC0, 0x01, 0xFF, 0xF0, 0x00, 0x3F, 0xFE, 0x00, 0x0F, 0xFF, 0x80, 0x01, 0xFF, 0xF0, 0x00, 0x7F, 
  0xFC, 0x00, 0x0F, 0xFF, 0x80, 0x03, 0xFF, 0xE0, 0x00, 0x7F, 0xFC, 0x00, 0x1F, 0xFF, 0x00, 0x03, 
  0xFF, 0xE0, 0x00, 0xFF, 0xF8, 0x00, 0x1F, 0xFF, 0x00, 0x07, 0xFF, 0xC0, 0x00, 0xFF, 0xF8, 0x00, 
  0x3F, 0xFE, 0x00, 0x07, 0xFF, 0xC0, 0x01, 0xFF, 0xF0, 0x00, 0x3F, 0xFE, 0x00, 0x0F, 0xFF, 0x80, 
  0x01, 0xFF, 0xF0, 0x00, 0x7F, 0xFC, 0x00, 0x0F, 0xFF, 0x80, 0x03, 0xFF, 0xE0, 0x00, 0x7F, 0xFC, 
  0x00, 0x1F, 0xFF, 0x80, 0x07, 0xFF, 0xE0, 0x00, 0xFF, 0xFC, 0x00, 0x3F, 0xFF, 0x00, 0x03, 0xFF, 
  0xE0, 0x01, 0xFF, 0xF8, 0x00, 0x1F, 0xFF, 0x80, 0x1F, 0xFF, 0xC0, 0x00, 0xFF, 0xFC, 0x01, 0xFF, 
  0xFE, 0x00, 0x07, 0xFF, 0xF0, 0x1F, 0xFF, 0xF0, 0x00, 0x1F, 0xFF, 0xF7, 0xFF, 0xFF, 0xC0, 0x00, 
  0xFF, 0xFF, 0xFF, 0xBF, 0xFF, 0x00, 0x03, 0xFF, 0xFF, 0xF9, 0xFF, 0xFF, 0xC0, 0x1F, 0xFF, 0xFF, 
  0x87, 0xFF, 0xFE, 0x00, 0x7F, 0xFF, 0xF8, 0x3F, 0xFF, 0xF0, 0x01, 0xFF, 0xFF, 0x81, 0xFF, 0xFF, 
  0x80, 0x03, 0xFF, 0xF0, 0x0F, 0xFF, 0xFC, 0x00, 0x01, 0xFC, 0x00, 0x00, 0x00, 0x00, 0xFF, 0xFF, 
  0xFF, 0xC0, 0x7F, 0xFF, 0xFF, 0xFF, 0xFF, 0xFC, 0x07, 0xFF, 0xFF, 0xFF, 0xFF, 0xFF, 0xC0, 0x7F, 
  0xFF, 0xFF, 0xFF, 0xFF, 0xFC, 0x07, 0xFF, 0xFF, 0xFF, 0xFF, 0xFF, 0xC0, 0x7F, 0xFF, 0xF0, 0xFF, 
  0xFF, 0x80, 0x00, 0x7F, 0xF0, 0x07, 0xFF, 0xF0, 0x00, 0x03, 0xFE, 0x00, 0x3F, 0xFF, 0x00, 0x00, 
  0x3F, 0xC0, 0x01, 0xFF, 0xF0, 0x00, 0x03, 0xF8, 0x00, 0x1F, 0xFF, 0x00, 0x00, 0x3F, 0x80, 0x01, 
  0xFF, 0xF8, 0x00, 0x03, 0xF8, 0x00, 0x0F, 0xFF, 0x80, 0x00, 0x3F, 0x00, 0x00, 0xFF, 0xF8, 0x00, 
  0x03, 0xF0, 0x00, 0x0F, 0xFF, 0xC0, 0x00, 0x7E, 0x00, 0x00, 0x7F, 0xFC, 0x00, 0x07, 0xE0, 0x00, 
  0x07, 0xFF, 0xC0, 0x00, 0x7E, 0x00, 0x00, 0x3F, 0xFE, 0x00, 0x0F, 0xC0, 0x00, 0x03, 0xFF, 0xE0, 
  0x00, 0xFC, 0x00, 0x00, 0x3F, 0xFE, 0x00, 0x0F, 0xC0, 0x00, 0x01, 0xFF, 0xF0, 0x01, 0xF8, 0x00, 
  0x00, 0x1F, 0xFF, 0x00, 0x1F, 0x80, 0x00, 0x01, 0xFF, 0xF0, 0x01, 0xF8, 0x00, 0x00, 0x0F, 0xFF, 
  0x80, 0x3F, 0x00, 0x00, 0x00, 0xFF, 0xF8, 0x03, 0xF0, 0x00, 0x00, 0x0F, 0xFF, 0x80, 0x3F, 0x00, 
  0x00, 0x00, 0x7F, 0xFC, 0x07, 0xE0, 0x00, 0x00, 0x07, 0xFF, 0xC0, 0x7E, 0x00, 0x00, 0x00, 0x3F, 
  0xFC, 0x07, 0xE0, 0x00, 0x00, 0x03, 0xFF, 0xE0, 0xFC, 0x00, 0x00, 0x00, 0x3F, 0xFE, 0x0F, 0xC0, 
  0x00, 0x00, 0x01, 0xFF, 0xE1, 0xF8, 0x00, 0x00, 0x00, 0x1F, 0xFF, 0x1F, 0x80, 0x00, 0x00, 0x01, 
  0xFF, 0xF1, 0xF8, 0x00, 0x00, 0x00, 0x0F, 0xFF, 0x3F, 0x00, 0x00, 0x00, 0x00, 0xFF, 0xFB, 0xF0, 
  0x00, 0x00, 0x00, 0x0F, 0xFF, 0xBF, 0x00, 0x00, 0x00, 0x00, 0x7F, 0xFB, 0xE0, 0x00, 0x00, 0x00, 
  0x07, 0xFF, 0xFE, 0x00, 0x00, 0x00, 0x00, 0x3F, 0xFF, 0xE0, 0x00, 0x00, 0x00, 0x03, 0xFF, 0xFC, 
  0x00, 0x00, 0x00, 0x00, 0x3F, 0xFF, 0xC0, 0x00, 0x00, 0x00, 0x01, 0xFF, 0xFC, 0x00, 0x00, 0x00, 
  0x00, 0x1F, 0xFF, 0x80, 0x00, 0x00, 0x00, 0x01, 0xFF, 0xF8, 0x00, 0x00, 0x00, 0x00, 0x0F, 0xFF, 
  0x80, 0x00, 0x00, 0x00, 0x00, 0xFF, 0xF0, 0x00, 0x00, 0xFF, 0xFF, 0xFF, 0x80, 0x00, 0x00, 0x07, 
  0xFF, 0xFF, 0xFF, 0xFF, 0xFF, 0xC0, 0x07, 0xE0, 0x03, 0xFF, 0xFF, 0xFF, 0xFF, 0xFF, 0xE0, 0x03, 
  0xF8, 0x01, 0xFF, 0xFF, 0xFF, 0xFF, 0xFF, 0xF0, 0x01, 0xFC, 0x00, 0xFF, 0xFF, 0xFF, 0xFF, 0xFF, 
  0xF8, 0x01, 0xFE, 0x00, 0x7F, 0xFF, 0xF8, 0xFF, 0xFF, 0x80, 0x00, 0xFF, 0x80, 0x03, 0xFF, 0xC0, 
  0x3F, 0xFF, 0x80, 0x00, 0xFF, 0xC0, 0x00, 0x7F, 0xC0, 0x0F, 0xFF, 0xC0, 0x00, 0x7F, 0xE0, 0x00, 
  0x3F, 0xC0, 0x03, 0xFF, 0xE0, 0x00, 0x3F, 0xF8, 0x00, 0x0F, 0xE0, 0x01, 0xFF, 0xF0, 0x00, 0x3F, 
  0xFC, 0x00, 0x07, 0xE0, 0x00, 0xFF, 0xF8, 0x00, 0x1F, 0xFE, 0x00, 0x07, 0xF0, 0x00, 0x3F, 0xFC, 
  0x00, 0x0F, 0xFF, 0x00, 0x03, 0xF0, 0x00, 0x1F, 0xFE, 0x00, 0x0F, 0xFF, 0xC0, 0x01, 0xF8, 0x00, 
  0x0F, 0xFF, 0x80, 0x07, 0xFF, 0xE0, 0x00, 0xFC, 0x00, 0x03, 0xFF, 0xC0, 0x03, 0xFF, 0xF0, 0x00, 
  0xFC, 0x00, 0x01, 0xFF, 0xE0, 0x03, 0xFF, 0xFC, 0x00, 0x7E, 0x00, 0x00, 0xFF, 0xF0, 0x01, 0xFF, 
  0xFE, 0x00, 0x3F, 0x00, 0x00, 0x7F, 0xFC, 0x01, 0xFF, 0xFF, 0x00, 0x1F, 0x00, 0x00, 0x1F, 0xFE, 
  0x00, 0xFF, 0xFF, 0xC0, 0x1F, 0x80, 0x00, 0x0F, 0xFF, 0x00, 0x7D, 0xFF, 0xE0, 0x0F, 0xC0, 0x00, 
  0x07, 0xFF, 0x80, 0x7E, 0x7F, 0xF0, 0x07, 0xE0, 0x00, 0x01, 0xFF, 0xE0, 0x3F, 0x3F, 0xFC, 0x07, 
  0xE0, 0x00, 0x00, 0xFF, 0xF0, 0x1F, 0x1F, 0xFE, 0x03, 0xF0, 0x00, 0x00, 0x7F, 0xF8, 0x1F, 0x87, 
  0xFF, 0x01, 0xF8, 0x00, 0x00, 0x1F, 0xFE, 0x0F, 0xC3, 0xFF, 0xC1, 0xF8, 0x00, 0x00, 0x0F, 0xFF, 
  0x07, 0xC1, 0xFF, 0xE0, 0xFC, 0x00, 0x00, 0x07, 0xFF, 0x87, 0xE0, 0x7F, 0xF0, 0x7E, 0x00, 0x00, 
  0x03, 0xFF, 0xC3, 0xF0, 0x3F, 0xFC, 0x7E, 0x00, 0x00, 0x00, 0xFF, 0xF1, 0xF0, 0x1F, 0xFE, 0x3F, 
  0x00, 0x00, 0x00, 0x7F, 0xF9, 0xF8, 0x07, 0xFF, 0x1F, 0x80, 0x00, 0x00, 0x3F, 0xFC, 0xFC, 0x03, 
  0xFF, 0xCF, 0x80, 0x00, 0x00, 0x0F, 0xFE, 0x7C, 0x01, 0xFF, 0xEF, 0xC0, 0x00, 0x00, 0x07, 0xFF, 
  0x7E, 0x00, 0x7F, 0xF7, 0xE0, 0x00, 0x00, 0x03, 0xFF, 0xFF, 0x00, 0x3F, 0xFB, 0xE0, 0x00, 0x00, 
  0x01, 0xFF, 0xFF, 0x00, 0x1F, 0xFD, 0xF0, 0x00, 0x00, 0x00, 0x7F, 0xFF, 0x80, 0x07, 0xFF, 0xF8, 
  0x00, 0x00, 0x00, 0x3F, 0xFF, 0xC0, 0x03, 0xFF, 0xF8, 0x00, 0x00, 0x00, 0x1F, 0xFF, 0xC0, 0x01, 
  0xFF, 0xFC, 0x00, 0x00, 0x00, 0x07, 0xFF, 0xE0, 0x00, 0x7F, 0xFE, 0x00, 0x00, 0x00, 0x03, 0xFF, 
  0xE0, 0x00, 0x3F, 0xFE, 0x00, 0x00, 0x00, 0x01, 0xFF, 0xF0, 0x00, 0x1F, 0xFF, 0x00, 0x00, 0x00, 
  0x00, 0x7F, 0xF8, 0x00, 0x07, 0xFF, 0x80, 0x00, 0x00, 0x00, 0x3F, 0xF8, 0x00, 0x03, 0xFF, 0xC0, 
  0x00, 0x00, 0x00, 0x1F, 0xFC, 0x00, 0x01, 0xFF, 0xC0, 0x00, 0x00, 0x00, 0x0F, 0xFE, 0x00, 0x00, 
  0x7F, 0xE0, 0x00, 0x00, 0x00, 0x03, 0xFE, 0x00, 0x00, 0x3F, 0xF0, 0x00, 0x00, 0x3F, 0xFF, 0xFF, 
  0xF0, 0xFF, 0xFF, 0xE1, 0xFF, 0xFF, 0xFF, 0x87, 0xFF, 0xFF, 0x0F, 0xFF, 0xFF, 0xFC, 0x3F, 0xFF, 
  0xF8, 0x7F, 0xFF, 0xFF, 0xE1, 0xFF, 0xFF, 0xC3, 0xFF, 0xFF, 0xFF, 0x0F, 0xFF, 0xFE, 0x03, 0xFF, 
  0xFF, 0x80, 0x0F, 0xFF, 0x00, 0x07, 0xFF, 0xF8, 0x00, 0x3F, 0xF0, 0x00, 0x1F, 0xFF, 0xC0, 0x01, 
  0xFE, 0x00, 0x00, 0x7F, 0xFE, 0x00, 0x0F, 0xF0, 0x00, 0x01, 0xFF, 0xF8, 0x00, 0xFF, 0x00, 0x00, 
  0x07, 0xFF, 0xC0, 0x07, 0xF0, 0x00, 0x00, 0x1F, 0xFF, 0x00, 0x7F, 0x00, 0x00, 0x00, 0xFF, 0xFC, 
  0x07, 0xF0, 0x00, 0x00, 0x03, 0xFF, 0xF0, 0x3F, 0x00, 0x00, 0x00, 0x0F, 0xFF, 0xC3, 0xF0, 0x00, 
  0x00, 0x00, 0x3F, 0xFF, 0x3F, 0x80, 0x00, 0x00, 0x01, 0xFF, 0xFB, 0xF8, 0x00, 0x00, 0x00, 0x07, 
  0xFF, 0xFF, 0x80, 0x00, 0x00, 0x00, 0x1F, 0xFF, 0xF8, 0x00, 0x00, 0x00, 0x00, 0x7F, 0xFF, 0x80, 
  0x00, 0x00, 0x00, 0x01, 0xFF, 0xF8, 0x00, 0x00, 0x00, 0x00, 0x0F, 0xFF, 0xC0, 0x00, 0x00, 0x00, 
  0x00, 0x3F, 0xFF, 0x00, 0x00, 0x00, 0x00, 0x01, 0xFF, 0xFC, 0x00, 0x00, 0x00, 0x00, 0x0F, 0xFF, 
  0xF0, 0x00, 0x00, 0x00, 0x00, 0xFF, 0xFF, 0x80, 0x00, 0x00, 0x00, 0x0F, 0xFF, 0xFE, 0x00, 0x00, 
  0x00, 0x00, 0xFD, 0xFF, 0xF8, 0x00, 0x00, 0x00, 0x0F, 0xE7, 0xFF, 0xE0, 0x00, 0x00, 0x00, 0xFE, 
  0x1F, 0xFF, 0x80, 0x00, 0x00, 0x07, 0xE0, 0x7F, 0xFC, 0x00, 0x00, 0x00, 0x7E, 0x03, 0xFF, 0xF0, 
  0x00, 0x00, 0x07, 0xF0, 0x0F, 0xFF, 0xC0, 0x00, 0x00, 0x7F, 0x00, 0x3F, 0xFF, 0x00, 0x00, 0x07, 
  0xF0, 0x00, 0xFF, 0xF8, 0x00, 0x00, 0x7F, 0x00, 0x03, 0xFF, 0xE0, 0x00, 0x07, 0xF8, 0x00, 0x1F, 
  0xFF, 0x80, 0x00, 0x3F, 0x80, 0x00, 0x7F, 0xFE, 0x00, 0x03, 0xFC, 0x00, 0x03, 0xFF, 0xF8, 0x00, 
  0x3F, 0xE0, 0x00, 0x1F, 0xFF, 0xE0, 0x07, 0xFF, 0x80, 0x01, 0xFF, 0xFF, 0x87, 0xFF, 0xFF, 0xE1, 
  0xFF, 0xFF, 0xFF, 0xFF, 0xFF, 0xFF, 0x0F, 0xFF, 0xFF, 0xFF, 0xFF, 0xFF, 0xF8, 0x7F, 0xFF, 0xFF, 
  0xFF, 0xFF, 0xFF, 0xC3, 0xFF, 0xFF, 0xFF, 0xFF, 0xFF, 0xFE, 0x1F, 0xFF, 0xFF, 0xFC, 0xFF, 0xFF, 
  0xFF, 0x01, 0xFF, 0xFF, 0xFF, 0xFF, 0xFF, 0x80, 0xFF, 0xFF, 0xFF, 0xFF, 0xFF, 0xC0, 0x7F, 0xFF, 
  0xFF, 0xFF, 0xFF, 0xE0, 0x3F, 0xFF, 0xFF, 0xFF, 0xFF, 0xF0, 0x1F, 0xFF, 0xF8, 0xFF, 0xFF, 0xC0, 
  0x00, 0xFF, 0xE0, 0x3F, 0xFF, 0xC0, 0x00, 0x3F, 0xE0, 0x0F, 0xFF, 0xC0, 0x00, 0x1F, 0xE0, 0x03, 
  0xFF, 0xE0, 0x00, 0x0F, 0xF0, 0x01, 0xFF, 0xF0, 0x00, 0x07, 0xF0, 0x00, 0xFF, 0xF8, 0x00, 0x03, 
  0xF8, 0x00, 0x3F, 0xFE, 0x00, 0x01, 0xF8, 0x00, 0x1F, 0xFF, 0x00, 0x01, 0xFC, 0x00, 0x07, 0xFF, 
  0xC0, 0x00, 0xFE, 0x00, 0x03, 0xFF, 0xE0, 0x00, 0x7E, 0x00, 0x01, 0xFF, 0xF0, 0x00, 0x7F, 0x00, 
  0x00, 0x7F, 0xFC, 0x00, 0x3F, 0x00, 0x00, 0x3F, 0xFE, 0x00, 0x1F, 0x80, 0x00, 0x0F, 0xFF, 0x00, 
  0x1F, 0xC0, 0x00, 0x07, 0xFF, 0xC0, 0x0F, 0xC0, 0x00, 0x03, 0xFF, 0xE0, 0x07, 0xE0, 0x00, 0x00, 
  0xFF, 0xF8, 0x07, 0xF0, 0x00, 0x00, 0x7F, 0xFC, 0x03, 0xF0, 0x00, 0x00, 0x1F, 0xFE, 0x01, 0xF8, 
  0x00, 0x00, 0x0F, 0xFF, 0x81, 0xFC, 0x00, 0x00, 0x03, 0xFF, 0xC0, 0xFC, 0x00, 0x00, 0x01, 0xFF, 
  0xE0, 0x7E, 0x00, 0x00, 0x00, 0xFF, 0xF8, 0x7E, 0x00, 0x00, 0x00, 0x3F, 0xFC, 0x3F, 0x00, 0x00, 
  0x00, 0x1F, 0xFE, 0x1F, 0x80, 0x00, 0x00, 0x07, 0xFF, 0x9F, 0x80, 0x00, 0x00, 0x03, 0xFF, 0xCF, 
  0xC0, 0x00, 0x00, 0x01, 0xFF, 0xE7, 0xE0, 0x00, 0x00, 0x00, 0x7F, 0xF7, 0xE0, 0x00, 0x00, 0x00, 
  0x3F, 0xFF, 0xF0, 0x00, 0x00, 0x00, 0x0F, 0xFF, 0xF0, 0x00, 0x00, 0x00, 0x07, 0xFF, 0xF8, 0x00, 
  0x00, 0x00, 0x03, 0xFF, 0xFC, 0x00, 0x00, 0x00, 0x00, 0xFF, 0xFC, 0x00, 0x00, 0x00, 0x00, 0x7F, 
  0xFE, 0x00, 0x00, 0x00, 0x00, 0x1F, 0xFF, 0x00, 0x00, 0x00, 0x00, 0x0F, 0xFF, 0x00, 0x00, 0x00, 
  0x00, 0x07, 0xFF, 0x80, 0x00, 0x00, 0x00, 0x01, 0xFF, 0xC0, 0x00, 0x00, 0x00, 0x00, 0xFF, 0xC0, 
  0x00, 0x00, 0x00, 0x00, 0x3F, 0xE0, 0x00, 0x00, 0x00, 0x00, 0x1F, 0xE0, 0x00, 0x00, 0x00, 0x00, 
  0x0F, 0xF0, 0x00, 0x00, 0x00, 0x00, 0x0F, 0xF8, 0x00, 0x00, 0x00, 0x00, 0x07, 0xF8, 0x00, 0x00, 
  0x00, 0x00, 0x07, 0xFC, 0x00, 0x00, 0x00, 0x00, 0x03, 0xFC, 0x00, 0x00, 0x00, 0x00, 0x03, 0xFE, 
  0x00, 0x00, 0x00, 0x00, 0x01, 0xFF, 0x00, 0x00, 0x00, 0x00, 0x01, 0xFF, 0x00, 0x00, 0x00, 0x00, 
  0x01, 0xFF, 0x80, 0x00, 0x00, 0x00, 0x01, 0xFF, 0x80, 0x00, 0x00, 0x00, 0x01, 0xFF, 0x80, 0x00, 
  0x00, 0x00, 0x03, 0xFF, 0xC0, 0x00, 0x00, 0x00, 0x07, 0xFF, 0xC0, 0x00, 0x00, 0x01, 0xFF, 0xFF, 
  0xC0, 0x00, 0x00, 0x01, 0xFF, 0xFF, 0xC0, 0x00, 0x00, 0x00, 0xFF, 0xFF, 0x80, 0x00, 0x00, 0x00, 
  0x7F, 0xFF, 0x80, 0x00, 0x00, 0x00, 0x3F, 0xFC, 0x00, 0x00, 0x00, 0x00, 0x00, 0x0F, 0xFF, 0xFF, 
  0xFF, 0xFF, 0x07, 0xFF, 0xFF, 0xFF, 0xFF, 0x83, 0xFF, 0xFF, 0xFF, 0xFF, 0xC3, 0xFF, 0xFF, 0xFF, 
  0xFF, 0xE1, 0xFF, 0xFF, 0xFF, 0xFF, 0xF0, 0xFF, 0xFF, 0xFF, 0xFF, 0xF0, 0x7F, 0xE0, 0x01, 0xFF, 
  0xF8, 0x3F, 0xC0, 0x00, 0xFF, 0xF8, 0x1F, 0xC0, 0x00, 0xFF, 0xF8, 0x0F, 0xC0, 0x00, 0xFF, 0xFC, 
  0x07, 0xE0, 0x00, 0x7F, 0xFC, 0x03, 0xF0, 0x00, 0x7F, 0xFC, 0x01, 0xF0, 0x00, 0x7F, 0xFE, 0x00, 
  0xF8, 0x00, 0x3F, 0xFE, 0x00, 0x00, 0x00, 0x3F, 0xFE, 0x00, 0x00, 0x00, 0x3F, 0xFF, 0x00, 0x00, 
  0x00, 0x3F, 0xFF, 0x00, 0x00, 0x00, 0x1F, 0xFF, 0x00, 0x00, 0x00, 0x1F, 0xFF, 0x00, 0x00, 0x00, 
  0x1F, 0xFF, 0x80, 0x00, 0x00, 0x0F, 0xFF, 0x80, 0x00, 0x00, 0x0F, 0xFF, 0x80, 0x00, 0x00, 0x0F, 
  0xFF, 0xC0, 0x00, 0x00, 0x07, 0xFF, 0xC0, 0x00, 0x00, 0x07, 0xFF, 0xC0, 0x00, 0x00, 0x07, 0xFF, 
  0xE0, 0x00, 0x00, 0x03, 0xFF, 0xE0, 0x00, 0x00, 0x03, 0xFF, 0xE0, 0x00, 0x00, 0x03, 0xFF, 0xF0, 
  0x00, 0x00, 0x03, 0xFF, 0xF0, 0x00, 0x00, 0x01, 0xFF, 0xF0, 0x00, 0x00, 0x01, 0xFF, 0xF0, 0x00, 
  0x1F, 0x01, 0xFF, 0xF8, 0x00, 0x0F, 0x80, 0xFF, 0xF8, 0x00, 0x07, 0xC0, 0xFF, 0xF8, 0x00, 0x03, 
  0xE0, 0xFF, 0xFC, 0x00, 0x03, 0xF0, 0x7F, 0xFC, 0x00, 0x01, 0xF8, 0x7F, 0xFC, 0x00, 0x01, 0xFC, 
  0x7F, 0xFE, 0x00, 0x00, 0xFE, 0x3F, 0xFE, 0x00, 0x00, 0xFF, 0x3F, 0xFF, 0xFF, 0xFF, 0xFF, 0xBF, 
  0xFF, 0xFF, 0xFF, 0xFF, 0xFF, 0xFF, 0xFF, 0xFF, 0xFF, 0xFF, 0xFF, 0xFF, 0xFF, 0xFF, 0xFF, 0xFF, 
  0xFF, 0xFF, 0xFF, 0xFF, 0xFF, 0xFF, 0xFF, 0xFF, 0xFC, 0x00, 0x00, 0x03, 0xFF, 0x00, 0x00, 0x7F, 
  0xFF, 0x00, 0x01, 0xFF, 0xFF, 0x00, 0x07, 0xFF, 0xFF, 0x00, 0x0F, 0xFF, 0xFF, 0x00, 0x1F, 0xFF, 
  0xC0, 0x00, 0x1F, 0xFF, 0x00, 0x00, 0x3F, 0xFF, 0x00, 0x00, 0x3F, 0xFE, 0x00, 0x00, 0x3F, 0xFE, 
  0x00, 0x00, 0x3F, 0xFE, 0x00, 0x00, 0x7F, 0xFE, 0x00, 0x00, 0x7F, 0xFE, 0x00, 0x00, 0x7F, 0xFE, 
  0x00, 0x00, 0x7F, 0xFE, 0x00, 0x00, 0x7F, 0xFE, 0x00, 0x00, 0x7F, 0xFE, 0x00, 0x00, 0x7F, 0xFE, 
  0x00, 0x00, 0x7F, 0xFE, 0x00, 0x00, 0x7F, 0xFE, 0x00, 0x00, 0x7F, 0xFE, 0x00, 0x00, 0x7F, 0xFE, 
  0x00, 0x00, 0x7F, 0xFE, 0x00, 0x00, 0x7F, 0xFE, 0x00, 0x00, 0x7F, 0xFE, 0x00, 0x00, 0x7F, 0xFE, 
  0x00, 0x00, 0x7F, 0xFE, 0x00, 0x00, 0x7F, 0xFE, 0x00, 0x00, 0x7F, 0xFE, 0x00, 0x00, 0x7F, 0xFE, 
  0x00, 0x00, 0x7F, 0xFC, 0x00, 0x00, 0x7F, 0xFC, 0x00, 0x00, 0xFF, 0xF8, 0x00, 0x01, 0xFF, 0xF8, 
  0x00, 0x07, 0xFF, 0xF0, 0x00, 0xFF, 0xFF, 0xC0, 0x00, 0xFF, 0xFF, 0x80, 0x00, 0xFF, 0xF8, 0x00, 
  0x00, 0xFF, 0xFC, 0x00, 0x00, 0xFF, 0xFF, 0x80, 0x00, 0xFF, 0xFF, 0xE0, 0x00, 0x07, 0xFF, 0xF0, 
  0x00, 0x01, 0xFF, 0xF8, 0x00, 0x00, 0xFF, 0xFC, 0x00, 0x00, 0x7F, 0xFC, 0x00, 0x00, 0x7F, 0xFC, 
  0x00, 0x00, 0x7F, 0xFE, 0x00, 0x00, 0x7F, 0xFE, 0x00, 0x00, 0x7F, 0xFE, 0x00, 0x00, 0x7F, 0xFE, 
  0x00, 0x00, 0x7F, 0xFE, 0x00, 0x00, 0x7F, 0xFE, 0x00, 0x00, 0x7F, 0xFE, 0x00, 0x00, 0x7F, 0xFE, 
  0x00, 0x00, 0x7F, 0xFE, 0x00, 0x00, 0x7F, 0xFE, 0x00, 0x00, 0x7F, 0xFE, 0x00, 0x00, 0x7F, 0xFE, 
  0x00, 0x00, 0x7F, 0xFE, 0x00, 0x00, 0x7F, 0xFE, 0x00, 0x00, 0x7F, 0xFE, 0x00, 0x00, 0x7F, 0xFE, 
  0x00, 0x00, 0x7F, 0xFE, 0x00, 0x00, 0x7F, 0xFE, 0x00, 0x00, 0x7F, 0xFE, 0x00, 0x00, 0x3F, 0xFE, 
  0x00, 0x00, 0x3F, 0xFE, 0x00, 0x00, 0x3F, 0xFE, 0x00, 0x00, 0x3F, 0xFF, 0x00, 0x00, 0x1F, 0xFF, 
  0x00, 0x00, 0x0F, 0xFF, 0xC0, 0x00, 0x0F, 0xFF, 0xFF, 0x00, 0x07, 0xFF, 0xFF, 0x00, 0x01, 0xFF, 
  0xFF, 0x00, 0x00, 0x7F, 0xFF, 0x00, 0x00, 0x03, 0xFF, 0xFF, 0xFF, 0xFF, 0xFF, 0xFF, 0xFF, 0xFF, 
  0xFF, 0xFF, 0xFF, 0xFF, 0xFF, 0xFF, 0xFF, 0xFF, 0xFF, 0xFF, 0xFF, 0xFF, 0xFF, 0xFF, 0xFF, 0xFF, 
  0xFF, 0xFF, 0xFF, 0xFF, 0xFF, 0xFF, 0xFF, 0xFF, 0xFF, 0xFF, 0xFF, 0xFF, 0xFF, 0xFF, 0xFF, 0xFF, 
  0xFF, 0xFF, 0xFF, 0xFF, 0xFF, 0xFF, 0xFF, 0xFF, 0xFF, 0xFF, 0xFF, 0xFF, 0xFF, 0xFF, 0xFF, 0xFF, 
  0xFF, 0xFF, 0xFF, 0xFF, 0xFF, 0xFF, 0xFF, 0xFF, 0xFC, 0xFF, 0x80, 0x00, 0x00, 0xFF, 0xFE, 0x00, 
  0x00, 0xFF, 0xFF, 0x80, 0x00, 0xFF, 0xFF, 0xC0, 0x00, 0xFF, 0xFF, 0xE0, 0x00, 0x03, 0xFF, 0xF0, 
  0x00, 0x01, 0xFF, 0xF8, 0x00, 0x00, 0xFF, 0xF8, 0x00, 0x00, 0xFF, 0xFC, 0x00, 0x00, 0x7F, 0xFC, 
  0x00, 0x00, 0x7F, 0xFC, 0x00, 0x00, 0x7F, 0xFC, 0x00, 0x00, 0x7F, 0xFC, 0x00, 0x00, 0x7F, 0xFC, 
  0x00, 0x00, 0x7F, 0xFC, 0x00, 0x00, 0x7F, 0xFC, 0x00, 0x00, 0x7F, 0xFC, 0x00, 0x00, 0x7F, 0xFC, 
  0x00, 0x00, 0x7F, 0xFC, 0x00, 0x00, 0x7F, 0xFC, 0x00, 0x00, 0x7F, 0xFC, 0x00, 0x00, 0x7F, 0xFC, 
  0x00, 0x00, 0x7F, 0xFC, 0x00, 0x00, 0x7F, 0xFC, 0x00, 0x00, 0x7F, 0xFC, 0x00, 0x00, 0x7F, 0xFC, 
  0x00, 0x00, 0x7F, 0xFC, 0x00, 0x00, 0x7F, 0xFC, 0x00, 0x00, 0x7F, 0xFC, 0x00, 0x00, 0x7F, 0xFC, 
  0x00, 0x00, 0x7F, 0xFE, 0x00, 0x00, 0x3F, 0xFE, 0x00, 0x00, 0x3F, 0xFF, 0x00, 0x00, 0x1F, 0xFF, 
  0x80, 0x00, 0x0F, 0xFF, 0xE0, 0x00, 0x07, 0xFF, 0xFF, 0x00, 0x01, 0xFF, 0xFF, 0x00, 0x00, 0x3F, 
  0xFF, 0x00, 0x00, 0x7F, 0xFF, 0x00, 0x01, 0xFF, 0xFF, 0x00, 0x07, 0xFF, 0xFF, 0x00, 0x0F, 0xFF, 
  0xC0, 0x00, 0x1F, 0xFF, 0x80, 0x00, 0x3F, 0xFF, 0x00, 0x00, 0x3F, 0xFE, 0x00, 0x00, 0x7F, 0xFE, 
  0x00, 0x00, 0x7F, 0xFC, 0x00, 0x00, 0x7F, 0xFC, 0x00, 0x00, 0x7F, 0xFC, 0x00, 0x00, 0x7F, 0xFC, 
  0x00, 0x00, 0x7F, 0xFC, 0x00, 0x00, 0x7F, 0xFC, 0x00, 0x00, 0x7F, 0xFC, 0x00, 0x00, 0x7F, 0xFC, 
  0x00, 0x00, 0x7F, 0xFC, 0x00, 0x00, 0x7F, 0xFC, 0x00, 0x00, 0x7F, 0xFC, 0x00, 0x00, 0x7F, 0xFC, 
  0x00, 0x00, 0x7F, 0xFC, 0x00, 0x00, 0x7F, 0xFC, 0x00, 0x00, 0x7F, 0xFC, 0x00, 0x00, 0x7F, 0xFC, 
  0x00, 0x00, 0x7F, 0xFC, 0x00, 0x00, 0x7F, 0xFC, 0x00, 0x00, 0x7F, 0xFC, 0x00, 0x00, 0x7F, 0xFC, 
  0x00, 0x00, 0x7F, 0xFC, 0x00, 0x00, 0xFF, 0xF8, 0x00, 0x00, 0xFF, 0xF8, 0x00, 0x01, 0xFF, 0xF8, 
  0x00, 0x03, 0xFF, 0xF0, 0x00, 0xFF, 0xFF, 0xE0, 0x00, 0xFF, 0xFF, 0xC0, 0x00, 0xFF, 0xFF, 0x80, 
  0x00, 0xFF, 0xFE, 0x00, 0x00, 0xFF, 0xE0, 0x00, 0x00, 0x01, 0xFE, 0x00, 0x00, 0x3F, 0x07, 0xFF, 
  0x80, 0x00, 0x3F, 0x0F, 0xFF, 0xE0, 0x00, 0x3F, 0x1F, 0xFF, 0xF0, 0x00, 0x3F, 0x3F, 0xFF, 0xF8, 
  0x00, 0x7F, 0x3F, 0xFF, 0xFC, 0x00, 0x7F, 0x7F, 0x87, 0xFF, 0x00, 0x7E, 0x7F, 0x01, 0xFF, 0x80, 
  0xFE, 0x7E, 0x00, 0xFF, 0xC0, 0xFE, 0xFE, 0x00, 0x7F, 0xFB, 0xFE, 0xFC, 0x00, 0x3F, 0xFF, 0xFC, 
  0xFC, 0x00, 0x1F, 0xFF, 0xFC, 0xFC, 0x00, 0x07, 0xFF, 0xF8, 0xFC, 0x00, 0x03, 0xFF, 0xF0, 0xFC, 
  0x00, 0x00, 0xFF, 0xE0, 0xFC, 0x00, 0x00, 0x1E, 0x00, 0x7E, 0xFF, 0xFF, 0xFF, 0xFF, 0x7E, 0x3C, 
  0x00, 0x00, 0x3C, 0x7E, 0xFF, 0xFF, 0xFF, 0xFE, 0x7E, 0x7C, 0x0F, 0x83, 0xF7, 0xF0, 0xFE, 0x1F, 
  0xFF, 0x87, 0xF1, 0xFF, 0xFC, 0x3F, 0xCF, 0xFF, 0xE1, 0xFC, 0x7F, 0xFF, 0x0F, 0xE1, 0xF8, 0xE0, 
  0x1C, 0x07, 0x80, 0x00, 0x00, 0x00, 0x00, 0x00, 0x00, 0x00, 0x0F, 0x00, 0x0F, 0x00, 0xFC, 0x00, 
  0xFC, 0x0F, 0xF0, 0x0F, 0xF0, 0x7F, 0x80, 0x7F, 0x83, 0xFC, 0x03, 0xFC, 0x0F, 0xE0, 0x0F, 0xE0, 
  0x7E, 0x00, 0x7E, 0x7F, 0xFF, 0x1F, 0x9F, 0xFF, 0xC7, 0xFF, 0xFF, 0xE3, 0xFF, 0xFF, 0xF8, 0xFF, 
  0xFF, 0xFE, 0x3F, 0xFF, 0xFF, 0x87, 0xE0, 0x00, 0x00, 0xF0, 0x00, 0x00, 0x00, 0x00, 0x00, 0x00, 
  0x00, 0x00, 0x03, 0xC0, 0x00, 0x01, 0xF8, 0x00, 0x00, 0xFF, 0x00, 0x00, 0x3F, 0xC0, 0x00, 0x0F, 
  0xF0, 0x00, 0x01, 0xFC, 0x00, 0x00, 0x7E, 0x7F, 0xFF, 0x1F, 0x9F, 0xFF, 0xC7, 0xFF, 0xFF, 0xE3, 
  0xFF, 0xFF, 0xF8, 0xFF, 0xFF, 0xFE, 0x3F, 0xFF, 0xFF, 0x87, 0xE0, 0x3C, 0x00, 0xF0, 0x0F, 0x00, 
  0x00, 0x03, 0xC0, 0x00, 0x00, 0xF0, 0x03, 0xC0, 0x7C, 0x01, 0xF8, 0x1F, 0x00, 0xFF, 0x07, 0xC0, 
  0x3F, 0xC1, 0xF8, 0x0F, 0xF0, 0x7E, 0x01, 0xFC, 0x00, 0x00, 0x7E, 0x7E, 0xFE, 0xFF, 0xFF, 0xFF, 
  0x7E, 0x3C, 0x7E, 0x0F, 0xBF, 0x87, 0xFF, 0xF1, 0xFF, 0xFC, 0x7F, 0xFF, 0x1F, 0xDF, 0x87, 0xF3, 
  0xC0, 0x70, 0x7C, 0x0F, 0xDF, 0xC3, 0xFB, 0xF8, 0x7F, 0xFF, 0x8F, 0xFF, 0xE1, 0xFE, 0xFC, 0x1F, 
  0x8E, 0x01, 0xC0, 0x00, 0x00, 0x00, 0x00, 0x00, 0x3C, 0x00, 0x0F, 0xE0, 0x01, 0xFC, 0x00, 0x7F, 
  0x80, 0x0F, 0xF0, 0x00, 0xFE, 0x00, 0x0F, 0x80, 0xFF, 0xFF, 0xFF, 0xFF, 0xFF, 0xFF, 0xFF, 0xFF, 
  0xFF, 0xFF, 0xFF, 0xC0, 0xFF, 0xFF, 0xFF, 0xFF, 0xFF, 0xFF, 0xFF, 0xFF, 0xFF, 0xFF, 0xF0, 0x78, 
  0x01, 0xE0, 0x07, 0xC0, 0x1F, 0x00, 0x7C, 0x03, 0xF0, 0x7E, 0x7E, 0xFF, 0xFF, 0xFF, 0x7E, 0x3C, 
  0x3E, 0x7F, 0xFF, 0xFF, 0xFF, 0x7E, 0x3C, 0x7C, 0x00, 0x00, 0x7F, 0x00, 0x00, 0x3F, 0x80, 0x00, 
  0x1F, 0xC0, 0x00, 0x0F, 0xE1, 0x80, 0x07, 0xF3, 0xF0, 0x00, 0xE3, 0xFC, 0x00, 0x01, 0xFE, 0x00, 
  0x00, 0xFF, 0x00, 0x00, 0x7F, 0x8F, 0x00, 0x1F, 0x9F, 0xC0, 0x03, 0x0F, 0xE0, 0x00, 0x07, 0xF8, 
  0x00, 0x03, 0xF8, 0x00, 0x01, 0xFC, 0x00, 0x00, 0x7C, 0x7E, 0xFE, 0xFF, 0xFF, 0xFF, 0x7E, 0x3C, 
  0xFF, 0xFF, 0xFF, 0xFF, 0xFF, 0xFF, 0xFF, 0xFF, 0xFF, 0xFF, 0xFF, 0xFF, 0xFF, 0xFF, 0xFF, 0xFF, 
  0xFF, 0xFF, 0xFF, 0xFF, 0xFF, 0xFF, 0xFF, 0xFF, 0xFF, 0xFF, 0xFF, 0xFF, 0xFF, 0xFF, 0xFF, 0xFF, 
  0xFF, 0xFF, 0xFF, 0xFF, 0xFF, 0xFF, 0xFF, 0xFF, 0xFF, 0xFF, 0xFF, 0xFF, 0xFF, 0xFF, 0xFF, 0xFC, 
  0x7F, 0xFF, 0xF7, 0xFF, 0xFF, 0x7F, 0xFF, 0xF7, 0xFF, 0xFF, 0xFF, 0xFF, 0xF0, 0xFF, 0xFF, 0xFF, 
  0xFF, 0xFF, 0xFF, 0xFF, 0xFF, 0xFF, 0xFF, 0xFF, 0xFF, 0xFF, 0xFF, 0xFF, 0xFF, 0xFF, 0xFF, 0xFF, 
  0xFF, 0xFF, 0xFF, 0xFF, 0xFF, 0xFF, 0xFF, 0xFF, 0xFF, 0xFF, 0xFF, 0xFF, 0xFF, 0xFF, 0xFF, 0xFF, 
  0xFF, 0xFF, 0xFF, 0xFF, 0xFF, 0xFF, 0xFF, 0xFF, 0xFF, 0xFF, 0xFF, 0xFF, 0xFF, 0x7E, 0xFE, 0xFF, 
  0xFF, 0xFF, 0x7E, 0x3C, 0x7D, 0xFF, 0xFF, 0xFF, 0xFF, 0xDE, 0x00, 0x1F, 0xE0, 0xFF, 0xC7, 0xFF, 
  0xBF, 0xFE, 0xFF, 0xFF, 0xFF, 0xFF, 0xFF, 0xFF, 0xFF, 0xFF, 0xFF, 0xFF, 0xE7, 0xFF, 0x8F, 0xFC, 
  0x1F, 0xE0, 0x00, 0x00, 0x00, 0x00, 0x00, 0x00, 0x00, 0x00, 0x00, 0x00, 0x00, 0x00, 0x00, 0x00, 
  0x00, 0x00, 0x00, 0x00, 0x00, 0x00, 0x00, 0x00, 0x00, 0x00, 0x00, 0x00, 0x00, 0x00, 0x00, 0x00, 
  0x00, 0x00, 0x00, 0x00, 0x00, 0x3F, 0x03, 0xFF, 0x1F, 0xFE, 0xFF, 0xFB, 0xFF, 0xFF, 0xFF, 0xFF, 
  0xFF, 0xFF, 0xFF, 0xFF, 0xFF, 0xFF, 0xDF, 0xFE, 0x7F, 0xF8, 0xFF, 0x80, 0x30, 0x00, 0x7E, 0xFE, 
  0xFF, 0xFF, 0xFF, 0x7E, 0x3C, 0x7E, 0xFE, 0xFF, 0xFF, 0xFF, 0x7E, 0x3C, 0x00, 0x01, 0xC0, 0x00, 
  0x00, 0x78, 0x00, 0x00, 0x1E, 0x00, 0x00, 0x07, 0x80, 0x00, 0x07, 0xE0, 0x03, 0xFF, 0xFC, 0x03, 
  0xFF, 0xFF, 0x01, 0xFF, 0xFF, 0xC0, 0x7F, 0xFF, 0xF0, 0x3F, 0xFF, 0xFC, 0x0F, 0xFF, 0xFF, 0x03, 
  0xFF, 0xFF, 0xC0, 0xFF, 0xFF, 0xF0, 0x3F, 0xFF, 0xFC, 0x0F, 0xFF, 0xFF, 0x03, 0xFF, 0xFF, 0x80, 
  0xFF, 0xFF, 0xE0, 0x3F, 0xFF, 0xE0, 0x0F, 0xF0, 0x00, 0x03, 0xF0, 0x00, 0x00, 0xF8, 0x00, 0x00, 
  0x3E, 0x00, 0x00, 0x0F, 0x80, 0x00, 0x03, 0xE0, 0x00, 0x00, 0xF8, 0x00, 0x00, 0x3E, 0x00, 0x00, 
  0x0F, 0x80, 0x00, 0x03, 0xE0, 0x00, 0x00, 0xF8, 0x00, 0x00, 0x3E, 0x00, 0x00, 0x0F, 0x80, 0x00, 
  0x03, 0xE0, 0x00, 0x00, 0xF8, 0x00, 0x00, 0x3E, 0x00, 0x00, 0x0F, 0x80, 0x00, 0x03, 0xE0, 0x00, 
  0x00, 0xF8, 0x00, 0x00, 0x3E, 0x00, 0x00, 0x0F, 0x80, 0x00, 0x03, 0xE0, 0x00, 0x00, 0xFC, 0x00, 
  0x00, 0x3F, 0xFF, 0xFF, 0x0F, 0xFF, 0xFF, 0xE3, 0xFF, 0xFF, 0xF8, 0xFF, 0xFF, 0xFE, 0x3F, 0xFF, 
  0xFF, 0x8F, 0xFF, 0xFF, 0xF3, 0xFF, 0xFF, 0xFC, 0xFF, 0xFF, 0xFF, 0x1F, 0xFF, 0xFF, 0xC7, 0xFF, 
  0xFF, 0xF8, 0xFF, 0xFF, 0xFE, 0x3F, 0xFF, 0xFF, 0x87, 0xFF, 0xFF, 0xE0, 0x7F, 0xFF, 0xFC, 0xFF, 
  0xFF, 0xFF, 0xFF, 0xFF, 0xFF, 0xFF, 0xFF, 0xFF, 0xFF, 0xFF, 0xC1, 0xE0, 0x03, 0xC0, 0x07, 0x80, 
  0x0F, 0x80, 0x1F, 0x00, 0x3E, 0x00, 0x7C, 0x01, 0xF8, 0x00, 0xFF, 0xFF, 0xFF, 0xFF, 0xFF, 0xFF, 
  0xFF, 0xFF, 0xFF, 0xFF, 0xFF, 0xFF, 0xFF, 0xFF, 0xFF, 0xFF, 0xFF, 0xFF, 0xFF, 0xFF, 0xFF, 0xFF, 
  0xE0, 0x00, 0x00, 0x03, 0xFC, 0x00, 0x00, 0x00, 0x7F, 0x80, 0x00, 0x00, 0x0F, 0xF0, 0x00, 0x00, 
  0x01, 0xFE, 0x00, 0x00, 0x00, 0x3F, 0xC0, 0x00, 0x00, 0x07, 0xF8, 0x00, 0x00, 0x00, 0xFF, 0x00, 
  0x00, 0x00, 0x1F, 0xE0, 0x00, 0x00, 0x03, 0xFC, 0x00, 0x00, 0x00, 0x7F, 0x80, 0x00, 0x00, 0x0F, 
  0xF0, 0x00, 0x00, 0x01, 0xFE, 0x00, 0x00, 0x00, 0x3F, 0xC0, 0x00, 0x00, 0x07, 0xF8, 0x00, 0x00, 
  0x00, 0xFF, 0x00, 0x00, 0x00, 0x1F, 0xE0, 0x00, 0x00, 0x03, 0xFC, 0x00, 0x00, 0x00, 0x7F, 0x80, 
  0x00, 0x00, 0x0F, 0xF0, 0x00, 0x00, 0x01, 0xFE, 0x00, 0x00, 0x00, 0x3F, 0xC0, 0x00, 0x00, 0x07, 
  0xF8, 0x00, 0x00, 0x00, 0xFF, 0x00, 0x00, 0x00, 0x1F, 0xE0, 0x00, 0x00, 0x03, 0xFC, 0x00, 0x00, 
  0x00, 0x7F, 0x80, 0x00, 0x00, 0x0F, 0xF0, 0x00, 0x00, 0x01, 0xFE, 0x00, 0x00, 0x00, 0x3F, 0xC0, 
  0x00, 0x00, 0x07, 0xF8, 0x00, 0x00, 0x00, 0xFF, 0x00, 0x00, 0x00, 0x1F, 0xE0, 0x00, 0x00, 0x03, 
  0xFC, 0x00, 0x00, 0x00, 0x7F, 0x80, 0x00, 0x00, 0x0F, 0xF0, 0x00, 0x00, 0x01, 0xFE, 0x00, 0x00, 
  0x00, 0x3F, 0xC0, 0x00, 0x00, 0x07, 0xF8, 0x00, 0x00, 0x00, 0xFF, 0x00, 0x00, 0x00, 0x1F, 0xE0, 
  0x00, 0x00, 0x03, 0xFC, 0x00, 0x00, 0x00, 0x7F, 0x80, 0x00, 0x00, 0x0F, 0xF0, 0x00, 0x00, 0x01, 
  0xFE, 0x00, 0x00, 0x00, 0x3F, 0xC0, 0x00, 0x00, 0x07, 0xF8, 0x00, 0x00, 0x00, 0xFF, 0x00, 0x00, 
  0x00, 0x1F, 0xE0, 0x00, 0x00, 0x03, 0xFC, 0x00, 0x00, 0x00, 0x7F, 0x80, 0x00, 0x00, 0x0F, 0xF0, 
  0x00, 0x00, 0x01, 0xFF, 0xFF, 0xFF, 0xFF, 0xFF, 0xFF, 0xFF, 0xFF, 0xFF, 0xFF, 0xFF, 0xFF, 0xFF, 
  0xFF, 0xFF, 0xFF, 0xFF, 0xFE, 0xFF, 0xFF, 0xFF, 0xFF, 0xFF, 0xFF, 0xFF, 0xFF, 0xFF, 0xFF, 0xFF, 
  0xFF, 0xFF, 0xFF, 0xFF, 0xFF, 0xFF, 0xFF, 0xFF, 0xFF, 0xFF, 0xFF, 0xE0, 0x00, 0x00, 0x03, 0xFC, 
  0x00, 0x00, 0x00, 0x7F, 0x80, 0x00, 0x00, 0x0F, 0xF0, 0x00, 0x00, 0x01, 0xFE, 0x00, 0x00, 0x00, 
  0x3F, 0xC0, 0x00, 0x00, 0x07, 0xF8, 0x00, 0x00, 0x00, 0xFF, 0x00, 0x00, 0x00, 0x1F, 0xE0, 0x00, 
  0x00, 0x03, 0xFC, 0x00, 0x00, 0x00, 0x7F, 0x80, 0x00, 0x00, 0x0F, 0xF0, 0x00, 0x00, 0x01, 0xFE, 
  0x00, 0x00, 0x00, 0x3F, 0xC0, 0x00, 0x00, 0x07, 0xF8, 0x00, 0x00, 0x00, 0xFF, 0x00, 0x00, 0x00, 
  0x1F, 0xE0, 0x00, 0x00, 0x03, 0xFC, 0x00, 0x00, 0x00, 0x7F, 0x80, 0x00, 0x00, 0x0F, 0xF0, 0x00, 
  0x00, 0x01, 0xFE, 0x00, 0x00, 0x00, 0x3F, 0xC0, 0x00, 0x00, 0x07, 0xF8, 0x00, 0x00, 0x00, 0xFF, 
  0x00, 0x00, 0x00, 0x1F, 0xE0, 0x00, 0x00, 0x03, 0xFC, 0x00, 0x00, 0x00, 0x7F, 0x80, 0x00, 0x00, 
  0x0F, 0xF0, 0x00, 0x00, 0x01, 0xFE, 0x00, 0x00, 0x00, 0x3F, 0xC0, 0x00, 0x00, 0x07, 0xF8, 0x00, 
  0x00, 0x00, 0xFF, 0x00, 0x00, 0x00, 0x1F, 0xE0, 0x00, 0x00, 0x03, 0xFC, 0x00, 0x00, 0x00, 0x7F, 
  0x80, 0x00, 0x00, 0x0F, 0xF0, 0x00, 0x00, 0x01, 0xFE, 0x00, 0x00, 0x00, 0x3F, 0xC0, 0x00, 0x00, 
  0x07, 0xF8, 0x00, 0x00, 0x00, 0xFF, 0x00, 0x00, 0x00, 0x1F, 0xE0, 0x00, 0x00, 0x03, 0xFC, 0x00, 
  0x00, 0x00, 0x7F, 0x80, 0x00, 0x00, 0x0F, 0xF0, 0x00, 0x00, 0x01, 0xFE, 0x00, 0x00, 0x00, 0x3F, 
  0xC0, 0x00, 0x00, 0x07, 0xF8, 0x00, 0x00, 0x00, 0xFF, 0x00, 0x00, 0x00, 0x1F, 0xE0, 0x00, 0x00, 
  0x03, 0xFC, 0x00, 0x00, 0x00, 0x7F, 0x80, 0x00, 0x00, 0x0F, 0xF0, 0x00, 0x00, 0x01, 0xFF, 0xFF, 
  0xFF, 0xFF, 0xFF, 0xFF, 0xFF, 0xFF, 0xFF, 0xFF, 0xFF, 0xFF, 0xFF, 0xFF, 0xFF, 0xFF, 0xFF, 0xFE, 
  0xFF, 0xFF, 0xFF, 0xFF, 0xFF, 0xFF, 0xFF, 0xFF, 0xFF, 0xFF, 0xFF, 0xFF, 0xFF, 0xFF, 0xFF, 0xFF, 
  0xFF, 0xFF, 0xFF, 0xFF, 0xFF, 0xFF, 0xE0, 0x00, 0x00, 0x03, 0xFC, 0x00, 0x00, 0x00, 0x7F, 0x80, 
  0x00, 0x00, 0x0F, 0xF0, 0x00, 0x00, 0x01, 0xFE, 0x00, 0x00, 0x00, 0x3F, 0xC0, 0x00, 0x00, 0x07, 
  0xF8, 0x00, 0x00, 0x00, 0xFF, 0x00, 0x00, 0x00, 0x1F, 0xE0, 0x00, 0x00, 0x03, 0xFC, 0x00, 0x00, 
  0x00, 0x7F, 0x80, 0x00, 0x00, 0x0F, 0xF0, 0x00, 0x00, 0x01, 0xFE, 0x00, 0x00, 0x00, 0x3F, 0xC0, 
  0x00, 0x00, 0x07, 0xF8, 0x00, 0x00, 0x00, 0xFF, 0x00, 0x00, 0x00, 0x1F, 0xE0, 0x00, 0x00, 0x03, 
  0xFC, 0x00, 0x00, 0x00, 0x7F, 0x80, 0x00, 0x00, 0x0F, 0xF0, 0x00, 0x00, 0x01, 0xFE, 0x00, 0x00, 
  0x00, 0x3F, 0xC0, 0x00, 0x00, 0x07, 0xF8, 0x00, 0x00, 0x00, 0xFF, 0x00, 0x00, 0x00, 0x1F, 0xE0, 
  0x00, 0x00, 0x03, 0xFC, 0x00, 0x00, 0x00, 0x7F, 0x80, 0x00, 0x00, 0x0F, 0xF0, 0x00, 0x00, 0x01, 
  0xFE, 0x00, 0x00, 0x00, 0x3F, 0xC0, 0x00, 0x00, 0x07, 0xF8, 0x00, 0x00, 0x00, 0xFF, 0x00, 0x00, 
  0x00, 0x1F, 0xE0, 0x00, 0x00, 0x03, 0xFC, 0x00, 0x00, 0x00, 0x7F, 0x80, 0x00, 0x00, 0x0F, 0xF0, 
  0x00, 0x00, 0x01, 0xFE, 0x00, 0x00, 0x00, 0x3F, 0xC0, 0x00, 0x00, 0x07, 0xF8, 0x00, 0x00, 0x00, 
  0xFF, 0x00, 0x00, 0x00, 0x1F, 0xE0, 0x00, 0x00, 0x03, 0xFC, 0x00, 0x00, 0x00, 0x7F, 0x80, 0x00, 
  0x00, 0x0F, 0xF0, 0x00, 0x00, 0x01, 0xFE, 0x00, 0x00, 0x00, 0x3F, 0xC0, 0x00, 0x00, 0x07, 0xF8, 
  0x00, 0x00, 0x00, 0xFF, 0x00, 0x00, 0x00, 0x1F, 0xE0, 0x00, 0x00, 0x03, 0xFC, 0x00, 0x00, 0x00, 
  0x7F, 0x80, 0x00, 0x00, 0x0F, 0xF0, 0x00, 0x00, 0x01, 0xFF, 0xFF, 0xFF, 0xFF, 0xFF, 0xFF, 0xFF, 
  0xFF, 0xFF, 0xFF, 0xFF, 0xFF, 0xFF, 0xFF, 0xFF, 0xFF, 0xFF, 0xFE, 0xFF, 0xFF, 0xFF, 0xFF, 0xFF, 
  0xFF, 0xFF, 0xFF, 0xFF, 0xFF, 0xFF, 0xFF, 0xFF, 0xFF, 0xFF, 0xFF, 0xFF, 0xFF, 0xFF, 0xFF, 0xFF, 
  0xFF, 0xE0, 0x00, 0x00, 0x03, 0xFC, 0x00, 0x00, 0x00, 0x7F, 0x80, 0x00, 0x00, 0x0F, 0xF0, 0x00, 
  0x00, 0x01, 0xFE, 0x00, 0x00, 0x00, 0x3F, 0xC0, 0x00, 0x00, 0x07, 0xF8, 0x00, 0x00, 0x00, 0xFF, 
  0x00, 0x00, 0x00, 0x1F, 0xE0, 0x00, 0x00, 0x03, 0xFC, 0x00, 0x00, 0x00, 0x7F, 0x80, 0x00, 0x00, 
  0x0F, 0xF0, 0x00, 0x00, 0x01, 0xFE, 0x00, 0x00, 0x00, 0x3F, 0xC0, 0x00, 0x00, 0x07, 0xF8, 0x00, 
  0x00, 0x00, 0xFF, 0x00, 0x00, 0x00, 0x1F, 0xE0, 0x00, 0x00, 0x03, 0xFC, 0x00, 0x00, 0x00, 0x7F, 
  0x80, 0x00, 0x00, 0x0F, 0xF0, 0x00, 0x00, 0x01, 0xFE, 0x00, 0x00, 0x00, 0x3F, 0xC0, 0x00, 0x00, 
  0x07, 0xF8, 0x00, 0x00, 0x00, 0xFF, 0x00, 0x00, 0x00, 0x1F, 0xE0, 0x00, 0x00, 0x03, 0xFC, 0x00, 
  0x00, 0x00, 0x7F, 0x80, 0x00, 0x00, 0x0F, 0xF0, 0x00, 0x00, 0x01, 0xFE, 0x00, 0x00, 0x00, 0x3F, 
  0xC0, 0x00, 0x00, 0x07, 0xF8, 0x00, 0x00, 0x00, 0xFF, 0x00, 0x00, 0x00, 0x1F, 0xE0, 0x00, 0x00, 
  0x03, 0xFC, 0x00, 0x00, 0x00, 0x7F, 0x80, 0x00, 0x00, 0x0F, 0xF0, 0x00, 0x00, 0x01, 0xFE, 0x00, 
  0x00, 0x00, 0x3F, 0xC0, 0x00, 0x00, 0x07, 0xF8, 0x00, 0x00, 0x00, 0xFF, 0x00, 0x00, 0x00, 0x1F, 
  0xE0, 0x00, 0x00, 0x03, 0xFC, 0x00, 0x00, 0x00, 0x7F, 0x80, 0x00, 0x00, 0x0F, 0xF0, 0x00, 0x00, 
  0x01, 0xFE, 0x00, 0x00, 0x00, 0x3F, 0xC0, 0x00, 0x00, 0x07, 0xF8, 0x00, 0x00, 0x00, 0xFF, 0x00, 
  0x00, 0x00, 0x1F, 0xE0, 0x00, 0x00, 0x03, 0xFC, 0x00, 0x00, 0x00, 0x7F, 0x80, 0x00, 0x00, 0x0F, 
  0xF0, 0x00, 0x00, 0x01, 0xFF, 0xFF, 0xFF, 0xFF, 0xFF, 0xFF, 0xFF, 0xFF, 0xFF, 0xFF, 0xFF, 0xFF, 
  0xFF, 0xFF, 0xFF, 0xFF, 0xFF, 0xFE, 0xFF, 0xFF, 0xFF, 0xFF, 0xFF, 0xFF, 0xFF, 0xFF, 0xFF, 0xFF, 
  0xFF, 0xFF, 0xFF, 0xFF, 0xFF, 0xFF, 0xFF, 0xFF, 0xFF, 0xFF, 0xFF, 0xFF, 0xE0, 0x00, 0x00, 0x03, 
  0xFC, 0x00, 0x00, 0x00, 0x7F, 0x80, 0x00, 0x00, 0x0F, 0xF0, 0x00, 0x00, 0x01, 0xFE, 0x00, 0x00, 
  0x00, 0x3F, 0xC0, 0x00, 0x00, 0x07, 0xF8, 0x00, 0x00, 0x00, 0xFF, 0x00, 0x00, 0x00, 0x1F, 0xE0, 
  0x00, 0x00, 0x03, 0xFC, 0x00, 0x00, 0x00, 0x7F, 0x80, 0x00, 0x00, 0x0F, 0xF0, 0x00, 0x00, 0x01, 
  0xFE, 0x00, 0x00, 0x00, 0x3F, 0xC0, 0x00, 0x00, 0x07, 0xF8, 0x00, 0x00, 0x00, 0xFF, 0x00, 0x00, 
  0x00, 0x1F, 0xE0, 0x00, 0x00, 0x03, 0xFC, 0x00, 0x00, 0x00, 0x7F, 0x80, 0x00, 0x00, 0x0F, 0xF0, 
  0x00, 0x00, 0x01, 0xFE, 0x00, 0x00, 0x00, 0x3F, 0xC0, 0x00, 0x00, 0x07, 0xF8, 0x00, 0x00, 0x00, 
  0xFF, 0x00, 0x00, 0x00, 0x1F, 0xE0, 0x00, 0x00, 0x03, 0xFC, 0x00, 0x00, 0x00, 0x7F, 0x80, 0x00, 
  0x00, 0x0F, 0xF0, 0x00, 0x00, 0x01, 0xFE, 0x00, 0x00, 0x00, 0x3F, 0xC0, 0x00, 0x00, 0x07, 0xF8, 
  0x00, 0x00, 0x00, 0xFF, 0x00, 0x00, 0x00, 0x1F, 0xE0, 0x00, 0x00, 0x03, 0xFC, 0x00, 0x00, 0x00, 
  0x7F, 0x80, 0x00, 0x00, 0x0F, 0xF0, 0x00, 0x00, 0x01, 0xFE, 0x00, 0x00, 0x00, 0x3F, 0xC0, 0x00, 
  0x00, 0x07, 0xF8, 0x00, 0x00, 0x00, 0xFF, 0x00, 0x00, 0x00, 0x1F, 0xE0, 0x00, 0x00, 0x03, 0xFC, 
  0x00, 0x00, 0x00, 0x7F, 0x80, 0x00, 0x00, 0x0F, 0xF0, 0x00, 0x00, 0x01, 0xFE, 0x00, 0x00, 0x00, 
  0x3F, 0xC0, 0x00, 0x00, 0x07, 0xF8, 0x00, 0x00, 0x00, 0xFF, 0x00, 0x00, 0x00, 0x1F, 0xE0, 0x00, 
  0x00, 0x03, 0xFC, 0x00, 0x00, 0x00, 0x7F, 0x80, 0x00, 0x00, 0x0F, 0xF0, 0x00, 0x00, 0x01, 0xFF, 
  0xFF, 0xFF, 0xFF, 0xFF, 0xFF, 0xFF, 0xFF, 0xFF, 0xFF, 0xFF, 0xFF, 0xFF, 0xFF, 0xFF, 0xFF, 0xFF, 
  0xFE, 0xFF, 0xFF, 0xFF, 0xFF, 0xFF, 0xFF, 0xFF, 0xFF, 0xFF, 0xFF, 0xFF, 0xFF, 0xFF, 0xFF, 0xFF, 
  0xFF, 0xFF, 0xFF, 0xFF, 0xFF, 0xFF, 0xFF, 0xE0, 0x00, 0x00, 0x03, 0xFC, 0x00, 0x00, 0x00, 0x7F, 
  0x80, 0x00, 0x00, 0x0F, 0xF0, 0x00, 0x00, 0x01, 0xFE, 0x00, 0x00, 0x00, 0x3F, 0xC0, 0x00, 0x00, 
  0x07, 0xF8, 0x00, 0x00, 0x00, 0xFF, 0x00, 0x00, 0x00, 0x1F, 0xE0, 0x00, 0x00, 0x03, 0xFC, 0x00, 
  0x00, 0x00, 0x7F, 0x80, 0x00, 0x00, 0x0F, 0xF0, 0x00, 0x00, 0x01, 0xFE, 0x00, 0x00, 0x00, 0x3F, 
  0xC0, 0x00, 0x00, 0x07, 0xF8, 0x00, 0x00, 0x00, 0xFF, 0x00, 0x00, 0x00, 0x1F, 0xE0, 0x00, 0x00, 
  0x03, 0xFC, 0x00, 0x00, 0x00, 0x7F, 0x80, 0x00, 0x00, 0x0F, 0xF0, 0x00, 0x00, 0x01, 0xFE, 0x00, 
  0x00, 0x00, 0x3F, 0xC0, 0x00, 0x00, 0x07, 0xF8, 0x00, 0x00, 0x00, 0xFF, 0x00, 0x00, 0x00, 0x1F, 
  0xE0, 0x00, 0x00, 0x03, 0xFC, 0x00, 0x00, 0x00, 0x7F, 0x80, 0x00, 0x00, 0x0F, 0xF0, 0x00, 0x00, 
  0x01, 0xFE, 0x00, 0x00, 0x00, 0x3F, 0xC0, 0x00, 0x00, 0x07, 0xF8, 0x00, 0x00, 0x00, 0xFF, 0x00, 
  0x00, 0x00, 0x1F, 0xE0, 0x00, 0x00, 0x03, 0xFC, 0x00, 0x00, 0x00, 0x7F, 0x80, 0x00, 0x00, 0x0F, 
  0xF0, 0x00, 0x00, 0x01, 0xFE, 0x00, 0x00, 0x00, 0x3F, 0xC0, 0x00, 0x00, 0x07, 0xF8, 0x00, 0x00, 
  0x00, 0xFF, 0x00, 0x00, 0x00, 0x1F, 0xE0, 0x00, 0x00, 0x03, 0xFC, 0x00, 0x00, 0x00, 0x7F, 0x80, 
  0x00, 0x00, 0x0F, 0xF0, 0x00, 0x00, 0x01, 0xFE, 0x00, 0x00, 0x00, 0x3F, 0xC0, 0x00, 0x00, 0x07, 
  0xF8, 0x00, 0x00, 0x00, 0xFF, 0x00, 0x00, 0x00, 0x1F, 0xE0, 0x00, 0x00, 0x03, 0xFC, 0x00, 0x00, 
  0x00, 0x7F, 0x80, 0x00, 0x00, 0x0F, 0xF0, 0x00, 0x00, 0x01, 0xFF, 0xFF, 0xFF, 0xFF, 0xFF, 0xFF, 
  0xFF, 0xFF, 0xFF, 0xFF, 0xFF, 0xFF, 0xFF, 0xFF, 0xFF, 0xFF, 0xFF, 0xFE, 0xFF, 0xFF, 0xFF, 0xFF, 
  0xFF, 0xFF, 0xFF, 0xFF, 0xFF, 0xFF, 0xFF, 0xFF, 0xFF, 0xFF, 0xFF, 0xFF, 0xFF, 0xFF, 0xFF, 0xFF, 
  0xFF, 0xFF, 0xE0, 0x00, 0x00, 0x03, 0xFC, 0x00, 0x00, 0x00, 0x7F, 0x80, 0x00, 0x00, 0x0F, 0xF0, 
  0x00, 0x00, 0x01, 0xFE, 0x00, 0x00, 0x00, 0x3F, 0xC0, 0x00, 0x00, 0x07, 0xF8, 0x00, 0x00, 0x00, 
  0xFF, 0x00, 0x00, 0x00, 0x1F, 0xE0, 0x00, 0x00, 0x03, 0xFC, 0x00, 0x00, 0x00, 0x7F, 0x80, 0x00, 
  0x00, 0x0F, 0xF0, 0x00, 0x00, 0x01, 0xFE, 0x00, 0x00, 0x00, 0x3F, 0xC0, 0x00, 0x00, 0x07, 0xF8, 
  0x00, 0x00, 0x00, 0xFF, 0x00, 0x00, 0x00, 0x1F, 0xE0, 0x00, 0x00, 0x03, 0xFC, 0x00, 0x00, 0x00, 
  0x7F, 0x80, 0x00, 0x00, 0x0F, 0xF0, 0x00, 0x00, 0x01, 0xFE, 0x00, 0x00, 0x00, 0x3F, 0xC0, 0x00, 
  0x00, 0x07, 0xF8, 0x00, 0x00, 0x00, 0xFF, 0x00, 0x00, 0x00, 0x1F, 0xE0, 0x00, 0x00, 0x03, 0xFC, 
  0x00, 0x00, 0x00, 0x7F, 0x80, 0x00, 0x00, 0x0F, 0xF0, 0x00, 0x00, 0x01, 0xFE, 0x00, 0x00, 0x00, 
  0x3F, 0xC0, 0x00, 0x00, 0x07, 0xF8, 0x00, 0x00, 0x00, 0xFF, 0x00, 0x00, 0x00, 0x1F, 0xE0, 0x00, 
  0x00, 0x03, 0xFC, 0x00, 0x00, 0x00, 0x7F, 0x80, 0x00, 0x00, 0x0F, 0xF0, 0x00, 0x00, 0x01, 0xFE, 
  0x00, 0x00, 0x00, 0x3F, 0xC0, 0x00, 0x00, 0x07, 0xF8, 0x00, 0x00, 0x00, 0xFF, 0x00, 0x00, 0x00, 
  0x1F, 0xE0, 0x00, 0x00, 0x03, 0xFC, 0x00, 0x00, 0x00, 0x7F, 0x80, 0x00, 0x00, 0x0F, 0xF0, 0x00, 
  0x00, 0x01, 0xFE, 0x00, 0x00, 0x00, 0x3F, 0xC0, 0x00, 0x00, 0x07, 0xF8, 0x00, 0x00, 0x00, 0xFF, 
  0x00, 0x00, 0x00, 0x1F, 0xE0, 0x00, 0x00, 0x03, 0xFC, 0x00, 0x00, 0x00, 0x7F, 0x80, 0x00, 0x00, 
  0x0F, 0xF0, 0x00, 0x00, 0x01, 0xFF, 0xFF, 0xFF, 0xFF, 0xFF, 0xFF, 0xFF, 0xFF, 0xFF, 0xFF, 0xFF, 
  0xFF, 0xFF, 0xFF, 0xFF, 0xFF, 0xFF, 0xFE, 0xFF, 0xFF, 0xFF, 0xFF, 0xFF, 0xFF, 0xFF, 0xFF, 0xFF, 
  0xFF, 0xFF, 0xFF, 0xFF, 0xFF, 0xFF, 0xFF, 0xFF, 0xFF, 0xFF, 0xFF, 0xFF, 0xFF, 0xE0, 0x00, 0x00, 
  0x03, 0xFC, 0x00, 0x00, 0x00, 0x7F, 0x80, 0x00, 0x00, 0x0F, 0xF0, 0x00, 0x00, 0x01, 0xFE, 0x00, 
  0x00, 0x00, 0x3F, 0xC0, 0x00, 0x00, 0x07, 0xF8, 0x00, 0x00, 0x00, 0xFF, 0x00, 0x00, 0x00, 0x1F, 
  0xE0, 0x00, 0x00, 0x03, 0xFC, 0x00, 0x00, 0x00, 0x7F, 0x80, 0x00, 0x00, 0x0F, 0xF0, 0x00, 0x00, 
  0x01, 0xFE, 0x00, 0x00, 0x00, 0x3F, 0xC0, 0x00, 0x00, 0x07, 0xF8, 0x00, 0x00, 0x00, 0xFF, 0x00, 
  0x00, 0x00, 0x1F, 0xE0, 0x00, 0x00, 0x03, 0xFC, 0x00, 0x00, 0x00, 0x7F, 0x80, 0x00, 0x00, 0x0F, 
  0xF0, 0x00, 0x00, 0x01, 0xFE, 0x00, 0x00, 0x00, 0x3F, 0xC0, 0x00, 0x00, 0x07, 0xF8, 0x00, 0x00, 
  0x00, 0xFF, 0x00, 0x00, 0x00, 0x1F, 0xE0, 0x00, 0x00, 0x03, 0xFC, 0x00, 0x00, 0x00, 0x7F, 0x80, 
  0x00, 0x00, 0x0F, 0xF0, 0x00, 0x00, 0x01, 0xFE, 0x00, 0x00, 0x00, 0x3F, 0xC0, 0x00, 0x00, 0x07, 
  0xF8, 0x00, 0x00, 0x00, 0xFF, 0x00, 0x00, 0x00, 0x1F, 0xE0, 0x00, 0x00, 0x03, 0xFC, 0x00, 0x00, 
  0x00, 0x7F, 0x80, 0x00, 0x00, 0x0F, 0xF0, 0x00, 0x00, 0x01, 0xFE, 0x00, 0x00, 0x00, 0x3F, 0xC0, 
  0x00, 0x00, 0x07, 0xF8, 0x00, 0x00, 0x00, 0xFF, 0x00, 0x00, 0x00, 0x1F, 0xE0, 0x00, 0x00, 0x03, 
  0xFC, 0x00, 0x00, 0x00, 0x7F, 0x80, 0x00, 0x00, 0x0F, 0xF0, 0x00, 0x00, 0x01, 0xFE, 0x00, 0x00, 
  0x00, 0x3F, 0xC0, 0x00, 0x00, 0x07, 0xF8, 0x00, 0x00, 0x00, 0xFF, 0x00, 0x00, 0x00, 0x1F, 0xE0, 
  0x00, 0x00, 0x03, 0xFC, 0x00, 0x00, 0x00, 0x7F, 0x80, 0x00, 0x00, 0x0F, 0xF0, 0x00, 0x00, 0x01, 
  0xFF, 0xFF, 0xFF, 0xFF, 0xFF, 0xFF, 0xFF, 0xFF, 0xFF, 0xFF, 0xFF, 0xFF, 0xFF, 0xFF, 0xFF, 0xFF, 
  0xFF, 0xFE, 0x1C, 0x00, 0x00, 0x01, 0xC0, 0x00, 0x70, 0x00, 0x00, 0x0F, 0x00, 0x03, 0xC0, 0x00, 
  0x00, 0x3C, 0x00, 0x0F, 0x00, 0x00, 0x00, 0xF0, 0x00, 0x3E, 0x00, 0x00, 0x07, 0xF0, 0x01, 0xF8, 
  0x00, 0x00, 0x1F, 0xFF, 0x07, 0xF0, 0x00, 0x00, 0x7F, 0xFF, 0x1F, 0xE0, 0x00, 0x01, 0xFF, 0xFE, 
  0x7F, 0xC0, 0x00, 0x07, 0xFF, 0xF9, 0xFF, 0x80, 0x00, 0x1F, 0xFF, 0xF7, 0xFF, 0x00, 0x00, 0x7F, 
  0xFF, 0xDF, 0xFE, 0x00, 0x01, 0xFF, 0xFF, 0x7F, 0xFC, 0x00, 0x07, 0xFF, 0xFD, 0xFF, 0xF8, 0x00, 
  0x1F, 0xFF, 0xF3, 0xFF, 0xF0, 0x00, 0x7F, 0xFF, 0xCF, 0xFF, 0xE0, 0x00, 0xFF, 0xFE, 0x1F, 0xFF, 
  0xC0, 0x03, 0xFF, 0xF8, 0x7F, 0xFF, 0x80, 0x03, 0xFF, 0xE0, 0xFF, 0xFF, 0x00, 0x01, 0xFF, 0x81, 
  0xFF, 0xFE, 0x00, 0x07, 0xC2, 0x03, 0xFF, 0xFC, 0x00, 0x3E, 0x00, 0x07, 0xFF, 0xF8, 0x00, 0xF0, 
  0x00, 0x0F, 0xFF, 0xF0, 0x07, 0xC0, 0x00, 0x7F, 0xFF, 0xE0, 0x1E, 0x00, 0x01, 0xFF, 0xFF, 0xC0, 
  0xF8, 0x00, 0x0F, 0xFF, 0xFF, 0x83, 0xC0, 0x00, 0x7C, 0xFF, 0xFF, 0x1F, 0x00, 0x03, 0xF0, 0xFF, 
  0xFF, 0x7C, 0x00, 0x0F, 0x81, 0xFF, 0xFF, 0xE0, 0x00, 0x7E, 0x03, 0xFF, 0xFF, 0x80, 0x01, 0xF8, 
  0x07, 0xFF, 0xFE, 0x00, 0x07, 0xC0, 0x0F, 0xFF, 0xF8, 0x00, 0x3F, 0x00, 0x1F, 0xFF, 0xE0, 0x00, 
  0xFC, 0x00, 0x3F, 0xFF, 0xC0, 0x03, 0xF8, 0x00, 0x7F, 0xFF, 0x80, 0x0F, 0xE0, 0x00, 0xFF, 0xFF, 
  0x00, 0x3F, 0xC0, 0x01, 0xFF, 0xFE, 0x00, 0xFF, 0x00, 0x03, 0xFF, 0xFC, 0x03, 0xFE, 0x00, 0x07, 
  0xFF, 0xF8, 0x0F, 0xF8, 0x00, 0x0F, 0xFF, 0xF0, 0x1F, 0xF0, 0x00, 0x1F, 0xFF, 0xE0, 0x7F, 0xC0, 
  0x00, 0x3F, 0xFF, 0x81, 0xFF, 0x80, 0x00, 0x7F, 0xFF, 0x07, 0xFE, 0x00, 0x00, 0xFF, 0xFC, 0x0F, 
  0xFC, 0x00, 0x01, 0xFF, 0xF0, 0x3F, 0xF0, 0x00, 0x03, 0xFF, 0xE0, 0xFF, 0xC0, 0x00, 0x07, 0xFF, 
  0x83, 0xFF, 0x80, 0x00, 0x0F, 0xFE, 0x1F, 0xFE, 0x00, 0x00, 0x1F, 0xFB, 0xFF, 0xF8, 0x00, 0x00, 
  0x1F, 0xEF, 0xFF, 0xE0, 0x00, 0x00, 0x7F, 0x3F, 0xFF, 0x80, 0x00, 0x00, 0xFC, 0xFF, 0xFC, 0x00, 
  0x00, 0x01, 0xF3, 0xFF, 0xF0, 0x00, 0x00, 0x07, 0x8F, 0xFF, 0xC0, 0x00, 0x00, 0x0E, 0x00, 0x00, 
  0x00, 0x00, 0x00, 0x30, 0x0E, 0x00, 0x00, 0x00, 0x00, 0x07, 0x80, 0x00, 0x00, 0x00, 0x01, 0xE0, 
  0x00, 0x00, 0x00, 0x00, 0x7C, 0x00, 0x00, 0x00, 0x00, 0x1F, 0x80, 0x00, 0x00, 0x00, 0x07, 0xFF, 
  0xFF, 0xFF, 0xC0, 0x03, 0xFF, 0xFF, 0xFF, 0xFC, 0x00, 0xFF, 0xFF, 0xFF, 0xFF, 0x80, 0x3F, 0xFF, 
  0xFF, 0xFF, 0xF0, 0x0F, 0xFF, 0xFF, 0xFF, 0xFC, 0x03, 0xFF, 0xFF, 0xFF, 0xFF, 0x80, 0xFF, 0xFF, 
  0xFF, 0xFF, 0xE0, 0x3F, 0xFF, 0xFF, 0xFF, 0xF8, 0x0F, 0xFF, 0xFF, 0xFF, 0xFF, 0x01, 0xFF, 0xFF, 
  0xFF, 0xFF, 0xC0, 0x7F, 0xFF, 0xFF, 0xFF, 0xF0, 0x1F, 0xFF, 0xFF, 0xFF, 0xFC, 0x01, 0xFF, 0xFF, 
  0xFF, 0xFF, 0x00, 0x00, 0x00, 0x01, 0xFF, 0xC0, 0x00, 0x00, 0x00, 0x07, 0xF0, 0x00, 0x00, 0x00, 
  0x00, 0xFC, 0x00, 0x00, 0x00, 0x00, 0x3F, 0x00, 0x00, 0x00, 0x00, 0x07, 0xC0, 0x00, 0x00, 0x00, 
  0x01, 0xF0, 0x00, 0x00, 0x00, 0x00, 0x7C, 0x00, 0x00, 0x00, 0x00, 0x1F, 0x00, 0x00, 0x00, 0x00, 
  0x07, 0xC0, 0x00, 0x00, 0x00, 0x01, 0xF0, 0x00, 0x00, 0x00, 0x00, 0x7C, 0x00, 0x00, 0x00, 0x00, 
  0x1F, 0x00, 0x00, 0x00, 0x00, 0x07, 0xC0, 0x00, 0x00, 0x00, 0x01, 0xF0, 0x00, 0x00, 0x00, 0x00, 
  0x7C, 0x00, 0x00, 0x00, 0x00, 0x1F, 0x00, 0x00, 0x00, 0x00, 0x07, 0xC0, 0x00, 0x00, 0x00, 0x01, 
  0xF0, 0x00, 0x00, 0x00, 0x00, 0x7C, 0x00, 0x00, 0x00, 0x00, 0x1F, 0x00, 0x00, 0x00, 0x00, 0x0F, 
  0x80, 0x00, 0x00, 0x00, 0x03, 0xE0, 0x00, 0x00, 0x00, 0x00, 0xF8, 0x07, 0xFF, 0xFF, 0xFF, 0xFF, 
  0xF1, 0xFF, 0xFF, 0xFF, 0xFF, 0xFC, 0x7F, 0xFF, 0xFF, 0xFF, 0xFF, 0x1F, 0xFF, 0xFF, 0xFF, 0xFF, 
  0xCF, 0xFF, 0xFF, 0xFF, 0xFF, 0xF3, 0xFF, 0xFF, 0xFF, 0xFF, 0xFC, 0xFF, 0xFF, 0xFF, 0xFF, 0xFF, 
  0x3F, 0xFF, 0xFF, 0xFF, 0xFF, 0xDF, 0xFF, 0xFF, 0xFF, 0xFF, 0xF7, 0xFF, 0xFF, 0xFF, 0xFF, 0xFD, 
  0xFF, 0xFF, 0xFF, 0xFF, 0xFF, 0x7F, 0xFF, 0xFF, 0xFF, 0xFF, 0xFF, 0xFF, 0xFF, 0xFF, 0xFF, 0xFF, 
  0xFF, 0xFF, 0xFF, 0xFF, 0xFC, 0x00, 0xE0, 0x00, 0x00, 0x00, 0xE0, 0x00, 0x00, 0x01, 0xE0, 0x00, 
  0x00, 0x01, 0xF0, 0x00, 0x00, 0x01, 0xFC, 0x00, 0x00, 0x01, 0xFF, 0xFF, 0x00, 0x01, 0xFF, 0xFF, 
  0x80, 0x03, 0xFF, 0xFF, 0x80, 0x03, 0xFF, 0xFF, 0x80, 0x03, 0xFF, 0xFF, 0x80, 0x03, 0xFF, 0xFF, 
  0x80, 0x03, 0xFF, 0xFF, 0x80, 0x03, 0xFF, 0xFF, 0x80, 0x01, 0xFF, 0xFF, 0x80, 0x01, 0xFF, 0xFF, 
  0x80, 0x01, 0xFF, 0xFF, 0x80, 0x00, 0xFF, 0xFF, 0x80, 0x00, 0x7F, 0xFF, 0x80, 0x00, 0x00, 0x1F, 
  0x80, 0x00, 0x00, 0x0F, 0x80, 0x00, 0x00, 0x0F, 0x80, 0x00, 0x00, 0x0F, 0x80, 0x00, 0x00, 0x0F, 
  0x80, 0x00, 0x00, 0x0F, 0x80, 0x00, 0x00, 0x0F, 0x80, 0x00, 0x00, 0x0F, 0x80, 0x00, 0x00, 0x0F, 
  0x80, 0x00, 0x00, 0x0F, 0x80, 0x00, 0x00, 0x0F, 0x80, 0x00, 0x00, 0x0F, 0x80, 0x00, 0x00, 0x0F, 
  0x80, 0x00, 0x00, 0x0F, 0x80, 0x00, 0x00, 0x0F, 0x80, 0x00, 0x00, 0x0F, 0x80, 0x00, 0x00, 0x0F, 
  0x80, 0x00, 0x00, 0x0F, 0x80, 0x00, 0x00, 0x0F, 0xC0, 0x00, 0x00, 0x0F, 0xC0, 0x00, 0x00, 0x0F, 
  0xC0, 0x00, 0x00, 0x0F, 0xE0, 0x00, 0x00, 0x1F, 0xE0, 0x1F, 0xFF, 0xFF, 0xE0, 0x1F, 0xFF, 0xFF, 
  0xF0, 0x1F, 0xFF, 0xFF, 0xF0, 0x3F, 0xFF, 0xFF, 0xF8, 0x3F, 0xFF, 0xFF, 0xF8, 0x3F, 0xFF, 0xF9, 
  0xFC, 0x3F, 0xFF, 0xF9, 0xFC, 0x7F, 0xFF, 0xF8, 0xFC, 0x7F, 0xFF, 0xF0, 0xFE, 0x7F, 0xFF, 0xF0, 
  0x7E, 0x7F, 0xFF, 0xE0, 0x7F, 0xFF, 0xFF, 0xE0, 0x3E, 0xFF, 0xFF, 0xC0, 0x3C, 0xFF, 0xFF, 0x80, 
  0x38, 0x00, 0x00, 0x00, 0x10, 0x70, 0x00, 0x00, 0x00, 0x00, 0xE0, 0x00, 0x00, 0x00, 0x01, 0xE0, 
  0x00, 0x00, 0x00, 0x03, 0xC0, 0x00, 0x00, 0x00, 0x0F, 0xE0, 0x00, 0x00, 0x00, 0x1F, 0xFF, 0xFF, 
  0xFF, 0xFF, 0xBF, 0xFF, 0xFF, 0xFF, 0xFF, 0x7F, 0xFF, 0xFF, 0xFF, 0xFE, 0xFF, 0xFF, 0xFF, 0xFF, 
  0xFF, 0xFF, 0xFF, 0xFF, 0xFF, 0xFF, 0xFF, 0xFF, 0xFF, 0xFF, 0xFF, 0xFF, 0xFF, 0xFF, 0xFF, 0xFF, 
  0xFF, 0xFF, 0xFF, 0xFF, 0xFF, 0xFF, 0xFF, 0xFF, 0xFF, 0xFF, 0xFF, 0xFF, 0xFF, 0xFF, 0xBF, 0xFF, 
  0xFF, 0xFF, 0xFF, 0x7F, 0xFF, 0xFF, 0xFF, 0xFE, 0x7F, 0xFF, 0xFF, 0xFF, 0xFC, 0x00, 0x00, 0x00, 
  0x1E, 0x00, 0x00, 0x00, 0x00, 0x3C, 0x00, 0x00, 0x00, 0x00, 0x78, 0x00, 0x00, 0x00, 0x01, 0xF0, 
  0x00, 0x00, 0x00, 0x03, 0xE0, 0x00, 0x00, 0x00, 0x07, 0xC0, 0x00, 0x00, 0x00, 0x0F, 0x80, 0x00, 
  0x00, 0x00, 0x1F, 0x00, 0x00, 0x00, 0x00, 0x3E, 0x00, 0x00, 0x00, 0x00, 0x7C, 0x00, 0x00, 0x00, 
  0x00, 0xF8, 0x00, 0x00, 0x00, 0x01, 0xF0, 0x00, 0x00, 0x00, 0x03, 0xE0, 0x00, 0x00, 0x00, 0x07, 
  0xC0, 0x00, 0x00, 0x00, 0x0F, 0x80, 0x00, 0x00, 0x00, 0x1F, 0x00, 0x00, 0x00, 0x00, 0x3F, 0x00, 
  0x00, 0x00, 0x00, 0x7E, 0x00, 0x00, 0x00, 0x00, 0xFC, 0x00, 0x00, 0x00, 0x01, 0xF8, 0x00, 0x00, 
  0x00, 0x03, 0xF0, 0x00, 0x00, 0x00, 0x07, 0xE0, 0x00, 0x00, 0x00, 0x0F, 0xC0, 0x00, 0x00, 0x00, 
  0x1F, 0x80, 0x00, 0x00, 0x00, 0x3F, 0x00, 0x00, 0x00, 0x00, 0x7E, 0x00, 0x00, 0x00, 0x00, 0xFC, 
  0x00, 0x00, 0x00, 0x01, 0xF8, 0x00, 0x00, 0x00, 0x03, 0xF0, 0x00, 0x00, 0x00, 0x07, 0xE0, 0x00, 
  0x00, 0x00, 0x0F, 0xC0, 0x00, 0x00, 0x00, 0x1F, 0x80, 0x00, 0x00, 0x00, 0x3F, 0x00, 0x00, 0x00, 
  0x00, 0x7E, 0x00, 0x00, 0x00, 0x00, 0xFC, 0x00, 0x00, 0x00, 0x01, 0xF0, 0x00, 0x00, 0x00, 0x03, 
  0xC0, 0x00, 0x00, 0x00, 0x04, 0x00, 0x38, 0x00, 0x00, 0x00, 0x00, 0x07, 0x00, 0x00, 0x00, 0x00, 
  0x01, 0xE0, 0x00, 0x00, 0x00, 0x00, 0x3E, 0x00, 0x00, 0x00, 0x00, 0x07, 0xE0, 0x00, 0x00, 0x00, 
  0x00, 0xFF, 0xFF, 0xFF, 0xFF, 0xFF, 0x9F, 0xFF, 0xFF, 0xFF, 0xFF, 0xF7, 0xFF, 0xFF, 0xFF, 0xFF, 
  0xFF, 0xFF, 0xFF, 0xFF, 0xFF, 0xFF, 0xFF, 0xFF, 0xFF, 0xFF, 0xFF, 0xFF, 0xFF, 0xFF, 0xFF, 0xFF, 
  0xFF, 0xFF, 0xFF, 0xFF, 0xFF, 0xFF, 0xFF, 0xFF, 0xFF, 0xFF, 0xFF, 0xFF, 0xFF, 0xFF, 0xFF, 0xFF, 
  0xFF, 0xDF, 0xFF, 0xFF, 0xFF, 0xFF, 0xFB, 0xFF, 0xFF, 0xFF, 0xFF, 0xFF, 0x3F, 0xFF, 0xFF, 0xFF, 
  0xFF, 0xE3, 0xFF, 0xFF, 0xFF, 0xFF, 0xF8, 0x00, 0x00, 0x00, 0x00, 0x3C, 0x00, 0x00, 0x00, 0x00, 
  0x07, 0xC0, 0x00, 0x00, 0x00, 0x00, 0xF8, 0x00, 0x00, 0x00, 0x00, 0x1F, 0x00, 0x00, 0x00, 0x00, 
  0x03, 0xE0, 0x00, 0x00, 0x00, 0x00, 0x7C, 0x00, 0x00, 0x00, 0x00, 0x1F, 0x80, 0x00, 0x00, 0x00, 
  0x03, 0xF0, 0x00, 0x00, 0x00, 0x00, 0x7E, 0x03, 0x80, 0x00, 0x00, 0x0F, 0xC0, 0xF0, 0x00, 0x00, 
  0x01, 0xF8, 0x3E, 0x00, 0x00, 0x00, 0x3F, 0x0F, 0xC0, 0x00, 0x00, 0x07, 0xE1, 0xF8, 0x00, 0x00, 
  0x00, 0xFC, 0x3F, 0x00, 0x00, 0x00, 0x1F, 0x87, 0xE0, 0x00, 0x00, 0x03, 0xF0, 0xFC, 0x00, 0x00, 
  0x00, 0x7E, 0x1F, 0x80, 0x00, 0x00, 0x0F, 0xC3, 0xF0, 0x00, 0x00, 0x01, 0xF8, 0x7E, 0x00, 0x00, 
  0x00, 0x3F, 0x0F, 0xC0, 0x00, 0x00, 0x07, 0xE1, 0xF8, 0x00, 0x00, 0x00, 0xFC, 0x3F, 0x00, 0x00, 
  0x00, 0x1F, 0x87, 0xE0, 0x00, 0x00, 0x03, 0xF0, 0xFC, 0x00, 0x00, 0x00, 0x7E, 0x1F, 0x80, 0x00, 
  0x00, 0x0F, 0xC3, 0xF0, 0x00, 0x00, 0x01, 0xF8, 0x7E, 0x00, 0x00, 0x00, 0x3F, 0x0F, 0xC0, 0x00, 
  0x00, 0x07, 0xE1, 0xF8, 0x00, 0x00, 0x00, 0xFC, 0x3F, 0x00, 0x00, 0x00, 0x1F, 0x87, 0xE0, 0x00, 
  0x00, 0x03, 0xF0, 0xFC, 0x00, 0x00, 0x00, 0x7E, 0x1F, 0x80, 0x00, 0x00, 0x0F, 0xC3, 0xF0, 0x00, 
  0x00, 0x01, 0xFC, 0x7C, 0x00, 0x00, 0x00, 0x3E, 0x0F, 0x00, 0x00, 0x00, 0x07, 0x81, 0x80, 0x00, 
  0x00, 0x00, 0xC0, 0x70, 0x00, 0x0E, 0x00, 0x01, 0xC0, 0x00, 0x7C, 0x00, 0x0F, 0xE0, 0x01, 0xFF, 
  0xFE, 0x3F, 0xFF, 0xE7, 0xFF, 0xFC, 0xFF, 0xFF, 0x9F, 0xFF, 0xF3, 0xFF, 0xFF, 0x7F, 0xFF, 0xEF, 
  0xFF, 0xFD, 0xFF, 0xFF, 0xBF, 0xFF, 0xF7, 0xFF, 0xFE, 0x7F, 0xFF, 0xC7, 0xFF, 0xF8, 0x00, 0x7F, 
  0x00, 0x07, 0xE0, 0x00, 0xFC, 0x00, 0x1F, 0x80, 0x03, 0xF0, 0x00, 0x7E, 0x00, 0x0F, 0xC0, 0x01, 
  0xF8, 0x00, 0x3F, 0x00, 0x07, 0xE0, 0x00, 0xFC, 0x00, 0x1F, 0x80, 0x03, 0xF0, 0x00, 0x7E, 0x00, 
  0x0F, 0xC0, 0x01, 0xF8, 0x00, 0x3F, 0x00, 0x07, 0xE0, 0x00, 0xFC, 0x00, 0x1F, 0x80, 0x03, 0xF0, 
  0x00, 0x7E, 0x00, 0x0F, 0xC0, 0x01, 0xF8, 0x00, 0x3F, 0x00, 0x07, 0xF0, 0x00, 0xFE, 0x00, 0x1F, 
  0xC0, 0x03, 0xF8, 0x00, 0x7F, 0x00, 0x0F, 0xE0, 0x01, 0xFC, 0x00, 0x3F, 0x80, 0x07, 0xF0, 0x00, 
  0xFE, 0x00, 0x1F, 0x80, 0x03, 0xC0, 0x00, 0x60, 0x3C, 0x00, 0x03, 0xC0, 0x00, 0x3C, 0x00, 0x07, 
  0xC0, 0x00, 0x7F, 0x00, 0x07, 0xFF, 0xF0, 0x7F, 0xFF, 0xC7, 0xFF, 0xFE, 0xFF, 0xFF, 0xEF, 0xFF, 
  0xFF, 0xFF, 0xFF, 0xFF, 0xFF, 0xFF, 0xFF, 0xFF, 0xF7, 0xFF, 0xFF, 0x7F, 0xFF, 0xF7, 0xFF, 0xFE, 
  0x3F, 0xFF, 0xE1, 0xFF, 0xFE, 0x00, 0x7F, 0xE0, 0x0F, 0x82, 0x00, 0xF8, 0x00, 0x1F, 0x80, 0x01, 
  0xF0, 0x00, 0x1F, 0x00, 0x01, 0xF0, 0x00, 0x1F, 0x00, 0x01, 0xF0, 0x00, 0x3F, 0x00, 0x03, 0xF0, 
  0x00, 0x3F, 0x00, 0x03, 0xF0, 0x00, 0x3F, 0x00, 0x03, 0xF0, 0x00, 0x3F, 0x00, 0x03, 0xF0, 0x00, 
  0x3F, 0x00, 0x03, 0xF0, 0x00, 0x1F, 0x00, 0x01, 0xF0, 0x00, 0x1F, 0x80, 0x01, 0xF8, 0x00, 0x1F, 
  0x80, 0x01, 0xF8, 0x00, 0x1F, 0x80, 0x01, 0xFC, 0x00, 0x1F, 0xC0, 0x01, 0xFC, 0x00, 0x0F, 0xC0, 
  0x00, 0xFE, 0x00, 0x0F, 0xE0, 0x00, 0xFE, 0x00, 0x0F, 0xF0, 0x00, 0xFF, 0x00, 0x07, 0xE0, 0x00, 
  0x78, 0x00, 0x06, 0x00, 0x38, 0x00, 0x00, 0x00, 0x00, 0x01, 0xC0, 0x00, 0x00, 0x00, 0x00, 0x0E, 
  0x00, 0x00, 0x00, 0x00, 0x00, 0xF8, 0x00, 0x00, 0x00, 0x00, 0x07, 0xF0, 0x00, 0x00, 0x00, 0x00, 
  0x3F, 0xFF, 0xFF, 0xFF, 0xFF, 0xF9, 0xFF, 0xFF, 0xFF, 0xFF, 0xFF, 0xCF, 0xFF, 0xFF, 0xFF, 0xFF, 
  0xFF, 0x7F, 0xFF, 0xFF, 0xFF, 0xFF, 0xFF, 0xFF, 0xFF, 0xFF, 0xFF, 0xFF, 0xFF, 0xFF, 0xFF, 0xFF, 
  0xFF, 0xFF, 0xFF, 0xFF, 0xFF, 0xFF, 0xFF, 0xF7, 0xFF, 0xFF, 0xFF, 0xFF, 0xFF, 0xBF, 0xFF, 0xFF, 
  0xFF, 0xFF, 0xFD, 0xFF, 0xFF, 0xFF, 0xFF, 0xFF, 0xEF, 0xFF, 0xFF, 0xFF, 0xFF, 0xFF, 0x3F, 0xFF, 
  0xFF, 0xFF, 0xFF, 0xF8, 0xFF, 0xFF, 0xFF, 0xFF, 0xFF, 0x80, 0xF0, 0x00, 0x00, 0x00, 0xF0, 0x07, 
  0x80, 0x00, 0x00, 0x07, 0x80, 0x3C, 0x00, 0x00, 0x00, 0x3E, 0x03, 0xE0, 0x00, 0x00, 0x01, 0xF0, 
  0x1F, 0x00, 0x00, 0x00, 0x0F, 0x80, 0xF8, 0x00, 0x00, 0x00, 0xFC, 0x07, 0xC0, 0x00, 0x00, 0x07, 
  0xE0, 0x3E, 0x00, 0x00, 0x00, 0x3F, 0x01, 0xF0, 0x00, 0x00, 0x01, 0xF8, 0x0F, 0x80, 0x00, 0x00, 
  0x0F, 0xC0, 0x7C, 0x00, 0x00, 0x00, 0x7E, 0x03, 0xE0, 0x00, 0x00, 0x03, 0xF0, 0x1F, 0x80, 0x00, 
  0x00, 0x1F, 0x80, 0xFC, 0x00, 0x00, 0x00, 0xFC, 0x07, 0xE0, 0x00, 0x00, 0x07, 0xE0, 0x3F, 0x00, 
  0x00, 0x00, 0x3F, 0x01, 0xF8, 0x00, 0x00, 0x01, 0xF8, 0x0F, 0xC0, 0x00, 0x00, 0x0F, 0xC0, 0x7E, 
  0x00, 0x00, 0x00, 0x7E, 0x03, 0xF0, 0x00, 0x00, 0x03, 0xF0, 0x1F, 0x80, 0x00, 0x00, 0x1F, 0x80, 
  0xFC, 0x00, 0x00, 0x00, 0xFC, 0x07, 0xE0, 0x00, 0x00, 0x07, 0xE0, 0x3F, 0x00, 0x00, 0x00, 0x3F, 
  0x01, 0xF8, 0x00, 0x00, 0x01, 0xF8, 0x0F, 0xC0, 0x00, 0x00, 0x0F, 0xC0, 0x7E, 0x00, 0x00, 0x00, 
  0x7E, 0x03, 0xF0, 0x00, 0x00, 0x03, 0xF0, 0x1F, 0x80, 0x00, 0x00, 0x1F, 0x80, 0xFC, 0x00, 0x00, 
  0x00, 0xFC, 0x07, 0xE0, 0x00, 0x00, 0x07, 0xE0, 0x3F, 0x00, 0x00, 0x00, 0x3F, 0x01, 0xF8, 0x00, 
  0x00, 0x01, 0xF8, 0x0F, 0xC0, 0x00, 0x00, 0x0F, 0xC0, 0x7E, 0x00, 0x00, 0x00, 0x7F, 0x03, 0xE0, 
  0x00, 0x00, 0x03, 0xE0, 0x1E, 0x00, 0x00, 0x00, 0x1E, 0x00, 0x80, 0x00, 0x00, 0x00, 0xC0, 0x3C, 
  0x00, 0x00, 0x00, 0x00, 0x00, 0x78, 0x00, 0x00, 0x00, 0x00, 0x00, 0xF0, 0x00, 0x00, 0x00, 0x00, 
  0x03, 0xE0, 0x00, 0x00, 0x00, 0x00, 0x07, 0xF0, 0x00, 0x00, 0x0F, 0xF0, 0x0F, 0xFF, 0x80, 0x00, 
  0x7F, 0xF8, 0x1F, 0xFF, 0xC0, 0x01, 0xFF, 0xF8, 0x3F, 0xFF, 0xC0, 0x07, 0xFF, 0xF8, 0xFF, 0xFF, 
  0x80, 0x1F, 0xFF, 0xF1, 0xFF, 0xFF, 0x80, 0x7F, 0xFF, 0xF3, 0xFF, 0xFF, 0x00, 0xFF, 0xFF, 0xE7, 
  0xFF, 0xFE, 0x03, 0xFF, 0xFF, 0xEF, 0xFF, 0xFC, 0x07, 0xFF, 0xFF, 0xCF, 0xFF, 0xF8, 0x1F, 0xFF, 
  0xFF, 0x9F, 0xFF, 0xF0, 0x3F, 0xFF, 0xFF, 0x3F, 0xFF, 0xE0, 0x7F, 0xFF, 0xFF, 0x3F, 0xFF, 0x80, 
  0xFE, 0x0F, 0xFE, 0x3F, 0xFF, 0x03, 0xF0, 0x07, 0xFC, 0x07, 0xFE, 0x07, 0xC0, 0x07, 0xF8, 0x0F, 
  0x00, 0x0F, 0x00, 0x07, 0xF0, 0x3E, 0x00, 0x1C, 0x00, 0x07, 0xE0, 0x7C, 0x00, 0x38, 0x00, 0x0F, 
  0xC0, 0xF8, 0x00, 0x70, 0x00, 0x1F, 0x81, 0xF0, 0x00, 0xE0, 0x00, 0x1F, 0x03, 0xC0, 0x00, 0x00, 
  0x00, 0x3E, 0x0F, 0x80, 0x00, 0x00, 0x00, 0x7C, 0x1F, 0x00, 0x00, 0x00, 0x00, 0xF8, 0x3E, 0x00, 
  0x00, 0x00, 0x01, 0xF0, 0x7C, 0x00, 0x00, 0x00, 0x03, 0xE0, 0xF8, 0x00, 0x00, 0x00, 0x07, 0xC1, 
  0xF0, 0x00, 0x00, 0x00, 0x0F, 0x83, 0xE0, 0x00, 0x00, 0x00, 0x1F, 0x07, 0xC0, 0x00, 0x00, 0x00, 
  0x3C, 0x0F, 0x80, 0x00, 0x00, 0x00, 0xF8, 0x1F, 0x80, 0x00, 0x00, 0x01, 0xF0, 0x3F, 0x00, 0x00, 
  0x00, 0x03, 0xE0, 0x7E, 0x00, 0x00, 0x00, 0x0F, 0xC0, 0xFC, 0x00, 0x00, 0x00, 0x3F, 0x01, 0xF8, 
  0x00, 0x00, 0x00, 0x7E, 0x03, 0xF8, 0x00, 0x00, 0x03, 0xFC, 0x07, 0xF0, 0x00, 0x00, 0x1F, 0xF8, 
  0x07, 0xFF, 0xFF, 0xFF, 0xFF, 0xE0, 0x0F, 0xFF, 0xFF, 0xFF, 0xFF, 0xC0, 0x1F, 0xFF, 0xFF, 0xFF, 
  0xFF, 0x00, 0x3F, 0xFF, 0xFF, 0xFF, 0xFE, 0x00, 0x7F, 0xFF, 0xFF, 0xFF, 0xFC, 0x00, 0xFF, 0xFF, 
  0xFF, 0xFF, 0xF0, 0x01, 0xFF, 0xFF, 0xFF, 0xFF, 0xE0, 0x01, 0xFF, 0xFF, 0xFF, 0xFF, 0x80, 0x03, 
  0xFF, 0xFF, 0xFF, 0xFF, 0x00, 0x07, 0xFF, 0xFF, 0xFF, 0xFC, 0x00, 0x0F, 0xFF, 0xFF, 0xFF, 0xF8, 
  0x00, 0x1F, 0xFF, 0xFF, 0xFF, 0xE0, 0x00, 0x3F, 0xFF, 0xFF, 0xFF, 0x80, 0x00, 0x3F, 0xFF, 0xFF, 
  0xFC, 0x00, 0x00, 0x70, 0x00, 0x01, 0xC0, 0x00, 0x07, 0x00, 0x00, 0x3E, 0x00, 0x00, 0xFE, 0x00, 
  0x03, 0xFF, 0xFF, 0x8F, 0xFF, 0xFF, 0x3F, 0xFF, 0xFE, 0xFF, 0xFF, 0xFB, 0xFF, 0xFF, 0xEF, 0xFF, 
  0xFF, 0xFF, 0xFF, 0xFF, 0xFF, 0xFF, 0xFF, 0xFF, 0xFF, 0xFF, 0xFF, 0xFF, 0xFF, 0xFF, 0xFF, 0x7F, 
  0xFF, 0xFC, 0xFF, 0xFF, 0xF0, 0x00, 0x7F, 0xC0, 0x00, 0x7F, 0x00, 0x01, 0xF8, 0x00, 0x07, 0xE0, 
  0x00, 0x1F, 0x80, 0x00, 0xFE, 0x00, 0x03, 0xF0, 0x00, 0x1F, 0xC0, 0x00, 0x7E, 0x00, 0x03, 0xF8, 
  0x00, 0x1F, 0xC0, 0x00, 0xFE, 0x00, 0x07, 0xF0, 0x00, 0x3F, 0x80, 0x01, 0xFC, 0x00, 0x03, 0xF0, 
  0x00, 0x07, 0x80, 0x00, 0x0C, 0x00, 0x70, 0x00, 0x00, 0x00, 0x03, 0x80, 0x00, 0x00, 0x00, 0x1E, 
  0x00, 0x00, 0x00, 0x00, 0xF0, 0x00, 0x00, 0x00, 0x0F, 0xE0, 0x00, 0x00, 0x00, 0x7F, 0xFF, 0xFF, 
  0xFF, 0xFB, 0xFF, 0xFF, 0xFF, 0xFF, 0xFF, 0xFF, 0xFF, 0xFF, 0xFF, 0xFF, 0xFF, 0xFF, 0xFF, 0xFF, 
  0xFF, 0xFF, 0xFF, 0xFF, 0xFF, 0xFF, 0xFF, 0xFF, 0xFF, 0xFF, 0xFF, 0xFF, 0xFF, 0xFF, 0xFF, 0xFF, 
  0xFF, 0xFF, 0xFF, 0xFF, 0xFF, 0xFF, 0xFF, 0xFF, 0xFF, 0xFF, 0xFF, 0xEF, 0xFF, 0xFF, 0xFF, 0xFF, 
  0x7F, 0xFF, 0xFF, 0xFF, 0xF9, 0xFF, 0xFF, 0xFF, 0xFF, 0x80, 0x00, 0x00, 0x00, 0x7C, 0x00, 0x00, 
  0x00, 0x03, 0xE0, 0x00, 0x00, 0x00, 0x1E, 0x00, 0x00, 0x00, 0x00, 0xF0, 0x00, 0x00, 0x00, 0x0F, 
  0x80, 0x00, 0x00, 0x00, 0x7C, 0x00, 0x00, 0x00, 0x03, 0xE0, 0x00, 0x00, 0x00, 0x1F, 0x00, 0x00, 
  0x00, 0x00, 0xF8, 0x00, 0x00, 0x00, 0x07, 0xC0, 0x00, 0x00, 0x00, 0x3E, 0x00, 0x00, 0x00, 0x01, 
  0xF0, 0x00, 0x00, 0x00, 0x0F, 0x80, 0x00, 0x00, 0x00, 0x7C, 0x00, 0x00, 0x00, 0x03, 0xE0, 0x00, 
  0x00, 0x00, 0x1F, 0x00, 0x00, 0x00, 0x00, 0xF8, 0x00, 0x00, 0x00, 0x07, 0xC0, 0x00, 0x00, 0x00, 
  0x3E, 0x00, 0x00, 0x00, 0x01, 0xF0, 0x00, 0x00, 0x00, 0x0F, 0x80, 0x00, 0x00, 0x00, 0x7C, 0x00, 
  0x00, 0x00, 0x03, 0xE0, 0x00, 0x00, 0x00, 0x1F, 0x00, 0x00, 0x00, 0x00, 0xF8, 0x00, 0x00, 0x00, 
  0x07, 0xC0, 0x00, 0x00, 0x00, 0x3E, 0x00, 0x00, 0x00, 0x01, 0xF0, 0x00, 0x00, 0x00, 0x0F, 0x80, 
  0x00, 0x00, 0x00, 0x7C, 0x00, 0x00, 0x00, 0x03, 0xE0, 0x00, 0x00, 0x00, 0x1F, 0x00, 0x00, 0x00, 
  0x00, 0xF8, 0x00, 0x00, 0x00, 0x07, 0xC0, 0x00, 0x00, 0x00, 0x3F, 0x00, 0x00, 0x00, 0x01, 0xF8, 
  0x00, 0x00, 0x00, 0x0F, 0xC0, 0x00, 0x00, 0x00, 0x7E, 0x00, 0x00, 0x00, 0x03, 0xF0, 0x00, 0x00, 
  0x00, 0x1F, 0x80, 0x00, 0x00, 0x00, 0xFC, 0x00, 0x00, 0x00, 0x07, 0xE0, 0x00, 0x00, 0x00, 0x3F, 
  0x00, 0x00, 0x00, 0x01, 0xF8, 0x00, 0x00, 0x00, 0x0F, 0xC0, 0x00, 0x00, 0x00, 0x7E, 0x00, 0x00, 
  0x00, 0x03, 0xF0, 0x00, 0x00, 0x00, 0x1F, 0x80, 0x00, 0x00, 0x00, 0xFC, 0x00, 0x00, 0x00, 0x07, 
  0xE0, 0x00, 0x00, 0x00, 0x3F, 0x00, 0x00, 0x00, 0x01, 0xF8, 0x00, 0x00, 0x00, 0x0F, 0xC0, 0x00, 
  0x00, 0x00, 0x7E, 0x00, 0x00, 0x00, 0x03, 0xF0, 0x00, 0x00, 0x00, 0x1E, 0x00, 0x00, 0x00, 0x00, 
  0xE0, 0x1C, 0x00, 0x00, 0x00, 0x00, 0x1C, 0x00, 0x00, 0x00, 0x00, 0x1C, 0x00, 0x00, 0x00, 0x00, 
  0x3E, 0x00, 0x00, 0x00, 0x00, 0x3F, 0x80, 0x00, 0x00, 0x00, 0x3F, 0xFF, 0xFF, 0xFF, 0x00, 0x3F, 
  0xFF, 0xFF, 0xFF, 0xC0, 0x3F, 0xFF, 0xFF, 0xFF, 0xE0, 0x3F, 0xFF, 0xFF, 0xFF, 0xF0, 0x3F, 0xFF, 
  0xFF, 0xFF, 0xF8, 0x3F, 0xFF, 0xFF, 0xFF, 0xFC, 0x3F, 0xFF, 0xFF, 0xFF, 0xFC, 0x3F, 0xFF, 0xFF, 
  0xFF, 0xFE, 0x3F, 0xFF, 0xFF, 0xFF, 0xFE, 0x3F, 0xFF, 0xFF, 0xFF, 0xFE, 0x3F, 0xFF, 0xFF, 0xFF, 
  0xFF, 0x1F, 0xFF, 0xFF, 0xFF, 0xFF, 0x0F, 0xFF, 0xFF, 0xFF, 0xFF, 0x00, 0x00, 0x00, 0x0F, 0xFF, 
  0x00, 0x00, 0x00, 0x00, 0xFF, 0x00, 0x00, 0x00, 0x00, 0x7F, 0x00, 0x00, 0x00, 0x00, 0x3F, 0x00, 
  0x00, 0x00, 0x00, 0x3F, 0x00, 0x00, 0x00, 0x00, 0x1F, 0x00, 0x00, 0x00, 0x00, 0x1F, 0x00, 0x00, 
  0x00, 0x00, 0x1F, 0x00, 0x00, 0x00, 0x00, 0x1F, 0x00, 0x00, 0x00, 0x00, 0x1F, 0x00, 0x00, 0x00, 
  0x00, 0x1F, 0x00, 0x00, 0x00, 0x00, 0x1F, 0x00, 0x00, 0x00, 0x00, 0x1F, 0x00, 0x00, 0x00, 0x00, 
  0x1F, 0x00, 0x00, 0x00, 0x00, 0x1F, 0x00, 0x00, 0x00, 0x00, 0x1F, 0x00, 0x00, 0x00, 0x00, 0x1F, 
  0x00, 0x00, 0x00, 0x00, 0x1F, 0x00, 0x00, 0x00, 0x00, 0x3F, 0x00, 0x00, 0x00, 0x00, 0x3F, 0x00, 
  0x00, 0x00, 0x00, 0x7F, 0x00, 0x00, 0x00, 0x00, 0xFF, 0x00, 0x00, 0x00, 0x03, 0xFF, 0x1F, 0xFF, 
  0xFF, 0xFF, 0xFF, 0x1F, 0xFF, 0xFF, 0xFF, 0xFF, 0x1F, 0xFF, 0xFF, 0xFF, 0xFE, 0x1F, 0xFF, 0xFF, 
  0xFF, 0xFE, 0x3F, 0xFF, 0xFF, 0xFF, 0xFE, 0x3F, 0xFF, 0xFF, 0xFF, 0xFE, 0x3F, 0xFF, 0xFF, 0xFF, 
  0xFC, 0x3F, 0xFF, 0xFF, 0xFF, 0xFC, 0x7F, 0xFF, 0xFF, 0xFF, 0xF8, 0x7F, 0xFF, 0xFF, 0xFF, 0xF8, 
  0x7F, 0xFF, 0xFF, 0xFF, 0xF0, 0x7F, 0xFF, 0xFF, 0xFF, 0xE0, 0xFF, 0xFF, 0xFF, 0xFF, 0x80, 0xFF, 
  0xFF, 0xFF, 0xFE, 0x00, 0x30, 0x00, 0x00, 0x00, 0x00, 0xE0, 0x00, 0x00, 0x00, 0x01, 0xC0, 0x00, 
  0x00, 0x00, 0x03, 0xF8, 0x00, 0x00, 0x00, 0x0F, 0xFC, 0x00, 0x00, 0x00, 0x1F, 0xFC, 0x00, 0x00, 
  0x00, 0x3F, 0xF8, 0x00, 0x00, 0x00, 0x7F, 0xF0, 0x00, 0x00, 0x00, 0xFF, 0xE0, 0x00, 0x00, 0x01, 
  0xFF, 0xC0, 0x00, 0x00, 0x03, 0xFF, 0x80, 0x00, 0x00, 0x03, 0xFF, 0x00, 0x00, 0x00, 0x00, 0xFC, 
  0x00, 0x00, 0x00, 0x00, 0xF8, 0x00, 0x00, 0x00, 0x01, 0xF0, 0x00, 0x00, 0x00, 0x03, 0xE0, 0x00, 
  0x00, 0x00, 0x0F, 0x80, 0x00, 0x00, 0x00, 0x1F, 0x00, 0x00, 0x00, 0x00, 0x3E, 0x00, 0x00, 0x00, 
  0x00, 0x7C, 0x00, 0x00, 0x00, 0x01, 0xF0, 0x00, 0x00, 0x00, 0x03, 0xE0, 0x00, 0x00, 0x00, 0x07, 
  0xE0, 0x00, 0x00, 0x00, 0x0F, 0xFF, 0xFF, 0xFF, 0xF0, 0x3F, 0xFF, 0xFF, 0xFF, 0xF0, 0x7F, 0xFF, 
  0xFF, 0xFF, 0xF0, 0xFF, 0xFF, 0xFF, 0xFF, 0xF1, 0xFF, 0xFF, 0xFF, 0xFF, 0xE3, 0xFF, 0xFF, 0xFF, 
  0xFF, 0xC7, 0xFF, 0xFF, 0xFF, 0xFF, 0xCF, 0xFF, 0xFF, 0xFF, 0xFF, 0x9F, 0xFF, 0xFF, 0xFF, 0xFF, 
  0x3F, 0xFF, 0xFF, 0xFF, 0xFE, 0x7F, 0xFF, 0xFF, 0xFF, 0xFC, 0x7F, 0xFF, 0xFF, 0xFF, 0xF8, 0x7F, 
  0xFF, 0xFF, 0xFF, 0xF0, 0x00, 0x00, 0x00, 0x1F, 0xE0, 0x00, 0x00, 0x00, 0x0F, 0xC0, 0x00, 0x00, 
  0x00, 0x1F, 0x80, 0x00, 0x00, 0x00, 0x3F, 0x00, 0x00, 0x00, 0x00, 0x7E, 0x00, 0x00, 0x00, 0x00, 
  0xFC, 0x00, 0x00, 0x00, 0x01, 0xF8, 0x00, 0x00, 0x00, 0x03, 0xF0, 0x00, 0x00, 0x00, 0x07, 0xE0, 
  0x00, 0x00, 0x00, 0x0F, 0xC0, 0x00, 0x00, 0x00, 0x1F, 0x80, 0x00, 0x00, 0x00, 0x7E, 0x00, 0x00, 
  0x00, 0x01, 0xFC, 0x00, 0x00, 0x00, 0x07, 0xF8, 0x00, 0x00, 0x00, 0x1F, 0xE0, 0x00, 0x00, 0x00, 
  0x7F, 0x80, 0x00, 0x00, 0x03, 0xFE, 0x00, 0x00, 0x00, 0x0F, 0xF0, 0x00, 0x00, 0x00, 0x3F, 0xC0, 
  0x00, 0x00, 0x00, 0xFF, 0x00, 0x00, 0x00, 0x03, 0xFC, 0x00, 0x00, 0x00, 0x0F, 0xF0, 0x00, 0x00, 
  0x00, 0x7F, 0xC0, 0x00, 0x00, 0x01, 0xFF, 0x00, 0x00, 0x00, 0x07, 0xF8, 0x00, 0x00, 0x00, 0x0F, 
  0xE0, 0x00, 0x00, 0x00, 0x3F, 0x80, 0x00, 0x00, 0x00, 0x7E, 0x00, 0x00, 0x00, 0x01, 0xFC, 0x00, 
  0x00, 0x00, 0x03, 0xF8, 0x00, 0x00, 0x00, 0x07, 0xF0, 0x00, 0x00, 0x00, 0x0F, 0xE0, 0x00, 0x00, 
  0x00, 0x1F, 0xC0, 0x00, 0x00, 0x00, 0x3F, 0x80, 0x00, 0x00, 0x00, 0x7F, 0x00, 0x00, 0x00, 0x00, 
  0xFC, 0x00, 0x00, 0x00, 0x00, 0xF8, 0x00, 0x00, 0x00, 0x00, 0x40, 0x00, 0x00, 0x38, 0x00, 0x00, 
  0x00, 0x00, 0x3C, 0x00, 0x00, 0x00, 0x00, 0x1E, 0x00, 0x00, 0x00, 0x00, 0x0F, 0x00, 0x00, 0x00, 
  0x00, 0x07, 0xE0, 0x00, 0x00, 0x00, 0x03, 0xFF, 0xFF, 0xFF, 0xFF, 0x03, 0xFF, 0xFF, 0xFF, 0xFF, 
  0xE1, 0xFF, 0xFF, 0xFF, 0xFF, 0xF8, 0xFF, 0xFF, 0xFF, 0xFF, 0xFE, 0x7F, 0xFF, 0xFF, 0xFF, 0xFF, 
  0x3F, 0xFF, 0xFF, 0xFF, 0xFF, 0xDF, 0xFF, 0xFF, 0xFF, 0xFF, 0xEF, 0xFF, 0xFF, 0xFF, 0xFF, 0xF7, 
  0xFF, 0xFF, 0xFF, 0xFF, 0xFB, 0xFF, 0xFF, 0xFF, 0xFF, 0xFE, 0xFF, 0xFF, 0xFF, 0xFF, 0xFF, 0x7F, 
  0xFF, 0xFF, 0xFF, 0xFF, 0x9F, 0xFF, 0xFF, 0xFF, 0xFF, 0xC0, 0xF8, 0x00, 0x00, 0x7F, 0xE0, 0xF8, 
  0x00, 0x00, 0x07, 0xF0, 0xF8, 0x00, 0x00, 0x01, 0xF8, 0xF8, 0x00, 0x00, 0x00, 0xFC, 0x7C, 0x00, 
  0x00, 0x00, 0x7E, 0x7C, 0x00, 0x00, 0x00, 0x3F, 0x3E, 0x00, 0x00, 0x00, 0x1F, 0xBF, 0x00, 0x00, 
  0x00, 0x0F, 0xDF, 0x00, 0x00, 0x00, 0x07, 0xEF, 0x80, 0x00, 0x00, 0x03, 0xF7, 0xC0, 0x00, 0x00, 
  0x01, 0xFF, 0xE0, 0x00, 0x00, 0x00, 0xFF, 0xF0, 0x00, 0x00, 0x00, 0x7F, 0xF8, 0x00, 0x00, 0x00, 
  0x3F, 0xFC, 0x00, 0x00, 0x00, 0x1F, 0xFE, 0x00, 0x00, 0x00, 0x0F, 0xFF, 0x00, 0x00, 0x00, 0x07, 
  0xFF, 0x80, 0x00, 0x00, 0x03, 0xFF, 0xC0, 0x00, 0x00, 0x01, 0xFF, 0xE0, 0x00, 0x00, 0x00, 0xFF, 
  0xF0, 0x00, 0x00, 0x00, 0x7F, 0xF8, 0x00, 0x00, 0x00, 0x3F, 0xFC, 0x00, 0x00, 0x00, 0x1F, 0xFF, 
  0xFF, 0xFF, 0xFF, 0xFF, 0xFF, 0xFF, 0xFF, 0xFF, 0xFF, 0xFF, 0xFF, 0xFF, 0xFF, 0xFF, 0xFF, 0xFF, 
  0xFF, 0xFF, 0xFF, 0xFF, 0xFF, 0xFF, 0xFF, 0xFF, 0xFF, 0xFF, 0xFF, 0xFF, 0xFF, 0xFF, 0xFF, 0xFF, 
  0xFF, 0xFF, 0xFF, 0xFF, 0xFF, 0xFF, 0xFF, 0xFF, 0xFF, 0xFF, 0xFF, 0xFF, 0xFF, 0xDF, 0xFF, 0xFF, 
  0xFF, 0xFF, 0xCF, 0xFF, 0xFF, 0xFF, 0xFF, 0xE7, 0xFF, 0xFF, 0xFF, 0xFF, 0xE1, 0xFF, 0xFF, 0xFF, 
  0xFF, 0xF0, 0x7F, 0xFF, 0xFF, 0xFF, 0xE0, 0x78, 0x00, 0x00, 0x00, 0x00, 0x00, 0xF0, 0x00, 0x00, 
  0x00, 0x00, 0x01, 0xE0, 0x00, 0x00, 0x00, 0x00, 0x03, 0xC0, 0x00, 0x00, 0x00, 0x00, 0x07, 0xE0, 
  0x00, 0x1F, 0xC0, 0x00, 0x1F, 0xFF, 0x80, 0x7F, 0xF8, 0x00, 0x3F, 0xFF, 0x81, 0xFF, 0xFE, 0x00, 
  0x7F, 0xFF, 0x07, 0xFF, 0xFE, 0x00, 0xFF, 0xFE, 0x0F, 0xFF, 0xFF, 0x01, 0xFF, 0xFC, 0x3F, 0xFF, 
  0xFF, 0x03, 0xFF, 0xF8, 0xFF, 0xFF, 0xFF, 0x07, 0xFF, 0xF3, 0xFF, 0xFF, 0xFE, 0x0F, 0xFF, 0xEF, 
  0xFF, 0xFF, 0xFE, 0x1F, 0xFF, 0xFF, 0xFF, 0xFF, 0xFE, 0x3F, 0xFF, 0xFF, 0xFF, 0xFF, 0xFC, 0x3F, 
  0xFF, 0xFF, 0xFF, 0xFF, 0xFC, 0x7F, 0xFF, 0xFF, 0xE1, 0xFF, 0xF8, 0x7F, 0xFF, 0xF8, 0x00, 0x3F, 
  0xF0, 0x00, 0xFF, 0xC0, 0x00, 0x3F, 0xF0, 0x01, 0xFF, 0x00, 0x00, 0x1F, 0xE0, 0x03, 0xF8, 0x00, 
  0x00, 0x3F, 0xC0, 0x07, 0xE0, 0x00, 0x00, 0x3F, 0x80, 0x1F, 0x80, 0x00, 0x00, 0x3F, 0x00, 0x7F, 
  0x00, 0x00, 0x00, 0x7F, 0x00, 0xFC, 0x00, 0x00, 0x00, 0x7E, 0x03, 0xF0, 0x00, 0x00, 0x00, 0xFC, 
  0x07, 0xE0, 0x00, 0x00, 0x01, 0xF8, 0x0F, 0x80, 0x00, 0x00, 0x03, 0xF0, 0x3F, 0x00, 0x00, 0x00, 
  0x03, 0xE0, 0x7C, 0x00, 0x00, 0x00, 0x07, 0xC1, 0xF8, 0x00, 0x00, 0x00, 0x0F, 0x83, 0xF0, 0x00, 
  0x00, 0x00, 0x1F, 0x07, 0xC0, 0x00, 0x00, 0x00, 0x3E, 0x0F, 0x80, 0x00, 0x00, 0x00, 0x7C, 0x3F, 
  0x00, 0x00, 0x00, 0x00, 0xF8, 0x7E, 0x00, 0x00, 0x00, 0x01, 0xF0, 0xF8, 0x00, 0x00, 0x00, 0x03, 
  0xE1, 0xF0, 0x00, 0x00, 0x00, 0x0F, 0xC3, 0xE0, 0x00, 0x00, 0x00, 0x1F, 0x87, 0xC0, 0x00, 0x00, 
  0x00, 0x3E, 0x1F, 0x80, 0x00, 0x00, 0x00, 0xFC, 0x3F, 0x00, 0x1F, 0xFF, 0xFF, 0xF8, 0x7E, 0x00, 
  0x7F, 0xFF, 0xFF, 0xF0, 0xF8, 0x00, 0xFF, 0xFF, 0xFF, 0xE1, 0xF0, 0x01, 0xFF, 0xFF, 0xFF, 0xC3, 
  0xE0, 0x03, 0xFF, 0xFF, 0xFF, 0x87, 0xC0, 0x07, 0xFF, 0xFF, 0xFE, 0x1F, 0x80, 0x0F, 0xFF, 0xFF, 
  0xFC, 0x3F, 0x00, 0x3F, 0xFF, 0xFF, 0xF8, 0x7E, 0x00, 0x7F, 0xFF, 0xFF, 0xF0, 0xF8, 0x00, 0xFF, 
  0xFF, 0xFF, 0xE1, 0xF0, 0x01, 0xFF, 0xFF, 0xFF, 0xC3, 0xE0, 0x03, 0xFF, 0xFF, 0xFF, 0x07, 0xC0, 
  0x07, 0xFF, 0xFF, 0xFE, 0x1F, 0x80, 0x1F, 0xFF, 0xFF, 0xFC, 0x00, 0x78, 0x00, 0x1E, 0x00, 0x07, 
  0x80, 0x01, 0xE0, 0x00, 0x7E, 0x00, 0x3F, 0xFF, 0xFF, 0xFF, 0xFF, 0xFF, 0xFF, 0xFF, 0xFF, 0xFF, 
  0xFF, 0xFF, 0xFF, 0xFF, 0xFF, 0xFF, 0xFF, 0xFF, 0xFF, 0xFF, 0xFF, 0xFF, 0xFD, 0xFF, 0xFF, 0x7F, 
  0xFF, 0xCF, 0xFF, 0xF0, 0x00, 0x78, 0x00, 0x3E, 0x00, 0x0F, 0x80, 0x03, 0xC0, 0x00, 0xF0, 0x00, 
  0x7C, 0x00, 0x1F, 0x00, 0x07, 0xC0, 0x01, 0xF0, 0x00, 0x7C, 0x00, 0x1F, 0x00, 0x07, 0xC0, 0x01, 
  0xF0, 0x00, 0x7C, 0x00, 0x1F, 0x00, 0x07, 0xC0, 0x01, 0xF0, 0x00, 0x7C, 0x00, 0x1F, 0x00, 0x07, 
  0xC0, 0x01, 0xF0, 0x00, 0x7C, 0x00, 0x1F, 0x80, 0x07, 0xE0, 0x01, 0xF8, 0x00, 0x7E, 0x00, 0x1F, 
  0x80, 0x07, 0xE0, 0x01, 0xF8, 0x00, 0x7E, 0x00, 0x1F, 0x80, 0x07, 0xE0, 0x01, 0xF8, 0x00, 0x7E, 
  0x00, 0x1F, 0x80, 0x07, 0xE0, 0x01, 0xF8, 0x00, 0x7E, 0x00, 0x1F, 0x80, 0x07, 0xE0, 0x01, 0xF8, 
  0x00, 0x7E, 0x00, 0x1F, 0x80, 0x07, 0xE0, 0x01, 0xF8, 0x00, 0x7E, 0x00, 0x1F, 0x80, 0x07, 0xE0, 
  0x01, 0xF8, 0x00, 0x7E, 0x00, 0x1F, 0x80, 0x07, 0xE0, 0x01, 0xF8, 0x00, 0x7E, 0x00, 0x1F, 0x80, 
  0x07, 0xC0, 0x01, 0xC0, 0x00, 0xE0, 0x00, 0x00, 0x1C, 0x00, 0x00, 0x07, 0x80, 0x00, 0x00, 0xF8, 
  0x00, 0x00, 0x1F, 0xC0, 0x00, 0x03, 0xFF, 0xFC, 0x00, 0xFF, 0xFF, 0xC0, 0x1F, 0xFF, 0xFC, 0x03, 
  0xFF, 0xFF, 0x80, 0x7F, 0xFF, 0xF8, 0x0F, 0xFF, 0xFF, 0x01, 0xFF, 0xFF, 0xE0, 0x3F, 0xFF, 0xFC, 
  0x07, 0xFF, 0xFF, 0xC0, 0x7F, 0xFF, 0xF8, 0x0F, 0xFF, 0xFF, 0x00, 0xFF, 0xFF, 0xE0, 0x0F, 0xFF, 
  0xFC, 0x00, 0x00, 0xFF, 0x80, 0x00, 0x07, 0xF0, 0x00, 0x00, 0x7E, 0x00, 0x00, 0x0F, 0xC0, 0x00, 
  0x01, 0xF8, 0x00, 0x00, 0x3F, 0x00, 0x00, 0x07, 0xE0, 0x00, 0x00, 0xFC, 0x00, 0x00, 0x1F, 0x80, 
  0x00, 0x03, 0xF0, 0x00, 0x00, 0x7E, 0x00, 0x00, 0x0F, 0xC0, 0x00, 0x01, 0xF8, 0x00, 0x00, 0x3F, 
  0x00, 0x00, 0x07, 0xE0, 0x00, 0x00, 0xFC, 0x00, 0x00, 0x1F, 0x80, 0x00, 0x03, 0xF0, 0x00, 0x00, 
  0x7E, 0x00, 0x00, 0x0F, 0xC0, 0x00, 0x01, 0xF8, 0x00, 0x00, 0x3F, 0x00, 0x00, 0x07, 0xE1, 0xFF, 
  0xFF, 0xFC, 0x3F, 0xFF, 0xFF, 0x8F, 0xFF, 0xFF, 0xF1, 0xFF, 0xFF, 0xFC, 0x3F, 0xFF, 0xFF, 0x87, 
  0xFF, 0xFF, 0xF1, 0xFF, 0xFF, 0xFE, 0x3F, 0xFF, 0xFF, 0xC7, 0xFF, 0xFF, 0xF8, 0xFF, 0xFF, 0xFE, 
  0x3F, 0xFF, 0xFF, 0xC7, 0xFF, 0xFF, 0xF0, 0xFF, 0xFF, 0xFC, 0x3F, 0xFF, 0xFE, 0x00, 0x70, 0x00, 
  0x00, 0x00, 0x00, 0x1C, 0x00, 0x00, 0x00, 0x00, 0x07, 0x80, 0x00, 0x00, 0x00, 0x01, 0xE0, 0x00, 
  0x00, 0x00, 0x00, 0xFE, 0x00, 0x00, 0x00, 0x00, 0x3F, 0xFF, 0xFF, 0xFF, 0xF0, 0x0F, 0xFF, 0xFF, 
  0xFF, 0xFF, 0x03, 0xFF, 0xFF, 0xFF, 0xFF, 0xE0, 0xFF, 0xFF, 0xFF, 0xFF, 0xFC, 0x3F, 0xFF, 0xFF, 
  0xFF, 0xFF, 0x8F, 0xFF, 0xFF, 0xFF, 0xFF, 0xE3, 0xFF, 0xFF, 0xFF, 0xFF, 0xFC, 0xFF, 0xFF, 0xFF, 
  0xFF, 0xFF, 0x3F, 0xFF, 0xFF, 0xFF, 0xFF, 0xEF, 0xFF, 0xFF, 0xFF, 0xFF, 0xF9, 0xFF, 0xFF, 0xFF, 
  0xFF, 0xFE, 0x7F, 0xFF, 0xFF, 0xFF, 0xFF, 0x8F, 0xFF, 0xFF, 0xFF, 0xFF, 0xF0, 0x78, 0x00, 0x00, 
  0xFF, 0xFC, 0x1E, 0x00, 0x00, 0x01, 0xFF, 0x0F, 0x00, 0x00, 0x00, 0x3F, 0xC3, 0xC0, 0x00, 0x00, 
  0x07, 0xF0, 0xF0, 0x00, 0x00, 0x00, 0xFC, 0x78, 0x00, 0x00, 0x00, 0x3F, 0x1E, 0x00, 0x00, 0x00, 
  0x07, 0xCF, 0x80, 0x00, 0x00, 0x01, 0xF3, 0xE0, 0x00, 0x00, 0x00, 0x7C, 0xF8, 0x00, 0x00, 0x00, 
  0x1F, 0x3E, 0x00, 0x00, 0x00, 0x07, 0xDF, 0x00, 0x00, 0x00, 0x01, 0xF7, 0xC0, 0x00, 0x00, 0x00, 
  0x7D, 0xF0, 0x00, 0x00, 0x00, 0x1F, 0x7C, 0x00, 0x00, 0x00, 0x07, 0xDF, 0x80, 0x00, 0x00, 0x01, 
  0xF7, 0xE0, 0x00, 0x00, 0x00, 0xFD, 0xF8, 0x00, 0x00, 0x00, 0x3F, 0x7E, 0x00, 0x00, 0x00, 0x0F, 
  0xDF, 0xC0, 0x00, 0x00, 0x07, 0xF7, 0xF8, 0x00, 0x00, 0x01, 0xF9, 0xFE, 0x00, 0x00, 0x00, 0xFE, 
  0x7F, 0xE0, 0x00, 0x00, 0x7F, 0x8F, 0xFC, 0x00, 0x00, 0x7F, 0xE3, 0xFF, 0xE0, 0x00, 0xFF, 0xF0, 
  0xFF, 0xFF, 0xFF, 0xFF, 0xFC, 0x1F, 0xFF, 0xFF, 0xFF, 0xFE, 0x07, 0xFF, 0xFF, 0xFF, 0xFF, 0x81, 
  0xFF, 0xFF, 0xFF, 0xFF, 0xC0, 0x3F, 0xFF, 0xFF, 0xFF, 0xF0, 0x07, 0xFF, 0xFF, 0xFF, 0xF8, 0x01, 
  0xFF, 0xFF, 0xFF, 0xFC, 0x00, 0x3F, 0xFF, 0xFF, 0xFE, 0x00, 0x07, 0xFF, 0xFF, 0xFF, 0x00, 0x00, 
  0xFF, 0xFF, 0xFF, 0x80, 0x00, 0x0F, 0xFF, 0xFF, 0x80, 0x00, 0x00, 0xFF, 0xFF, 0x80, 0x00, 0x00, 
  0x03, 0xFC, 0x00, 0x00, 0x38, 0x00, 0x00, 0x38, 0x00, 0x1E, 0x00, 0x00, 0x0E, 0x00, 0x07, 0x80, 
  0x00, 0x03, 0xC0, 0x01, 0xE0, 0x00, 0x01, 0xF0, 0x00, 0xFE, 0x00, 0x00, 0x7F, 0x00, 0x3F, 0xFF, 
  0x00, 0x1F, 0xFF, 0x0F, 0xFF, 0xE0, 0x07, 0xFF, 0xF3, 0xFF, 0xFC, 0x01, 0xFF, 0xFE, 0xFF, 0xFF, 
  0x80, 0x7F, 0xFF, 0xBF, 0xFF, 0xE0, 0x3F, 0xFF, 0xFF, 0xFF, 0xF8, 0x0F, 0xFF, 0xFF, 0xFF, 0xFE, 
  0x03, 0xFF, 0xFF, 0xFF, 0xFF, 0x80, 0x7F, 0xFF, 0xBF, 0xFF, 0xE0, 0x1F, 0xFF, 0xEF, 0xFF, 0xF8, 
  0x07, 0xFF, 0xFB, 0xFF, 0xFE, 0x01, 0xFF, 0xFE, 0x7F, 0xFF, 0x80, 0x3F, 0xFF, 0x87, 0xFF, 0xC0, 
  0x07, 0xFF, 0xE0, 0x1F, 0xF0, 0x00, 0x07, 0xF8, 0x0F, 0x80, 0x00, 0x00, 0x7C, 0x03, 0xE0, 0x00, 
  0x00, 0x1F, 0x00, 0xF8, 0x00, 0x00, 0x0F, 0xC0, 0x3E, 0x00, 0x00, 0x03, 0xF0, 0x0F, 0x80, 0x00, 
  0x00, 0xF8, 0x03, 0xF0, 0x00, 0x00, 0x7E, 0x00, 0x7C, 0x00, 0x00, 0x3F, 0x80, 0x1F, 0x00, 0x00, 
  0x0F, 0xC0, 0x07, 0xE0, 0x00, 0x07, 0xF0, 0x01, 0xF8, 0x00, 0x01, 0xFC, 0x00, 0x7F, 0x00, 0x00, 
  0xFE, 0x00, 0x0F, 0xE0, 0x00, 0x7F, 0x80, 0x03, 0xF8, 0x00, 0x3F, 0xC0, 0x00, 0xFF, 0x00, 0x1F, 
  0xF0, 0x00, 0x1F, 0xC0, 0x0F, 0xF8, 0x00, 0x07, 0xF8, 0x07, 0xFC, 0x00, 0x00, 0xFE, 0x03, 0xFF, 
  0x00, 0x00, 0x3F, 0xC1, 0xFF, 0x80, 0x00, 0x07, 0xF8, 0xFF, 0xE0, 0x00, 0x01, 0xFE, 0xFF, 0xF0, 
  0x00, 0x00, 0x3F, 0xFF, 0xF8, 0x00, 0x00, 0x0F, 0xFF, 0xFC, 0x00, 0x00, 0x01, 0xFF, 0xFF, 0x00, 
  0x00, 0x00, 0xFF, 0xFF, 0x80, 0x00, 0x00, 0xFF, 0xFF, 0xC0, 0x00, 0x00, 0xFF, 0xFF, 0xE0, 0x00, 
  0x01, 0xFF, 0xFF, 0xF0, 0x00, 0x01, 0xFF, 0xFF, 0xF8, 0x00, 0x01, 0xFF, 0xFF, 0xFC, 0x00, 0x00, 
  0xFF, 0xFF, 0xFE, 0x00, 0x00, 0x3F, 0xFF, 0xFF, 0x00, 0x00, 0x0F, 0xFF, 0xFF, 0x80, 0x00, 0x03, 
  0xFF, 0xFF, 0x80, 0x00, 0x00, 0xFF, 0xFF, 0xC0, 0x00, 0x00, 0x3F, 0xFF, 0xC0, 0x00, 0x00, 0x0F, 
  0xFF, 0xE0, 0x00, 0x00, 0x03, 0xFF, 0xE0, 0x00, 0x00, 0x00, 0xFF, 0xE0, 0x00, 0x00, 0x00, 0x3F, 
  0xF0, 0x00, 0x00, 0x00, 0x0F, 0xF0, 0x00, 0x00, 0x00, 0x03, 0xF0, 0x00, 0x00, 0x00, 0x00, 0xF0, 
  0x00, 0x00, 0x00, 0x00, 0x38, 0x00, 0x00, 0x00, 0x00, 0x00, 0x38, 0x00, 0x00, 0x00, 0x00, 0x0E, 
  0x00, 0x00, 0x00, 0x00, 0x07, 0x80, 0x00, 0x00, 0x00, 0x01, 0xF0, 0x00, 0x00, 0x00, 0x00, 0x7F, 
  0x00, 0x00, 0x00, 0x00, 0x1F, 0xFF, 0xFF, 0xFF, 0xF0, 0x07, 0xFF, 0xFF, 0xFF, 0xFF, 0x01, 0xFF, 
  0xFF, 0xFF, 0xFF, 0xE0, 0xFF, 0xFF, 0xFF, 0xFF, 0xFC, 0x3F, 0xFF, 0xFF, 0xFF, 0xFF, 0x8F, 0xFF, 
  0xFF, 0xFF, 0xFF, 0xE3, 0xFF, 0xFF, 0xFF, 0xFF, 0xFC, 0xFF, 0xFF, 0xFF, 0xFF, 0xFF, 0x1F, 0xFF, 
  0xFF, 0xFF, 0xFF, 0xC7, 0xFF, 0xFF, 0xFF, 0xFF, 0xF1, 0xFF, 0xFF, 0xFF, 0xFF, 0xFC, 0x3F, 0xFF, 
  0xFF, 0xFF, 0xFF, 0x87, 0xFF, 0xFF, 0xFF, 0xFF, 0xE0, 0x1F, 0x00, 0x00, 0x3F, 0xF8, 0x07, 0x80, 
  0x00, 0x00, 0xFE, 0x03, 0xE0, 0x00, 0x00, 0x1F, 0x80, 0xF0, 0x00, 0x00, 0x07, 0xE0, 0x7C, 0x00, 
  0x00, 0x01, 0xF8, 0x1E, 0x00, 0x00, 0x00, 0x7E, 0x0F, 0x80, 0x00, 0x00, 0x1F, 0x83, 0xE0, 0x00, 
  0x00, 0x07, 0xE0, 0xF8, 0x00, 0x00, 0x01, 0xF8, 0x3E, 0x00, 0x00, 0x00, 0x7E, 0x1F, 0xBF, 0x80, 
  0x00, 0x1F, 0x87, 0xFF, 0xF0, 0x00, 0x07, 0xE1, 0xFF, 0xFE, 0x00, 0x01, 0xF8, 0x7F, 0xFF, 0x80, 
  0x00, 0x7E, 0x1F, 0xFF, 0xE0, 0x00, 0x1F, 0x87, 0xFF, 0xF8, 0x00, 0x07, 0xE3, 0xFF, 0xFE, 0x00, 
  0x01, 0xF8, 0xFC, 0x0F, 0x00, 0x00, 0x7E, 0x3C, 0x00, 0xC0, 0x00, 0x1F, 0x80, 0x00, 0x10, 0x00, 
  0x07, 0xE0, 0x00, 0x00, 0x00, 0x01, 0xF8, 0x00, 0x00, 0x00, 0x00, 0x7E, 0x00, 0x00, 0x00, 0x00, 
  0x1F, 0x80, 0x00, 0x00, 0x00, 0x07, 0xE0, 0x00, 0x00, 0x00, 0x01, 0xF8, 0x00, 0x00, 0x00, 0x00, 
  0x7E, 0x00, 0x00, 0x00, 0x00, 0x1F, 0x80, 0x00, 0x00, 0x00, 0x07, 0xE0, 0x00, 0x00, 0x00, 0x01, 
  0xF8, 0x00, 0x00, 0x00, 0x00, 0x7E, 0x00, 0x00, 0x00, 0x00, 0x1F, 0x80, 0x00, 0x00, 0x00, 0x07, 
  0xE0, 0x00, 0x00, 0x00, 0x01, 0xF8, 0x00, 0x00, 0x00, 0x00, 0x7E, 0x00, 0x00, 0x00, 0x00, 0x1F, 
  0x80, 0x00, 0x00, 0x00, 0x07, 0xE0, 0x00, 0x00, 0x00, 0x01, 0xF8, 0x00, 0x00, 0x00, 0x00, 0x7E, 
  0x00, 0x00, 0x00, 0x00, 0x1F, 0x80, 0x00, 0x00, 0x00, 0x07, 0xE0, 0x00, 0x00, 0x00, 0x01, 0xF8, 
  0x00, 0x00, 0x00, 0x00, 0x7E, 0x00, 0x00, 0x00, 0x00, 0x1F, 0x80, 0x00, 0x00, 0x00, 0x07, 0xE0, 
  0x00, 0x00, 0x00, 0x01, 0xF8, 0x00, 0x00, 0x00, 0x00, 0x7E, 0x00, 0x00, 0x00, 0x00, 0x1F, 0x80, 
  0x00, 0x00, 0x00, 0x07, 0xE0, 0x00, 0x00, 0x00, 0x01, 0xF8, 0x00, 0x00, 0x00, 0x00, 0x7F, 0x00, 
  0x00, 0x00, 0x00, 0x1F, 0xC0, 0x00, 0x00, 0x00, 0x07, 0xF0, 0x00, 0x00, 0x00, 0x01, 0xFC, 0x00, 
  0x00, 0x00, 0x00, 0x7F, 0x00, 0x00, 0x00, 0x00, 0x1F, 0x80, 0x00, 0x00, 0x00, 0x07, 0xC0, 0x00, 
  0x00, 0x00, 0x01, 0xE0, 0x1C, 0x00, 0x00, 0x00, 0x00, 0x07, 0x00, 0x00, 0x00, 0x00, 0x01, 0xE0, 
  0x00, 0x00, 0x00, 0x00, 0x78, 0x00, 0x00, 0x00, 0x00, 0x3F, 0x80, 0x00, 0x00, 0x00, 0x0F, 0xFF, 
  0xFF, 0xFF, 0xF0, 0x03, 0xFF, 0xFF, 0xFF, 0xFF, 0x00, 0xFF, 0xFF, 0xFF, 0xFF, 0xE0, 0x3F, 0xFF, 
  0xFF, 0xFF, 0xFC, 0x0F, 0xFF, 0xFF, 0xFF, 0xFF, 0x83, 0xFF, 0xFF, 0xFF, 0xFF, 0xF0, 0xFF, 0xFF, 
  0xFF, 0xFF, 0xFC, 0x3F, 0xFF, 0xFF, 0xFF, 0xFF, 0x8F, 0xFF, 0xFF, 0xFF, 0xFF, 0xE3, 0xFF, 0xFF, 
  0xFF, 0xFF, 0xF8, 0x7F, 0xFF, 0xFF, 0xFF, 0xFF, 0x1F, 0xFF, 0xFF, 0xFF, 0xFF, 0xC3, 0xFF, 0xFF, 
  0xFF, 0xFF, 0xF0, 0x07, 0x80, 0x00, 0x3F, 0xFC, 0x03, 0xC0, 0x00, 0x00, 0xFF, 0x01, 0xF0, 0x00, 
  0x00, 0x1F, 0xC0, 0x78, 0x00, 0x00, 0x03, 0xF0, 0x3E, 0x00, 0x00, 0x00, 0xFC, 0x0F, 0x00, 0x00, 
  0x00, 0x3F, 0x07, 0xC0, 0x00, 0x00, 0x07, 0xC1, 0xF7, 0xF0, 0x00, 0x01, 0xF0, 0x7F, 0xFE, 0x00, 
  0x00, 0x7C, 0x3F, 0xFF, 0xC0, 0x00, 0x1F, 0x0F, 0xFF, 0xF0, 0x00, 0x07, 0xC3, 0xFF, 0xFC, 0x00, 
  0x01, 0xF0, 0xFF, 0xFF, 0x00, 0x00, 0x7C, 0x3F, 0xFF, 0xC0, 0x00, 0x1F, 0x0F, 0xC1, 0xF0, 0x00, 
  0x07, 0xC3, 0x80, 0x18, 0x00, 0x01, 0xF0, 0x00, 0x02, 0x00, 0x00, 0x7C, 0x00, 0x00, 0x00, 0x00, 
  0x1F, 0x00, 0x00, 0x00, 0x00, 0x0F, 0xC0, 0x00, 0x00, 0x00, 0x03, 0xF0, 0x00, 0x00, 0x00, 0x01, 
  0xFC, 0x00, 0x00, 0x00, 0x00, 0xFF, 0x00, 0x00, 0x00, 0x00, 0xFF, 0xC3, 0xFF, 0xFF, 0xFF, 0xFF, 
  0xF1, 0xFF, 0xFF, 0xFF, 0xFF, 0xFC, 0x7F, 0xFF, 0xFF, 0xFF, 0xFE, 0x1F, 0xFF, 0xFF, 0xFF, 0xFF, 
  0x87, 0xFF, 0xFF, 0xFF, 0xFF, 0xE3, 0xFF, 0xFF, 0xFF, 0xFF, 0xF8, 0xFF, 0xFF, 0xFF, 0xFF, 0xFC, 
  0x3F, 0xFF, 0xFF, 0xFF, 0xFF, 0x0F, 0xFF, 0xFF, 0xFF, 0xFF, 0x87, 0xFF, 0xFF, 0xFF, 0xFF, 0xE1, 
  0xFF, 0xFF, 0xFF, 0xFF, 0xF0, 0x7F, 0xFF, 0xFF, 0xFF, 0xF8, 0x1F, 0xFF, 0xFF, 0xFF, 0xF8, 0x0F, 
  0xFF, 0xFF, 0xFF, 0xF8, 0x00, 0x38, 0x00, 0x00, 0x70, 0x00, 0x38, 0x00, 0x00, 0x70, 0x00, 0x3C, 
  0x00, 0x00, 0xF0, 0x00, 0x7C, 0x00, 0x00, 0xF8, 0x00, 0x7F, 0x00, 0x00, 0xFE, 0x00, 0x7F, 0xFC, 
  0x00, 0xFF, 0xF8, 0x7F, 0xFF, 0x01, 0xFF, 0xFC, 0x7F, 0xFF, 0x01, 0xFF, 0xFE, 0xFF, 0xFF, 0x81, 
  0xFF, 0xFF, 0xFF, 0xFF, 0x81, 0xFF, 0xFF, 0xFF, 0xFF, 0x81, 0xFF, 0xFF, 0xFF, 0xFF, 0x81, 0xFF, 
  0xFF, 0xFF, 0xFF, 0x81, 0xFF, 0xFF, 0x7F, 0xFF, 0x81, 0xFF, 0xFF, 0x7F, 0xFF, 0x81, 0xFF, 0xFF, 
  0x7F, 0xFF, 0x80, 0xFF, 0xFF, 0x3F, 0xFF, 0x80, 0xFF, 0xFE, 0x1F, 0xFF, 0x80, 0x3F, 0xFE, 0x00, 
  0xFF, 0x00, 0x07, 0xFE, 0x01, 0xF0, 0x00, 0x0F, 0xC0, 0x01, 0xE0, 0x00, 0x1F, 0x80, 0x01, 0xE0, 
  0x00, 0x3F, 0x00, 0x03, 0xE0, 0x00, 0x7E, 0x00, 0x03, 0xE0, 0x00, 0xFC, 0x00, 0x03, 0xE0, 0x01, 
  0xF8, 0x00, 0x03, 0xE0, 0x03, 0xF0, 0x00, 0x03, 0xE0, 0x07, 0xE0, 0x00, 0x03, 0xE0, 0x0F, 0xC0, 
  0x00, 0x03, 0xE0, 0x1F, 0x80, 0x00, 0x03, 0xE0, 0x3F, 0x00, 0x00, 0x03, 0xE0, 0x7E, 0x00, 0x00, 
  0x03, 0xE0, 0xFE, 0x00, 0x00, 0x03, 0xE1, 0xFC, 0x00, 0x00, 0x03, 0xE3, 0xF8, 0x00, 0x00, 0x03, 
  0xE3, 0xF0, 0x00, 0x00, 0x03, 0xE7, 0xE0, 0x00, 0x00, 0x03, 0xEF, 0xE0, 0x00, 0x00, 0x03, 0xEF, 
  0xC0, 0x00, 0x00, 0x03, 0xFF, 0x80, 0x00, 0x00, 0x03, 0xFF, 0x80, 0x00, 0x00, 0x03, 0xFF, 0x00, 
  0x00, 0x00, 0x03, 0xFE, 0x00, 0x00, 0x00, 0x03, 0xFE, 0x00, 0x00, 0x00, 0x03, 0xFC, 0x00, 0x00, 
  0x00, 0x03, 0xFC, 0x00, 0x00, 0x00, 0x03, 0xFC, 0x00, 0x00, 0x00, 0x03, 0xF8, 0x00, 0x00, 0x00, 
  0x03, 0xF8, 0x00, 0x00, 0x00, 0x03, 0xF0, 0x00, 0x00, 0x00, 0x03, 0xF0, 0x00, 0x00, 0x00, 0x03, 
  0xF0, 0x00, 0x00, 0x00, 0x03, 0xF0, 0x00, 0x00, 0x00, 0x03, 0xF0, 0x00, 0x00, 0x00, 0x03, 0xE0, 
  0x00, 0x00, 0x00, 0x03, 0xE0, 0x00, 0x00, 0x00, 0x03, 0xE0, 0x00, 0x00, 0x00, 0x03, 0xE0, 0x00, 
  0x00, 0x00, 0x03, 0xE0, 0x00, 0x00, 0x00, 0x03, 0xF0, 0x00, 0x00, 0x00, 0x03, 0xF0, 0x00, 0x00, 
  0x00, 0x03, 0xF0, 0x00, 0x00, 0x00, 0x03, 0xF0, 0x00, 0x00, 0x00, 0x03, 0xF0, 0x00, 0x00, 0x00, 
  0x03, 0xF0, 0x00, 0x00, 0x00, 0x03, 0xF0, 0x00, 0x00, 0x00, 0x03, 0xF0, 0x00, 0x00, 0x00, 0x03, 
  0xF0, 0x00, 0x00, 0x00, 0x03, 0xF0, 0x00, 0x00, 0x00, 0x03, 0xF0, 0x00, 0x00, 0x00, 0x03, 0xF0, 
  0x00, 0x00, 0x00, 0x03, 0xF0, 0x00, 0x00, 0x00, 0x03, 0xF0, 0x00, 0x00, 0x00, 0x03, 0xF0, 0x00, 
  0x00, 0x00, 0x03, 0xE0, 0x00, 0x00, 0x00, 0x03, 0x80, 0x00, 0x00, 0x00, 0x1C, 0x00, 0x00, 0x1C, 
  0x00, 0x07, 0x00, 0x00, 0x07, 0x00, 0x03, 0xC0, 0x00, 0x01, 0xC0, 0x00, 0xF8, 0x00, 0x00, 0xF8, 
  0x00, 0x3F, 0x80, 0x00, 0x3F, 0x80, 0x0F, 0xFF, 0xC0, 0x0F, 0xFF, 0x83, 0xFF, 0xF8, 0x03, 0xFF, 
  0xF8, 0xFF, 0xFE, 0x00, 0xFF, 0xFE, 0x7F, 0xFF, 0x80, 0x7F, 0xFF, 0xDF, 0xFF, 0xE0, 0x1F, 0xFF, 
  0xF7, 0xFF, 0xFC, 0x07, 0xFF, 0xFD, 0xFF, 0xFF, 0x01, 0xFF, 0xFF, 0x7F, 0xFF, 0xC0, 0x7F, 0xFF, 
  0xCF, 0xFF, 0xF0, 0x1F, 0xFF, 0xF3, 0xFF, 0xFC, 0x03, 0xFF, 0xFC, 0xFF, 0xFF, 0x00, 0xFF, 0xFF, 
  0x1F, 0xFF, 0xC0, 0x1F, 0xFF, 0xC3, 0xFF, 0xF0, 0x03, 0xFF, 0xF0, 0x00, 0xFC, 0x00, 0x0F, 0xF8, 
  0x00, 0x3F, 0x00, 0x07, 0xC0, 0x00, 0x07, 0xC0, 0x03, 0xE0, 0x00, 0x01, 0xF0, 0x00, 0xF8, 0x00, 
  0x00, 0x7C, 0x00, 0x7C, 0x00, 0x00, 0x1F, 0x80, 0x1E, 0x00, 0x00, 0x07, 0xF0, 0x0F, 0x80, 0x00, 
  0x01, 0xFE, 0x03, 0xE0, 0x00, 0x00, 0x7F, 0xE1, 0xF0, 0x00, 0x00, 0x1F, 0xFC, 0x7C, 0x00, 0x00, 
  0x03, 0xFF, 0xDF, 0x00, 0x00, 0x00, 0x7F, 0xFF, 0x80, 0x00, 0x00, 0x0F, 0xFF, 0xE0, 0x00, 0x00, 
  0x01, 0xFF, 0xF8, 0x00, 0x00, 0x00, 0x3F, 0xFF, 0x00, 0x00, 0x00, 0x03, 0xFF, 0xE0, 0x00, 0x00, 
  0x00, 0x7F, 0xFC, 0x00, 0x00, 0x00, 0x07, 0xFF, 0xC0, 0x00, 0x00, 0x00, 0xFF, 0xF8, 0x00, 0x00, 
  0x00, 0x0F, 0xFE, 0x00, 0x00, 0x00, 0x01, 0xFF, 0xC0, 0x00, 0x00, 0x00, 0x7F, 0xF0, 0x00, 0x00, 
  0x00, 0x1F, 0xFC, 0x0F, 0xFF, 0xFF, 0xFF, 0xFF, 0x83, 0xFF, 0xFF, 0xFF, 0xFF, 0xE0, 0xFF, 0xFF, 
  0xFF, 0xFF, 0xF8, 0x3F, 0xFF, 0xFF, 0xFF, 0xFE, 0x1F, 0xFF, 0xFF, 0xFF, 0xFF, 0x07, 0xFF, 0xFF, 
  0xFF, 0xFF, 0xC1, 0xFF, 0xFF, 0xFF, 0xFF, 0xF0, 0x7F, 0xFF, 0xFF, 0xFF, 0xFC, 0x1F, 0xFF, 0xFF, 
  0xFF, 0xFE, 0x0F, 0xFF, 0xFF, 0xFF, 0xFF, 0x83, 0xFF, 0xFF, 0xFF, 0xFF, 0xC0, 0xFF, 0xFF, 0xFF, 
  0xFF, 0xF0, 0x3F, 0xFF, 0xFF, 0xFF, 0xFC, 0x0F, 0xFF, 0xFF, 0xFF, 0xFE, 0x00, 0x38, 0x00, 0x00, 
  0x00, 0x00, 0x38, 0x00, 0x00, 0x00, 0x00, 0x38, 0x00, 0x00, 0x00, 0x00, 0x7C, 0x00, 0x00, 0x00, 
  0x00, 0x7F, 0x00, 0x00, 0x00, 0x00, 0x7F, 0xFF, 0xFF, 0xFF, 0xF0, 0x7F, 0xFF, 0xFF, 0xFF, 0xF8, 
  0x7F, 0xFF, 0xFF, 0xFF, 0xFC, 0x7F, 0xFF, 0xFF, 0xFF, 0xFE, 0xFF, 0xFF, 0xFF, 0xFF, 0xFE, 0xFF, 
  0xFF, 0xFF, 0xFF, 0xFF, 0xFF, 0xFF, 0xFF, 0xFF, 0xFF, 0x7F, 0xFF, 0xFF, 0xFF, 0xFF, 0x7F, 0xFF, 
  0xFF, 0xFF, 0xFF, 0x7F, 0xFF, 0xFF, 0xFF, 0xFF, 0x7F, 0xFF, 0xFF, 0xFF, 0xFF, 0x3F, 0xFF, 0xFF, 
  0xFF, 0xFF, 0x1F, 0xFF, 0xFF, 0xFF, 0xFF, 0x00, 0x00, 0x00, 0x00, 0xFF, 0x00, 0x00, 0x00, 0x00, 
  0x3F, 0x00, 0x00, 0x00, 0x00, 0x1F, 0x00, 0x00, 0x00, 0x00, 0x1F, 0x00, 0x00, 0x00, 0x00, 0x1F, 
  0x00, 0x00, 0x00, 0x00, 0x1F, 0x00, 0x00, 0x00, 0x00, 0x1F, 0x00, 0x00, 0x00, 0x00, 0x1F, 0x0C, 
  0x00, 0x00, 0x00, 0x1F, 0x1E, 0x00, 0x00, 0x00, 0x1F, 0x3E, 0x00, 0x00, 0x00, 0x1F, 0x3E, 0x00, 
  0x00, 0x00, 0x1F, 0x3E, 0x00, 0x00, 0x00, 0x1F, 0x3E, 0x00, 0x00, 0x00, 0x3F, 0x7E, 0x00, 0x00, 
  0x00, 0x3F, 0x7E, 0x00, 0x00, 0x00, 0xFE, 0x7E, 0x00, 0x00, 0x01, 0xFE, 0x7E, 0x00, 0x00, 0x03, 
  0xFC, 0x7E, 0x00, 0x00, 0x0F, 0xF8, 0x7E, 0x00, 0x00, 0x1F, 0xF0, 0x7E, 0x00, 0x00, 0x7F, 0xC0, 
  0x7E, 0x00, 0x00, 0xFF, 0x80, 0x7E, 0x00, 0x03, 0xFE, 0x00, 0x7E, 0x00, 0x07, 0xFC, 0x00, 0x7E, 
  0x00, 0x0F, 0xF0, 0x00, 0x7E, 0x00, 0x1F, 0xE0, 0x00, 0x7E, 0x00, 0x3F, 0xC0, 0x00, 0x7E, 0x00, 
  0x3F, 0x80, 0x00, 0x7E, 0x00, 0x3F, 0x00, 0x00, 0x7E, 0x00, 0x3F, 0x00, 0x00, 0x7E, 0x00, 0x3F, 
  0x00, 0x00, 0x7E, 0x00, 0x3F, 0x00, 0x00, 0x7E, 0x00, 0x3F, 0x00, 0x00, 0x7E, 0x00, 0x3F, 0x00, 
  0x00, 0x7E, 0x00, 0x3F, 0x00, 0x00, 0x7E, 0x00, 0x3F, 0x00, 0x00, 0x7E, 0x00, 0x3F, 0x00, 0x00, 
  0x7E, 0x00, 0x0C, 0x00, 0x00, 0x7E, 0x00, 0x00, 0x00, 0x00, 0x7E, 0x00, 0x00, 0x00, 0x00, 0x7E, 
  0x00, 0x00, 0x00, 0x00, 0x7E, 0x00, 0x00, 0x00, 0x00, 0x7E, 0x00, 0x00, 0x00, 0x00, 0x7E, 0x00, 
  0x00, 0x00, 0x00, 0x7F, 0x00, 0x00, 0x00, 0x00, 0x7F, 0x00, 0x00, 0x00, 0x00, 0x7F, 0x00, 0x00, 
  0x00, 0x00, 0x7F, 0x00, 0x00, 0x00, 0x00, 0x7F, 0x00, 0x00, 0x00, 0x00, 0x7F, 0x00, 0x00, 0x00, 
  0x00, 0x7F, 0x00, 0x00, 0x00, 0x00, 0x7F, 0x00, 0x00, 0x00, 0x00, 0x7F, 0x00, 0x00, 0x00, 0x00, 
  0x7F, 0x00, 0x00, 0x00, 0x00, 0x7E, 0x00, 0x00, 0x00, 0x00, 0x7C, 0x00, 0x00, 0x00, 0x00, 0x78, 
  0x00, 0x00, 0x00, 0x00, 0x70, 0x00, 0x00, 0x00, 0x03, 0x80, 0x00, 0x00, 0x00, 0x1E, 0x00, 0x00, 
  0x00, 0x00, 0xF0, 0x00, 0x00, 0x00, 0x0F, 0xE0, 0x00, 0x00, 0x00, 0x7F, 0xFF, 0xFF, 0xF8, 0x03, 
  0xFF, 0xFF, 0xFF, 0xF0, 0x1F, 0xFF, 0xFF, 0xFF, 0xE0, 0xFF, 0xFF, 0xFF, 0xFF, 0x87, 0xFF, 0xFF, 
  0xFF, 0xFC, 0x3F, 0xFF, 0xFF, 0xFF, 0xF1, 0xFF, 0xFF, 0xFF, 0xFF, 0x8F, 0xFF, 0xFF, 0xFF, 0xFE, 
  0x7F, 0xFF, 0xFF, 0xFF, 0xF3, 0xFF, 0xFF, 0xFF, 0xFF, 0x8F, 0xFF, 0xFF, 0xFF, 0xFC, 0x7F, 0xFF, 
  0xFF, 0xFF, 0xE1, 0xFF, 0xFF, 0xFF, 0xFF, 0x00, 0x00, 0x00, 0x0F, 0xFC, 0x00, 0x00, 0x00, 0x0F, 
  0xE0, 0x00, 0x00, 0x00, 0x3F, 0x00, 0x00, 0x00, 0x01, 0xF8, 0x00, 0x00, 0x00, 0x0F, 0xC0, 0x00, 
  0x00, 0x00, 0x7E, 0x00, 0x00, 0x00, 0x03, 0xF0, 0x00, 0x00, 0x00, 0x1F, 0x80, 0x00, 0x00, 0x00, 
  0xFC, 0x00, 0x00, 0x00, 0x07, 0xE0, 0x00, 0x00, 0x00, 0x3F, 0x00, 0x00, 0x00, 0x01, 0xF8, 0x00, 
  0x00, 0x00, 0x0F, 0xC0, 0x00, 0x00, 0x00, 0x7E, 0x00, 0x00, 0x00, 0x03, 0xF0, 0x00, 0x00, 0x00, 
  0x1F, 0x80, 0x00, 0x00, 0x00, 0xFC, 0x00, 0x00, 0x00, 0x07, 0xE0, 0x00, 0x00, 0x00, 0x3F, 0x00, 
  0x00, 0x00, 0x01, 0xF8, 0x00, 0x00, 0x00, 0x0F, 0xC0, 0x00, 0x00, 0x00, 0x7E, 0x00, 0x00, 0x00, 
  0x03, 0xF0, 0x00, 0x00, 0x00, 0x1F, 0x80, 0x00, 0x00, 0x00, 0xFC, 0x00, 0x00, 0x00, 0x07, 0xE0, 
  0x00, 0x00, 0x00, 0x3F, 0x00, 0x00, 0x00, 0x01, 0xF8, 0x00, 0x00, 0x00, 0x0F, 0xE0, 0x00, 0x00, 
  0x00, 0x7F, 0x00, 0x00, 0x00, 0x03, 0xF8, 0x00, 0x00, 0x00, 0x1F, 0xC0, 0x00, 0x00, 0x00, 0xFE, 
  0x00, 0x00, 0x00, 0x07, 0xF0, 0x00, 0x00, 0x00, 0x3F, 0x80, 0x00, 0x00, 0x01, 0xF8, 0x00, 0x00, 
  0x00, 0x0F, 0x00, 0x00, 0x00, 0x00, 0x60, 0x38, 0x00, 0x01, 0xC0, 0x00, 0x0E, 0x00, 0x0E, 0x00, 
  0x00, 0x70, 0x00, 0x07, 0x80, 0x03, 0xC0, 0x00, 0x1E, 0x00, 0x01, 0xE0, 0x01, 0xF0, 0x00, 0x0F, 
  0x80, 0x00, 0x7C, 0x00, 0x7F, 0x00, 0x03, 0xF8, 0x00, 0x1F, 0xC0, 0x1F, 0xFF, 0x00, 0xFF, 0xF8, 
  0x0F, 0xFF, 0x87, 0xFF, 0xF0, 0x3F, 0xFF, 0x83, 0xFF, 0xF9, 0xFF, 0xFC, 0x0F, 0xFF, 0xE0, 0xFF, 
  0xFE, 0xFF, 0xFF, 0x87, 0xFF, 0xFC, 0x3F, 0xFF, 0xFF, 0xFF, 0xE1, 0xFF, 0xFF, 0x0F, 0xFF, 0xFF, 
  0xFF, 0xF8, 0x7F, 0xFF, 0xC3, 0xFF, 0xFF, 0xFF, 0xFE, 0x1F, 0xFF, 0xF0, 0xFF, 0xFF, 0xFF, 0xFF, 
  0x87, 0xFF, 0xFC, 0x3F, 0xFF, 0xFF, 0xFF, 0xE0, 0xFF, 0xFF, 0x0F, 0xFF, 0xF7, 0xFF, 0xF8, 0x3F, 
  0xFF, 0xC3, 0xFF, 0xFD, 0xFF, 0xFE, 0x0F, 0xFF, 0xF0, 0x7F, 0xFE, 0x3F, 0xFF, 0x01, 0xFF, 0xF8, 
  0x1F, 0xFF, 0x83, 0xFF, 0xC0, 0x3F, 0xFE, 0x03, 0xFF, 0xE0, 0x3F, 0xF0, 0x01, 0xFF, 0x80, 0x03, 
  0xF8, 0x0F, 0x80, 0x00, 0x7E, 0x00, 0x00, 0x3E, 0x07, 0xC0, 0x00, 0x1F, 0x00, 0x00, 0x0F, 0x01, 
  0xF0, 0x00, 0x07, 0xC0, 0x00, 0x03, 0xC0, 0x7C, 0x00, 0x01, 0xF0, 0x00, 0x01, 0xF0, 0x1F, 0x00, 
  0x00, 0x7C, 0x00, 0x00, 0x7C, 0x0F, 0xC0, 0x00, 0x3F, 0x00, 0x00, 0x1F, 0x03, 0xE0, 0x00, 0x0F, 
  0x80, 0x00, 0x07, 0xC0, 0xF8, 0x00, 0x03, 0xE0, 0x00, 0x03, 0xE0, 0x3E, 0x00, 0x00, 0xF8, 0x00, 
  0x00, 0xF8, 0x0F, 0x80, 0x00, 0x3E, 0x00, 0x00, 0x3E, 0x03, 0xE0, 0x00, 0x1F, 0x80, 0x00, 0x1F, 
  0x80, 0xF8, 0x00, 0x07, 0xC0, 0x00, 0x07, 0xC0, 0x3E, 0x00, 0x01, 0xF0, 0x00, 0x03, 0xF0, 0x0F, 
  0x80, 0x00, 0x7C, 0x00, 0x00, 0xFC, 0x03, 0xE0, 0x00, 0x1F, 0x00, 0x00, 0x7F, 0x00, 0xFC, 0x00, 
  0x0F, 0xC0, 0x00, 0x1F, 0x80, 0x3F, 0x00, 0x03, 0xF0, 0x00, 0x0F, 0xE0, 0x0F, 0xC0, 0x00, 0xF8, 
  0x00, 0x07, 0xF8, 0x03, 0xF0, 0x00, 0x3E, 0x00, 0x01, 0xFC, 0x00, 0xFC, 0x00, 0x0F, 0x80, 0x00, 
  0xFF, 0x00, 0x3F, 0x80, 0x03, 0xE0, 0x00, 0xFF, 0xC0, 0x07, 0xE0, 0x01, 0xF8, 0x00, 0xFF, 0xE0, 
  0x01, 0xFF, 0xFF, 0xFF, 0xFF, 0xFF, 0xF8, 0x00, 0x7F, 0xFF, 0xFF, 0xFF, 0xFF, 0xFC, 0x00, 0x1F, 
  0xFF, 0xFF, 0xFF, 0xFF, 0xFF, 0x00, 0x07, 0xFF, 0xFF, 0xFF, 0xFF, 0xFF, 0xC0, 0x01, 0xFF, 0xFF, 
  0xFF, 0xFF, 0xFF, 0xE0, 0x00, 0x7F, 0xFF, 0xFF, 0xFF, 0xFF, 0xF0, 0x00, 0x0F, 0xFF, 0xFF, 0xFF, 
  0xFF, 0xFC, 0x00, 0x03, 0xFF, 0xFF, 0xFF, 0xFF, 0xFE, 0x00, 0x00, 0xFF, 0xFF, 0xFF, 0xFF, 0xFF, 
  0x00, 0x00, 0x3F, 0xFF, 0xFF, 0xFF, 0xFF, 0x80, 0x00, 0x0F, 0xFF, 0xFF, 0xFF, 0xFF, 0xC0, 0x00, 
  0x01, 0xFF, 0xFF, 0xFF, 0xFF, 0xE0, 0x00, 0x00, 0x7F, 0xFF, 0xFF, 0xFF, 0xF0, 0x00, 0x00, 0x1F, 
  0xFF, 0xFF, 0xFF, 0xF0, 0x00, 0x00, 0x03, 0x80, 0x00, 0x00, 0x00, 0x00, 0x07, 0x00, 0x00, 0x00, 
  0x00, 0x00, 0x0E, 0x00, 0x00, 0x00, 0x00, 0x00, 0x3E, 0x00, 0x00, 0x00, 0x00, 0x00, 0x7F, 0x00, 
  0x00, 0x00, 0x00, 0x00, 0xFF, 0xFF, 0xFF, 0xFF, 0x80, 0x01, 0xFF, 0xFF, 0xFF, 0xFF, 0xC0, 0x03, 
  0xFF, 0xFF, 0xFF, 0xFF, 0xC0, 0x07, 0xFF, 0xFF, 0xFF, 0xFF, 0xC0, 0x1F, 0xFF, 0xFF, 0xFF, 0xFF, 
  0xC0, 0x3F, 0xFF, 0xFF, 0xFF, 0xFF, 0xC0, 0x7F, 0xFF, 0xFF, 0xFF, 0xFF, 0x80, 0x7F, 0xFF, 0xFF, 
  0xFF, 0xFF, 0x00, 0xFF, 0xFF, 0xFF, 0xFF, 0xFF, 0x01, 0xFF, 0xFF, 0xFF, 0xFF, 0xFE, 0x03, 0xFF, 
  0xFF, 0xFF, 0xFF, 0xFC, 0x03, 0xFF, 0xFF, 0xFF, 0xFF, 0xF8, 0x03, 0xFF, 0xFF, 0xFF, 0xFF, 0xF0, 
  0x00, 0x3C, 0x00, 0x00, 0x7F, 0xE0, 0x00, 0x78, 0x00, 0x00, 0x0F, 0xC0, 0x01, 0xF0, 0x00, 0x00, 
  0x1F, 0x80, 0x03, 0xC0, 0x00, 0x00, 0x1F, 0x00, 0x07, 0x80, 0x00, 0x00, 0x3E, 0x00, 0x1F, 0x00, 
  0x00, 0x00, 0x7C, 0x00, 0x3E, 0x00, 0x00, 0x00, 0xFC, 0x00, 0x7C, 0x00, 0x00, 0x01, 0xF8, 0x00, 
  0xF0, 0x00, 0x00, 0x03, 0xF0, 0x03, 0xE0, 0x00, 0x00, 0x07, 0xE0, 0x07, 0xC0, 0x00, 0x00, 0x0F, 
  0xC0, 0x0F, 0x80, 0x00, 0x00, 0x1F, 0x80, 0x1F, 0x00, 0x00, 0x00, 0x3F, 0x00, 0x3E, 0x00, 0x00, 
  0x00, 0x7E, 0x00, 0x7C, 0x00, 0x00, 0x00, 0xFC, 0x00, 0xF8, 0x00, 0x00, 0x01, 0xF8, 0x01, 0xF0, 
  0x00, 0x00, 0x03, 0xF0, 0x03, 0xF0, 0x00, 0x00, 0x07, 0xE0, 0x07, 0xE0, 0x00, 0x00, 0x0F, 0xC0, 
  0x0F, 0xC0, 0x00, 0x00, 0x1F, 0x80, 0x1F, 0x80, 0x00, 0x00, 0x3F, 0x00, 0x3F, 0x00, 0x00, 0x00, 
  0x7E, 0x00, 0x7E, 0x00, 0x00, 0x00, 0xFC, 0xFF, 0xFE, 0x00, 0x00, 0x01, 0xF9, 0xFF, 0xFC, 0x00, 
  0x00, 0x03, 0xF3, 0xFF, 0xF8, 0x00, 0x00, 0x07, 0xE7, 0xFF, 0xF0, 0x00, 0x00, 0x0F, 0xCF, 0xFF, 
  0xE0, 0x00, 0x00, 0x1F, 0x9F, 0xFF, 0xC0, 0x00, 0x00, 0x3F, 0x3F, 0xFF, 0x80, 0x00, 0x00, 0x7E, 
  0x7F, 0xFF, 0x00, 0x00, 0x00, 0xFC, 0xFF, 0xFE, 0x00, 0x00, 0x01, 0xF9, 0xFF, 0xFC, 0x00, 0x00, 
  0x03, 0xF3, 0xFF, 0xF8, 0x00, 0x00, 0x07, 0xE7, 0xFF, 0xF0, 0x00, 0x00, 0x0F, 0xEF, 0xFF, 0xE0, 
  0x00, 0x00, 0x1F, 0x3F, 0xFF, 0xC0, 0x00, 0x00, 0x3C, 0x00, 0x00, 0x00, 0x00, 0x00, 0x60
};

const GFXglyph NotoSerifHebrew_Bold_85Glyphs[] PROGMEM = {
  {      0,   1,   1,  22,    0,   -1 },  // 0x0020 " "
  {      1,  15,  62,  31,    8,  -61 },  // 0x0021 "!"
  {    118,  32,  24,  43,    6,  -61 },  // 0x0022 """
  {    214,  42,  61,  48,    3,  -61 },  // 0x0023 "#"
  {    535,  40,  72,  48,    4,  -65 },  // 0x0024 "$"
  {    895,  71,  63,  77,    3,  -62 },  // 0x0025 "%"
  {   1455,  63,  63,  68,    4,  -62 },  // 0x0026 "&"
  {   1952,  13,  24,  25,    6,  -61 },  // 0x0027 "'"
  {   1991,  26,  78,  34,    5,  -66 },  // 0x0028 "("
  {   2245,  26,  78,  34,    3,  -66 },  // 0x0029 ")"
  {   2499,  37,  34,  43,    3,  -65 },  // 0x002A "*"
  {   2657,  38,  37,  48,    5,  -49 },  // 0x002B "+"
  {   2833,  15,  26,  25,    4,  -13 },  // 0x002C ","
  {   2882,  22,   9,  26,    2,  -28 },  // 0x002D "-"
  {   2907,  13,  14,  25,    6,  -13 },  // 0x002E "."
  {   2930,  24,  75,  24,    0,  -65 },  // 0x002F "/"
  {   3155,  42,  63,  48,    3,  -62 },  // 0x0030 "0"
  {   3486,  39,  61,  48,    4,  -61 },  // 0x0031 "1"
  {   3784,  40,  62,  48,    4,  -62 },  // 0x0032 "2"
  {   4094,  41,  63,  48,    3,  -62 },  // 0x0033 "3"
  {   4417,  45,  61,  48,    1,  -61 },  // 0x0034 "4"
  {   4761,  39,  62,  48,    4,  -61 },  // 0x0035 "5"
  {   5064,  41,  63,  48,    4,  -62 },  // 0x0036 "6"
  {   5387,  40,  61,  48,    4,  -61 },  // 0x0037 "7"
  {   5692,  42,  63,  48,    3,  -62 },  // 0x0038 "8"
  {   6023,  41,  63,  48,    3,  -62 },  // 0x0039 "9"
  {   6346,  14,  47,  26,    6,  -46 },  // 0x003A ":"
  {   6429,  15,  59,  26,    5,  -46 },  // 0x003B ";"
  {   6540,  38,  45,  48,    5,  -53 },  // 0x003C "<"
  {   6754,  38,  23,  48,    5,  -42 },  // 0x003D "="
  {   6864,  38,  45,  48,    5,  -53 },  // 0x003E ">"
  {   7078,  38,  63,  44,    3,  -62 },  // 0x003F "?"
  {   7378,  69,  73,  78,    5,  -61 },  // 0x0040 "@"
  {   8008,  64,  61,  64,    0,  -61 },  // 0x0041 "A"
  {   8496,  53,  61,  59,    2,  -61 },  // 0x0042 "B"
  {   8901,  48,  63,  57,    5,  -62 },  // 0x0043 "C"
  {   9279,  59,  61,  65,    2,  -61 },  // 0x0044 "D"
  {   9729,  51,  61,  56,    2,  -61 },  // 0x0045 "E"
  {  10118,  48,  61,  53,    2,  -61 },  // 0x0046 "F"
  {  10484,  58,  63,  65,    5,  -62 },  // 0x0047 "G"
  {  10941,  65,  61,  70,    2,  -61 },  // 0x0048 "H"
  {  11437,  30,  61,  34,    2,  -61 },  // 0x0049 "I"
  {  11666,  34,  81,  34,   -2,  -61 },  // 0x004A "J"
  {  12011,  62,  61,  64,    2,  -61 },  // 0x004B "K"
  {  12484,  51,  61,  56,    2,  -61 },  // 0x004C "L"
  {  12873,  77,  61,  81,    2,  -61 },  // 0x004D "M"
  {  13461,  64,  61,  67,    2,  -61 },  // 0x004E "N"
  {  13949,  57,  63,  67,    5,  -62 },  // 0x004F "O"
  {  14398,  51,  61,  54,    2,  -61 },  // 0x0050 "P"
  {  14787,  57,  82,  67,    5,  -62 },  // 0x0051 "Q"
  {  15372,  59,  61,  61,    2,  -61 },  // 0x0052 "R"
  {  15822,  43,  63,  49,    3,  -62 },  // 0x0053 "S"
  {  16161,  54,  61,  56,    1,  -61 },  // 0x0054 "T"
  {  16573,  61,  62,  64,    1,  -61 },  // 0x0055 "U"
  {  17046,  59,  61,  59,    0,  -61 },  // 0x0056 "V"
  {  17496,  91,  61,  91,    0,  -61 },  // 0x0057 "W"
  {  18190,  60,  61,  62,    1,  -61 },  // 0x0058 "X"
  {  18648,  59,  61,  59,    0,  -61 },  // 0x0059 "Y"
  {  19098,  49,  61,  57,    4,  -61 },  // 0x005A "Z"
  {  19472,  24,  76,  35,    8,  -65 },  // 0x005B "["
  {  19700,  24,  75,  24,    0,  -65 },  // 0x005C "\"
  {  19925,  24,  76,  35,    3,  -65 },  // 0x005D "]"
  {  20153,  40,  40,  48,    4,  -61 },  // 0x005E "^"
  {  20353,  39,   5,  39,    0,    7 },  // 0x005F "_"
  {  20378,  22,  13,  28,    3,  -65 },  // 0x0060 "`"
  {  20414,  44,  48,  51,    4,  -47 },  // 0x0061 "a"
  {  20678,  50,  66,  55,    1,  -65 },  // 0x0062 "b"
  {  21091,  38,  48,  45,    4,  -47 },  // 0x0063 "c"
  {  21319,  50,  66,  55,    4,  -65 },  // 0x0064 "d"
  {  21732,  41,  48,  49,    4,  -47 },  // 0x0065 "e"
  {  21978,  39,  65,  35,    2,  -65 },  // 0x0066 "f"
  {  22295,  47,  69,  48,    0,  -49 },  // 0x0067 "g"
  {  22701,  54,  65,  57,    1,  -65 },  // 0x0068 "h"
  {  23140,  27,  65,  30,    1,  -65 },  // 0x0069 "i"
  {  23360,  24,  85,  29,   -2,  -65 },  // 0x006A "j"
  {  23615,  53,  65,  54,    1,  -65 },  // 0x006B "k"
  {  24046,  28,  65,  30,    1,  -65 },  // 0x006C "l"
  {  24274,  80,  47,  84,    2,  -47 },  // 0x006D "m"
  {  24744,  53,  47,  57,    2,  -47 },  // 0x006E "n"
  {  25056,  44,  48,  52,    4,  -47 },  // 0x006F "o"
  {  25320,  50,  65,  55,    1,  -46 },  // 0x0070 "p"
  {  25727,  50,  65,  55,    4,  -46 },  // 0x0071 "q"
  {  26134,  41,  47,  44,    2,  -47 },  // 0x0072 "r"
  {  26375,  35,  48,  41,    3,  -47 },  // 0x0073 "s"
  {  26585,  31,  57,  34,    2,  -56 },  // 0x0074 "t"
  {  26806,  53,  47,  57,    2,  -46 },  // 0x0075 "u"
  {  27118,  52,  46,  52,    0,  -46 },  // 0x0076 "v"
  {  27417,  73,  46,  73,    0,  -46 },  // 0x0077 "w"
  {  27837,  53,  46,  55,    1,  -46 },  // 0x0078 "x"
  {  28142,  49,  65,  49,    0,  -46 },  // 0x0079 "y"
  {  28541,  41,  46,  45,    1,  -46 },  // 0x007A "z"
  {  28777,  32,  76,  38,    3,  -65 },  // 0x007B "{"
  {  29081,   6,  85,  48,   21,  -65 },  // 0x007C "|"
  {  29145,  32,  76,  38,    3,  -65 },  // 0x007D "}"
  {  29449,  40,  16,  48,    4,  -38 },  // 0x007E "~"
  {  29529,   0,   0,   0,    0,    0 },  // 0x007F "U+007F"
  {  29529,   0,   0,   0,    0,    0 },  // 0x0080 "U+0080"
  {  29529,   0,   0,   0,    0,    0 },  // 0x0081 "U+0081"
  {  29529,   0,   0,   0,    0,    0 },  // 0x0082 "U+0082"
  {  29529,   0,   0,   0,    0,    0 },  // 0x0083 "U+0083"
  {  29529,   0,   0,   0,    0,    0 },  // 0x0084 "U+0084"
  {  29529,   0,   0,   0,    0,    0 },  // 0x0085 "U+0085"
  {  29529,   0,   0,   0,    0,    0 },  // 0x0086 "U+0086"
  {  29529,   0,   0,   0,    0,    0 },  // 0x0087 "U+0087"
  {  29529,   0,   0,   0,    0,    0 },  // 0x0088 "U+0088"
  {  29529,   0,   0,   0,    0,    0 },  // 0x0089 "U+0089"
  {  29529,   0,   0,   0,    0,    0 },  // 0x008A "U+008A"
  {  29529,   0,   0,   0,    0,    0 },  // 0x008B "U+008B"
  {  29529,   0,   0,   0,    0,    0 },  // 0x008C "U+008C"
  {  29529,   0,   0,   0,    0,    0 },  // 0x008D "U+008D"
  {  29529,   0,   0,   0,    0,    0 },  // 0x008E "U+008E"
  {  29529,   0,   0,   0,    0,    0 },  // 0x008F "U+008F"
  {  29529,   0,   0,   0,    0,    0 },  // 0x0090 "U+0090"
  {  29529,   0,   0,   0,    0,    0 },  // 0x0091 "U+0091"
  {  29529,   0,   0,   0,    0,    0 },  // 0x0092 "U+0092"
  {  29529,   0,   0,   0,    0,    0 },  // 0x0093 "U+0093"
  {  29529,   0,   0,   0,    0,    0 },  // 0x0094 "U+0094"
  {  29529,   0,   0,   0,    0,    0 },  // 0x0095 "U+0095"
  {  29529,   0,   0,   0,    0,    0 },  // 0x0096 "U+0096"
  {  29529,   0,   0,   0,    0,    0 },  // 0x0097 "U+0097"
  {  29529,   0,   0,   0,    0,    0 },  // 0x0098 "U+0098"
  {  29529,   0,   0,   0,    0,    0 },  // 0x0099 "U+0099"
  {  29529,   0,   0,   0,    0,    0 },  // 0x009A "U+009A"
  {  29529,   0,   0,   0,    0,    0 },  // 0x009B "U+009B"
  {  29529,   0,   0,   0,    0,    0 },  // 0x009C "U+009C"
  {  29529,   0,   0,   0,    0,    0 },  // 0x009D "U+009D"
  {  29529,   0,   0,   0,    0,    0 },  // 0x009E "U+009E"
  {  29529,   0,   0,   0,    0,    0 },  // 0x009F "U+009F"
  {  29529,   0,   0,   0,    0,    0 },  // 0x00A0 "U+00A0"
  {  29529,   0,   0,   0,    0,    0 },  // 0x00A1 "U+00A1"
  {  29529,   0,   0,   0,    0,    0 },  // 0x00A2 "U+00A2"
  {  29529,   0,   0,   0,    0,    0 },  // 0x00A3 "U+00A3"
  {  29529,   0,   0,   0,    0,    0 },  // 0x00A4 "U+00A4"
  {  29529,   0,   0,   0,    0,    0 },  // 0x00A5 "U+00A5"
  {  29529,   0,   0,   0,    0,    0 },  // 0x00A6 "U+00A6"
  {  29529,   0,   0,   0,    0,    0 },  // 0x00A7 "U+00A7"
  {  29529,   0,   0,   0,    0,    0 },  // 0x00A8 "U+00A8"
  {  29529,   0,   0,   0,    0,    0 },  // 0x00A9 "U+00A9"
  {  29529,   0,   0,   0,    0,    0 },  // 0x00AA "U+00AA"
  {  29529,   0,   0,   0,    0,    0 },  // 0x00AB "U+00AB"
  {  29529,   0,   0,   0,    0,    0 },  // 0x00AC "U+00AC"
  {  29529,   0,   0,   0,    0,    0 },  // 0x00AD "U+00AD"
  {  29529,   0,   0,   0,    0,    0 },  // 0x00AE "U+00AE"
  {  29529,   0,   0,   0,    0,    0 },  // 0x00AF "U+00AF"
  {  29529,   0,   0,   0,    0,    0 },  // 0x00B0 "U+00B0"
  {  29529,   0,   0,   0,    0,    0 },  // 0x00B1 "U+00B1"
  {  29529,   0,   0,   0,    0,    0 },  // 0x00B2 "U+00B2"
  {  29529,   0,   0,   0,    0,    0 },  // 0x00B3 "U+00B3"
  {  29529,   0,   0,   0,    0,    0 },  // 0x00B4 "U+00B4"
  {  29529,   0,   0,   0,    0,    0 },  // 0x00B5 "U+00B5"
  {  29529,   0,   0,   0,    0,    0 },  // 0x00B6 "U+00B6"
  {  29529,   0,   0,   0,    0,    0 },  // 0x00B7 "U+00B7"
  {  29529,   0,   0,   0,    0,    0 },  // 0x00B8 "U+00B8"
  {  29529,   0,   0,   0,    0,    0 },  // 0x00B9 "U+00B9"
  {  29529,   0,   0,   0,    0,    0 },  // 0x00BA "U+00BA"
  {  29529,   0,   0,   0,    0,    0 },  // 0x00BB "U+00BB"
  {  29529,   0,   0,   0,    0,    0 },  // 0x00BC "U+00BC"
  {  29529,   0,   0,   0,    0,    0 },  // 0x00BD "U+00BD"
  {  29529,   0,   0,   0,    0,    0 },  // 0x00BE "U+00BE"
  {  29529,   0,   0,   0,    0,    0 },  // 0x00BF "U+00BF"
  {  29529,   0,   0,   0,    0,    0 },  // 0x00C0 "U+00C0"
  {  29529,   0,   0,   0,    0,    0 },  // 0x00C1 "U+00C1"
  {  29529,   0,   0,   0,    0,    0 },  // 0x00C2 "U+00C2"
  {  29529,   0,   0,   0,    0,    0 },  // 0x00C3 "U+00C3"
  {  29529,   0,   0,   0,    0,    0 },  // 0x00C4 "U+00C4"
  {  29529,   0,   0,   0,    0,    0 },  // 0x00C5 "U+00C5"
  {  29529,   0,   0,   0,    0,    0 },  // 0x00C6 "U+00C6"
  {  29529,   0,   0,   0,    0,    0 },  // 0x00C7 "U+00C7"
  {  29529,   0,   0,   0,    0,    0 },  // 0x00C8 "U+00C8"
  {  29529,   0,   0,   0,    0,    0 },  // 0x00C9 "U+00C9"
  {  29529,   0,   0,   0,    0,    0 },  // 0x00CA "U+00CA"
  {  29529,   0,   0,   0,    0,    0 },  // 0x00CB "U+00CB"
  {  29529,   0,   0,   0,    0,    0 },  // 0x00CC "U+00CC"
  {  29529,   0,   0,   0,    0,    0 },  // 0x00CD "U+00CD"
  {  29529,   0,   0,   0,    0,    0 },  // 0x00CE "U+00CE"
  {  29529,   0,   0,   0,    0,    0 },  // 0x00CF "U+00CF"
  {  29529,   0,   0,   0,    0,    0 },  // 0x00D0 "U+00D0"
  {  29529,   0,   0,   0,    0,    0 },  // 0x00D1 "U+00D1"
  {  29529,   0,   0,   0,    0,    0 },  // 0x00D2 "U+00D2"
  {  29529,   0,   0,   0,    0,    0 },  // 0x00D3 "U+00D3"
  {  29529,   0,   0,   0,    0,    0 },  // 0x00D4 "U+00D4"
  {  29529,   0,   0,   0,    0,    0 },  // 0x00D5 "U+00D5"
  {  29529,   0,   0,   0,    0,    0 },  // 0x00D6 "U+00D6"
  {  29529,   0,   0,   0,    0,    0 },  // 0x00D7 "U+00D7"
  {  29529,   0,   0,   0,    0,    0 },  // 0x00D8 "U+00D8"
  {  29529,   0,   0,   0,    0,    0 },  // 0x00D9 "U+00D9"
  {  29529,   0,   0,   0,    0,    0 },  // 0x00DA "U+00DA"
  {  29529,   0,   0,   0,    0,    0 },  // 0x00DB "U+00DB"
  {  29529,   0,   0,   0,    0,    0 },  // 0x00DC "U+00DC"
  {  29529,   0,   0,   0,    0,    0 },  // 0x00DD "U+00DD"
  {  29529,   0,   0,   0,    0,    0 },  // 0x00DE "U+00DE"
  {  29529,   0,   0,   0,    0,    0 },  // 0x00DF "U+00DF"
  {  29529,   0,   0,   0,    0,    0 },  // 0x00E0 "U+00E0"
  {  29529,   0,   0,   0,    0,    0 },  // 0x00E1 "U+00E1"
  {  29529,   0,   0,   0,    0,    0 },  // 0x00E2 "U+00E2"
  {  29529,   0,   0,   0,    0,    0 },  // 0x00E3 "U+00E3"
  {  29529,   0,   0,   0,    0,    0 },  // 0x00E4 "U+00E4"
  {  29529,   0,   0,   0,    0,    0 },  // 0x00E5 "U+00E5"
  {  29529,   0,   0,   0,    0,    0 },  // 0x00E6 "U+00E6"
  {  29529,   0,   0,   0,    0,    0 },  // 0x00E7 "U+00E7"
  {  29529,   0,   0,   0,    0,    0 },  // 0x00E8 "U+00E8"
  {  29529,   0,   0,   0,    0,    0 },  // 0x00E9 "U+00E9"
  {  29529,   0,   0,   0,    0,    0 },  // 0x00EA "U+00EA"
  {  29529,   0,   0,   0,    0,    0 },  // 0x00EB "U+00EB"
  {  29529,   0,   0,   0,    0,    0 },  // 0x00EC "U+00EC"
  {  29529,   0,   0,   0,    0,    0 },  // 0x00ED "U+00ED"
  {  29529,   0,   0,   0,    0,    0 },  // 0x00EE "U+00EE"
  {  29529,   0,   0,   0,    0,    0 },  // 0x00EF "U+00EF"
  {  29529,   0,   0,   0,    0,    0 },  // 0x00F0 "U+00F0"
  {  29529,   0,   0,   0,    0,    0 },  // 0x00F1 "U+00F1"
  {  29529,   0,   0,   0,    0,    0 },  // 0x00F2 "U+00F2"
  {  29529,   0,   0,   0,    0,    0 },  // 0x00F3 "U+00F3"
  {  29529,   0,   0,   0,    0,    0 },  // 0x00F4 "U+00F4"
  {  29529,   0,   0,   0,    0,    0 },  // 0x00F5 "U+00F5"
  {  29529,   0,   0,   0,    0,    0 },  // 0x00F6 "U+00F6"
  {  29529,   0,   0,   0,    0,    0 },  // 0x00F7 "U+00F7"
  {  29529,   0,   0,   0,    0,    0 },  // 0x00F8 "U+00F8"
  {  29529,   0,   0,   0,    0,    0 },  // 0x00F9 "U+00F9"
  {  29529,   0,   0,   0,    0,    0 },  // 0x00FA "U+00FA"
  {  29529,   0,   0,   0,    0,    0 },  // 0x00FB "U+00FB"
  {  29529,   0,   0,   0,    0,    0 },  // 0x00FC "U+00FC"
  {  29529,   0,   0,   0,    0,    0 },  // 0x00FD "U+00FD"
  {  29529,   0,   0,   0,    0,    0 },  // 0x00FE "U+00FE"
  {  29529,   0,   0,   0,    0,    0 },  // 0x00FF "U+00FF"
  {  29529,   0,   0,   0,    0,    0 },  // 0x0100 "U+0100"
  {  29529,   0,   0,   0,    0,    0 },  // 0x0101 "U+0101"
  {  29529,   0,   0,   0,    0,    0 },  // 0x0102 "U+0102"
  {  29529,   0,   0,   0,    0,    0 },  // 0x0103 "U+0103"
  {  29529,   0,   0,   0,    0,    0 },  // 0x0104 "U+0104"
  {  29529,   0,   0,   0,    0,    0 },  // 0x0105 "U+0105"
  {  29529,   0,   0,   0,    0,    0 },  // 0x0106 "U+0106"
  {  29529,   0,   0,   0,    0,    0 },  // 0x0107 "U+0107"
  {  29529,   0,   0,   0,    0,    0 },  // 0x0108 "U+0108"
  {  29529,   0,   0,   0,    0,    0 },  // 0x0109 "U+0109"
  {  29529,   0,   0,   0,    0,    0 },  // 0x010A "U+010A"
  {  29529,   0,   0,   0,    0,    0 },  // 0x010B "U+010B"
  {  29529,   0,   0,   0,    0,    0 },  // 0x010C "U+010C"
  {  29529,   0,   0,   0,    0,    0 },  // 0x010D "U+010D"
  {  29529,   0,   0,   0,    0,    0 },  // 0x010E "U+010E"
  {  29529,   0,   0,   0,    0,    0 },  // 0x010F "U+010F"
  {  29529,   0,   0,   0,    0,    0 },  // 0x0110 "U+0110"
  {  29529,   0,   0,   0,    0,    0 },  // 0x0111 "U+0111"
  {  29529,   0,   0,   0,    0,    0 },  // 0x0112 "U+0112"
  {  29529,   0,   0,   0,    0,    0 },  // 0x0113 "U+0113"
  {  29529,   0,   0,   0,    0,    0 },  // 0x0114 "U+0114"
  {  29529,   0,   0,   0,    0,    0 },  // 0x0115 "U+0115"
  {  29529,   0,   0,   0,    0,    0 },  // 0x0116 "U+0116"
  {  29529,   0,   0,   0,    0,    0 },  // 0x0117 "U+0117"
  {  29529,   0,   0,   0,    0,    0 },  // 0x0118 "U+0118"
  {  29529,   0,   0,   0,    0,    0 },  // 0x0119 "U+0119"
  {  29529,   0,   0,   0,    0,    0 },  // 0x011A "U+011A"
  {  29529,   0,   0,   0,    0,    0 },  // 0x011B "U+011B"
  {  29529,   0,   0,   0,    0,    0 },  // 0x011C "U+011C"
  {  29529,   0,   0,   0,    0,    0 },  // 0x011D "U+011D"
  {  29529,   0,   0,   0,    0,    0 },  // 0x011E "U+011E"
  {  29529,   0,   0,   0,    0,    0 },  // 0x011F "U+011F"
  {  29529,   0,   0,   0,    0,    0 },  // 0x0120 "U+0120"
  {  29529,   0,   0,   0,    0,    0 },  // 0x0121 "U+0121"
  {  29529,   0,   0,   0,    0,    0 },  // 0x0122 "U+0122"
  {  29529,   0,   0,   0,    0,    0 },  // 0x0123 "U+0123"
  {  29529,   0,   0,   0,    0,    0 },  // 0x0124 "U+0124"
  {  29529,   0,   0,   0,    0,    0 },  // 0x0125 "U+0125"
  {  29529,   0,   0,   0,    0,    0 },  // 0x0126 "U+0126"
  {  29529,   0,   0,   0,    0,    0 },  // 0x0127 "U+0127"
  {  29529,   0,   0,   0,    0,    0 },  // 0x0128 "U+0128"
  {  29529,   0,   0,   0,    0,    0 },  // 0x0129 "U+0129"
  {  29529,   0,   0,   0,    0,    0 },  // 0x012A "U+012A"
  {  29529,   0,   0,   0,    0,    0 },  // 0x012B "U+012B"
  {  29529,   0,   0,   0,    0,    0 },  // 0x012C "U+012C"
  {  29529,   0,   0,   0,    0,    0 },  // 0x012D "U+012D"
  {  29529,   0,   0,   0,    0,    0 },  // 0x012E "U+012E"
  {  29529,   0,   0,   0,    0,    0 },  // 0x012F "U+012F"
  {  29529,   0,   0,   0,    0,    0 },  // 0x0130 "U+0130"
  {  29529,   0,   0,   0,    0,    0 },  // 0x0131 "U+0131"
  {  29529,   0,   0,   0,    0,    0 },  // 0x0132 "U+0132"
  {  29529,   0,   0,   0,    0,    0 },  // 0x0133 "U+0133"
  {  29529,   0,   0,   0,    0,    0 },  // 0x0134 "U+0134"
  {  29529,   0,   0,   0,    0,    0 },  // 0x0135 "U+0135"
  {  29529,   0,   0,   0,    0,    0 },  // 0x0136 "U+0136"
  {  29529,   0,   0,   0,    0,    0 },  // 0x0137 "U+0137"
  {  29529,   0,   0,   0,    0,    0 },  // 0x0138 "U+0138"
  {  29529,   0,   0,   0,    0,    0 },  // 0x0139 "U+0139"
  {  29529,   0,   0,   0,    0,    0 },  // 0x013A "U+013A"
  {  29529,   0,   0,   0,    0,    0 },  // 0x013B "U+013B"
  {  29529,   0,   0,   0,    0,    0 },  // 0x013C "U+013C"
  {  29529,   0,   0,   0,    0,    0 },  // 0x013D "U+013D"
  {  29529,   0,   0,   0,    0,    0 },  // 0x013E "U+013E"
  {  29529,   0,   0,   0,    0,    0 },  // 0x013F "U+013F"
  {  29529,   0,   0,   0,    0,    0 },  // 0x0140 "U+0140"
  {  29529,   0,   0,   0,    0,    0 },  // 0x0141 "U+0141"
  {  29529,   0,   0,   0,    0,    0 },  // 0x0142 "U+0142"
  {  29529,   0,   0,   0,    0,    0 },  // 0x0143 "U+0143"
  {  29529,   0,   0,   0,    0,    0 },  // 0x0144 "U+0144"
  {  29529,   0,   0,   0,    0,    0 },  // 0x0145 "U+0145"
  {  29529,   0,   0,   0,    0,    0 },  // 0x0146 "U+0146"
  {  29529,   0,   0,   0,    0,    0 },  // 0x0147 "U+0147"
  {  29529,   0,   0,   0,    0,    0 },  // 0x0148 "U+0148"
  {  29529,   0,   0,   0,    0,    0 },  // 0x0149 "U+0149"
  {  29529,   0,   0,   0,    0,    0 },  // 0x014A "U+014A"
  {  29529,   0,   0,   0,    0,    0 },  // 0x014B "U+014B"
  {  29529,   0,   0,   0,    0,    0 },  // 0x014C "U+014C"
  {  29529,   0,   0,   0,    0,    0 },  // 0x014D "U+014D"
  {  29529,   0,   0,   0,    0,    0 },  // 0x014E "U+014E"
  {  29529,   0,   0,   0,    0,    0 },  // 0x014F "U+014F"
  {  29529,   0,   0,   0,    0,    0 },  // 0x0150 "U+0150"
  {  29529,   0,   0,   0,    0,    0 },  // 0x0151 "U+0151"
  {  29529,   0,   0,   0,    0,    0 },  // 0x0152 "U+0152"
  {  29529,   0,   0,   0,    0,    0 },  // 0x0153 "U+0153"
  {  29529,   0,   0,   0,    0,    0 },  // 0x0154 "U+0154"
  {  29529,   0,   0,   0,    0,    0 },  // 0x0155 "U+0155"
  {  29529,   0,   0,   0,    0,    0 },  // 0x0156 "U+0156"
  {  29529,   0,   0,   0,    0,    0 },  // 0x0157 "U+0157"
  {  29529,   0,   0,   0,    0,    0 },  // 0x0158 "U+0158"
  {  29529,   0,   0,   0,    0,    0 },  // 0x0159 "U+0159"
  {  29529,   0,   0,   0,    0,    0 },  // 0x015A "U+015A"
  {  29529,   0,   0,   0,    0,    0 },  // 0x015B "U+015B"
  {  29529,   0,   0,   0,    0,    0 },  // 0x015C "U+015C"
  {  29529,   0,   0,   0,    0,    0 },  // 0x015D "U+015D"
  {  29529,   0,   0,   0,    0,    0 },  // 0x015E "U+015E"
  {  29529,   0,   0,   0,    0,    0 },  // 0x015F "U+015F"
  {  29529,   0,   0,   0,    0,    0 },  // 0x0160 "U+0160"
  {  29529,   0,   0,   0,    0,    0 },  // 0x0161 "U+0161"
  {  29529,   0,   0,   0,    0,    0 },  // 0x0162 "U+0162"
  {  29529,   0,   0,   0,    0,    0 },  // 0x0163 "U+0163"
  {  29529,   0,   0,   0,    0,    0 },  // 0x0164 "U+0164"
  {  29529,   0,   0,   0,    0,    0 },  // 0x0165 "U+0165"
  {  29529,   0,   0,   0,    0,    0 },  // 0x0166 "U+0166"
  {  29529,   0,   0,   0,    0,    0 },  // 0x0167 "U+0167"
  {  29529,   0,   0,   0,    0,    0 },  // 0x0168 "U+0168"
  {  29529,   0,   0,   0,    0,    0 },  // 0x0169 "U+0169"
  {  29529,   0,   0,   0,    0,    0 },  // 0x016A "U+016A"
  {  29529,   0,   0,   0,    0,    0 },  // 0x016B "U+016B"
  {  29529,   0,   0,   0,    0,    0 },  // 0x016C "U+016C"
  {  29529,   0,   0,   0,    0,    0 },  // 0x016D "U+016D"
  {  29529,   0,   0,   0,    0,    0 },  // 0x016E "U+016E"
  {  29529,   0,   0,   0,    0,    0 },  // 0x016F "U+016F"
  {  29529,   0,   0,   0,    0,    0 },  // 0x0170 "U+0170"
  {  29529,   0,   0,   0,    0,    0 },  // 0x0171 "U+0171"
  {  29529,   0,   0,   0,    0,    0 },  // 0x0172 "U+0172"
  {  29529,   0,   0,   0,    0,    0 },  // 0x0173 "U+0173"
  {  29529,   0,   0,   0,    0,    0 },  // 0x0174 "U+0174"
  {  29529,   0,   0,   0,    0,    0 },  // 0x0175 "U+0175"
  {  29529,   0,   0,   0,    0,    0 },  // 0x0176 "U+0176"
  {  29529,   0,   0,   0,    0,    0 },  // 0x0177 "U+0177"
  {  29529,   0,   0,   0,    0,    0 },  // 0x0178 "U+0178"
  {  29529,   0,   0,   0,    0,    0 },  // 0x0179 "U+0179"
  {  29529,   0,   0,   0,    0,    0 },  // 0x017A "U+017A"
  {  29529,   0,   0,   0,    0,    0 },  // 0x017B "U+017B"
  {  29529,   0,   0,   0,    0,    0 },  // 0x017C "U+017C"
  {  29529,   0,   0,   0,    0,    0 },  // 0x017D "U+017D"
  {  29529,   0,   0,   0,    0,    0 },  // 0x017E "U+017E"
  {  29529,   0,   0,   0,    0,    0 },  // 0x017F "U+017F"
  {  29529,   0,   0,   0,    0,    0 },  // 0x0180 "U+0180"
  {  29529,   0,   0,   0,    0,    0 },  // 0x0181 "U+0181"
  {  29529,   0,   0,   0,    0,    0 },  // 0x0182 "U+0182"
  {  29529,   0,   0,   0,    0,    0 },  // 0x0183 "U+0183"
  {  29529,   0,   0,   0,    0,    0 },  // 0x0184 "U+0184"
  {  29529,   0,   0,   0,    0,    0 },  // 0x0185 "U+0185"
  {  29529,   0,   0,   0,    0,    0 },  // 0x0186 "U+0186"
  {  29529,   0,   0,   0,    0,    0 },  // 0x0187 "U+0187"
  {  29529,   0,   0,   0,    0,    0 },  // 0x0188 "U+0188"
  {  29529,   0,   0,   0,    0,    0 },  // 0x0189 "U+0189"
  {  29529,   0,   0,   0,    0,    0 },  // 0x018A "U+018A"
  {  29529,   0,   0,   0,    0,    0 },  // 0x018B "U+018B"
  {  29529,   0,   0,   0,    0,    0 },  // 0x018C "U+018C"
  {  29529,   0,   0,   0,    0,    0 },  // 0x018D "U+018D"
  {  29529,   0,   0,   0,    0,    0 },  // 0x018E "U+018E"
  {  29529,   0,   0,   0,    0,    0 },  // 0x018F "U+018F"
  {  29529,   0,   0,   0,    0,    0 },  // 0x0190 "U+0190"
  {  29529,   0,   0,   0,    0,    0 },  // 0x0191 "U+0191"
  {  29529,   0,   0,   0,    0,    0 },  // 0x0192 "U+0192"
  {  29529,   0,   0,   0,    0,    0 },  // 0x0193 "U+0193"
  {  29529,   0,   0,   0,    0,    0 },  // 0x0194 "U+0194"
  {  29529,   0,   0,   0,    0,    0 },  // 0x0195 "U+0195"
  {  29529,   0,   0,   0,    0,    0 },  // 0x0196 "U+0196"
  {  29529,   0,   0,   0,    0,    0 },  // 0x0197 "U+0197"
  {  29529,   0,   0,   0,    0,    0 },  // 0x0198 "U+0198"
  {  29529,   0,   0,   0,    0,    0 },  // 0x0199 "U+0199"
  {  29529,   0,   0,   0,    0,    0 },  // 0x019A "U+019A"
  {  29529,   0,   0,   0,    0,    0 },  // 0x019B "U+019B"
  {  29529,   0,   0,   0,    0,    0 },  // 0x019C "U+019C"
  {  29529,   0,   0,   0,    0,    0 },  // 0x019D "U+019D"
  {  29529,   0,   0,   0,    0,    0 },  // 0x019E "U+019E"
  {  29529,   0,   0,   0,    0,    0 },  // 0x019F "U+019F"
  {  29529,   0,   0,   0,    0,    0 },  // 0x01A0 "U+01A0"
  {  29529,   0,   0,   0,    0,    0 },  // 0x01A1 "U+01A1"
  {  29529,   0,   0,   0,    0,    0 },  // 0x01A2 "U+01A2"
  {  29529,   0,   0,   0,    0,    0 },  // 0x01A3 "U+01A3"
  {  29529,   0,   0,   0,    0,    0 },  // 0x01A4 "U+01A4"
  {  29529,   0,   0,   0,    0,    0 },  // 0x01A5 "U+01A5"
  {  29529,   0,   0,   0,    0,    0 },  // 0x01A6 "U+01A6"
  {  29529,   0,   0,   0,    0,    0 },  // 0x01A7 "U+01A7"
  {  29529,   0,   0,   0,    0,    0 },  // 0x01A8 "U+01A8"
  {  29529,   0,   0,   0,    0,    0 },  // 0x01A9 "U+01A9"
  {  29529,   0,   0,   0,    0,    0 },  // 0x01AA "U+01AA"
  {  29529,   0,   0,   0,    0,    0 },  // 0x01AB "U+01AB"
  {  29529,   0,   0,   0,    0,    0 },  // 0x01AC "U+01AC"
  {  29529,   0,   0,   0,    0,    0 },  // 0x01AD "U+01AD"
  {  29529,   0,   0,   0,    0,    0 },  // 0x01AE "U+01AE"
  {  29529,   0,   0,   0,    0,    0 },  // 0x01AF "U+01AF"
  {  29529,   0,   0,   0,    0,    0 },  // 0x01B0 "U+01B0"
  {  29529,   0,   0,   0,    0,    0 },  // 0x01B1 "U+01B1"
  {  29529,   0,   0,   0,    0,    0 },  // 0x01B2 "U+01B2"
  {  29529,   0,   0,   0,    0,    0 },  // 0x01B3 "U+01B3"
  {  29529,   0,   0,   0,    0,    0 },  // 0x01B4 "U+01B4"
  {  29529,   0,   0,   0,    0,    0 },  // 0x01B5 "U+01B5"
  {  29529,   0,   0,   0,    0,    0 },  // 0x01B6 "U+01B6"
  {  29529,   0,   0,   0,    0,    0 },  // 0x01B7 "U+01B7"
  {  29529,   0,   0,   0,    0,    0 },  // 0x01B8 "U+01B8"
  {  29529,   0,   0,   0,    0,    0 },  // 0x01B9 "U+01B9"
  {  29529,   0,   0,   0,    0,    0 },  // 0x01BA "U+01BA"
  {  29529,   0,   0,   0,    0,    0 },  // 0x01BB "U+01BB"
  {  29529,   0,   0,   0,    0,    0 },  // 0x01BC "U+01BC"
  {  29529,   0,   0,   0,    0,    0 },  // 0x01BD "U+01BD"
  {  29529,   0,   0,   0,    0,    0 },  // 0x01BE "U+01BE"
  {  29529,   0,   0,   0,    0,    0 },  // 0x01BF "U+01BF"
  {  29529,   0,   0,   0,    0,    0 },  // 0x01C0 "U+01C0"
  {  29529,   0,   0,   0,    0,    0 },  // 0x01C1 "U+01C1"
  {  29529,   0,   0,   0,    0,    0 },  // 0x01C2 "U+01C2"
  {  29529,   0,   0,   0,    0,    0 },  // 0x01C3 "U+01C3"
  {  29529,   0,   0,   0,    0,    0 },  // 0x01C4 "U+01C4"
  {  29529,   0,   0,   0,    0,    0 },  // 0x01C5 "U+01C5"
  {  29529,   0,   0,   0,    0,    0 },  // 0x01C6 "U+01C6"
  {  29529,   0,   0,   0,    0,    0 },  // 0x01C7 "U+01C7"
  {  29529,   0,   0,   0,    0,    0 },  // 0x01C8 "U+01C8"
  {  29529,   0,   0,   0,    0,    0 },  // 0x01C9 "U+01C9"
  {  29529,   0,   0,   0,    0,    0 },  // 0x01CA "U+01CA"
  {  29529,   0,   0,   0,    0,    0 },  // 0x01CB "U+01CB"
  {  29529,   0,   0,   0,    0,    0 },  // 0x01CC "U+01CC"
  {  29529,   0,   0,   0,    0,    0 },  // 0x01CD "U+01CD"
  {  29529,   0,   0,   0,    0,    0 },  // 0x01CE "U+01CE"
  {  29529,   0,   0,   0,    0,    0 },  // 0x01CF "U+01CF"
  {  29529,   0,   0,   0,    0,    0 },  // 0x01D0 "U+01D0"
  {  29529,   0,   0,   0,    0,    0 },  // 0x01D1 "U+01D1"
  {  29529,   0,   0,   0,    0,    0 },  // 0x01D2 "U+01D2"
  {  29529,   0,   0,   0,    0,    0 },  // 0x01D3 "U+01D3"
  {  29529,   0,   0,   0,    0,    0 },  // 0x01D4 "U+01D4"
  {  29529,   0,   0,   0,    0,    0 },  // 0x01D5 "U+01D5"
  {  29529,   0,   0,   0,    0,    0 },  // 0x01D6 "U+01D6"
  {  29529,   0,   0,   0,    0,    0 },  // 0x01D7 "U+01D7"
  {  29529,   0,   0,   0,    0,    0 },  // 0x01D8 "U+01D8"
  {  29529,   0,   0,   0,    0,    0 },  // 0x01D9 "U+01D9"
  {  29529,   0,   0,   0,    0,    0 },  // 0x01DA "U+01DA"
  {  29529,   0,   0,   0,    0,    0 },  // 0x01DB "U+01DB"
  {  29529,   0,   0,   0,    0,    0 },  // 0x01DC "U+01DC"
  {  29529,   0,   0,   0,    0,    0 },  // 0x01DD "U+01DD"
  {  29529,   0,   0,   0,    0,    0 },  // 0x01DE "U+01DE"
  {  29529,   0,   0,   0,    0,    0 },  // 0x01DF "U+01DF"
  {  29529,   0,   0,   0,    0,    0 },  // 0x01E0 "U+01E0"
  {  29529,   0,   0,   0,    0,    0 },  // 0x01E1 "U+01E1"
  {  29529,   0,   0,   0,    0,    0 },  // 0x01E2 "U+01E2"
  {  29529,   0,   0,   0,    0,    0 },  // 0x01E3 "U+01E3"
  {  29529,   0,   0,   0,    0,    0 },  // 0x01E4 "U+01E4"
  {  29529,   0,   0,   0,    0,    0 },  // 0x01E5 "U+01E5"
  {  29529,   0,   0,   0,    0,    0 },  // 0x01E6 "U+01E6"
  {  29529,   0,   0,   0,    0,    0 },  // 0x01E7 "U+01E7"
  {  29529,   0,   0,   0,    0,    0 },  // 0x01E8 "U+01E8"
  {  29529,   0,   0,   0,    0,    0 },  // 0x01E9 "U+01E9"
  {  29529,   0,   0,   0,    0,    0 },  // 0x01EA "U+01EA"
  {  29529,   0,   0,   0,    0,    0 },  // 0x01EB "U+01EB"
  {  29529,   0,   0,   0,    0,    0 },  // 0x01EC "U+01EC"
  {  29529,   0,   0,   0,    0,    0 },  // 0x01ED "U+01ED"
  {  29529,   0,   0,   0,    0,    0 },  // 0x01EE "U+01EE"
  {  29529,   0,   0,   0,    0,    0 },  // 0x01EF "U+01EF"
  {  29529,   0,   0,   0,    0,    0 },  // 0x01F0 "U+01F0"
  {  29529,   0,   0,   0,    0,    0 },  // 0x01F1 "U+01F1"
  {  29529,   0,   0,   0,    0,    0 },  // 0x01F2 "U+01F2"
  {  29529,   0,   0,   0,    0,    0 },  // 0x01F3 "U+01F3"
  {  29529,   0,   0,   0,    0,    0 },  // 0x01F4 "U+01F4"
  {  29529,   0,   0,   0,    0,    0 },  // 0x01F5 "U+01F5"
  {  29529,   0,   0,   0,    0,    0 },  // 0x01F6 "U+01F6"
  {  29529,   0,   0,   0,    0,    0 },  // 0x01F7 "U+01F7"
  {  29529,   0,   0,   0,    0,    0 },  // 0x01F8 "U+01F8"
  {  29529,   0,   0,   0,    0,    0 },  // 0x01F9 "U+01F9"
  {  29529,   0,   0,   0,    0,    0 },  // 0x01FA "U+01FA"
  {  29529,   0,   0,   0,    0,    0 },  // 0x01FB "U+01FB"
  {  29529,   0,   0,   0,    0,    0 },  // 0x01FC "U+01FC"
  {  29529,   0,   0,   0,    0,    0 },  // 0x01FD "U+01FD"
  {  29529,   0,   0,   0,    0,    0 },  // 0x01FE "U+01FE"
  {  29529,   0,   0,   0,    0,    0 },  // 0x01FF "U+01FF"
  {  29529,   0,   0,   0,    0,    0 },  // 0x0200 "U+0200"
  {  29529,   0,   0,   0,    0,    0 },  // 0x0201 "U+0201"
  {  29529,   0,   0,   0,    0,    0 },  // 0x0202 "U+0202"
  {  29529,   0,   0,   0,    0,    0 },  // 0x0203 "U+0203"
  {  29529,   0,   0,   0,    0,    0 },  // 0x0204 "U+0204"
  {  29529,   0,   0,   0,    0,    0 },  // 0x0205 "U+0205"
  {  29529,   0,   0,   0,    0,    0 },  // 0x0206 "U+0206"
  {  29529,   0,   0,   0,    0,    0 },  // 0x0207 "U+0207"
  {  29529,   0,   0,   0,    0,    0 },  // 0x0208 "U+0208"
  {  29529,   0,   0,   0,    0,    0 },  // 0x0209 "U+0209"
  {  29529,   0,   0,   0,    0,    0 },  // 0x020A "U+020A"
  {  29529,   0,   0,   0,    0,    0 },  // 0x020B "U+020B"
  {  29529,   0,   0,   0,    0,    0 },  // 0x020C "U+020C"
  {  29529,   0,   0,   0,    0,    0 },  // 0x020D "U+020D"
  {  29529,   0,   0,   0,    0,    0 },  // 0x020E "U+020E"
  {  29529,   0,   0,   0,    0,    0 },  // 0x020F "U+020F"
  {  29529,   0,   0,   0,    0,    0 },  // 0x0210 "U+0210"
  {  29529,   0,   0,   0,    0,    0 },  // 0x0211 "U+0211"
  {  29529,   0,   0,   0,    0,    0 },  // 0x0212 "U+0212"
  {  29529,   0,   0,   0,    0,    0 },  // 0x0213 "U+0213"
  {  29529,   0,   0,   0,    0,    0 },  // 0x0214 "U+0214"
  {  29529,   0,   0,   0,    0,    0 },  // 0x0215 "U+0215"
  {  29529,   0,   0,   0,    0,    0 },  // 0x0216 "U+0216"
  {  29529,   0,   0,   0,    0,    0 },  // 0x0217 "U+0217"
  {  29529,   0,   0,   0,    0,    0 },  // 0x0218 "U+0218"
  {  29529,   0,   0,   0,    0,    0 },  // 0x0219 "U+0219"
  {  29529,   0,   0,   0,    0,    0 },  // 0x021A "U+021A"
  {  29529,   0,   0,   0,    0,    0 },  // 0x021B "U+021B"
  {  29529,   0,   0,   0,    0,    0 },  // 0x021C "U+021C"
  {  29529,   0,   0,   0,    0,    0 },  // 0x021D "U+021D"
  {  29529,   0,   0,   0,    0,    0 },  // 0x021E "U+021E"
  {  29529,   0,   0,   0,    0,    0 },  // 0x021F "U+021F"
  {  29529,   0,   0,   0,    0,    0 },  // 0x0220 "U+0220"
  {  29529,   0,   0,   0,    0,    0 },  // 0x0221 "U+0221"
  {  29529,   0,   0,   0,    0,    0 },  // 0x0222 "U+0222"
  {  29529,   0,   0,   0,    0,    0 },  // 0x0223 "U+0223"
  {  29529,   0,   0,   0,    0,    0 },  // 0x0224 "U+0224"
  {  29529,   0,   0,   0,    0,    0 },  // 0x0225 "U+0225"
  {  29529,   0,   0,   0,    0,    0 },  // 0x0226 "U+0226"
  {  29529,   0,   0,   0,    0,    0 },  // 0x0227 "U+0227"
  {  29529,   0,   0,   0,    0,    0 },  // 0x0228 "U+0228"
  {  29529,   0,   0,   0,    0,    0 },  // 0x0229 "U+0229"
  {  29529,   0,   0,   0,    0,    0 },  // 0x022A "U+022A"
  {  29529,   0,   0,   0,    0,    0 },  // 0x022B "U+022B"
  {  29529,   0,   0,   0,    0,    0 },  // 0x022C "U+022C"
  {  29529,   0,   0,   0,    0,    0 },  // 0x022D "U+022D"
  {  29529,   0,   0,   0,    0,    0 },  // 0x022E "U+022E"
  {  29529,   0,   0,   0,    0,    0 },  // 0x022F "U+022F"
  {  29529,   0,   0,   0,    0,    0 },  // 0x0230 "U+0230"
  {  29529,   0,   0,   0,    0,    0 },  // 0x0231 "U+0231"
  {  29529,   0,   0,   0,    0,    0 },  // 0x0232 "U+0232"
  {  29529,   0,   0,   0,    0,    0 },  // 0x0233 "U+0233"
  {  29529,   0,   0,   0,    0,    0 },  // 0x0234 "U+0234"
  {  29529,   0,   0,   0,    0,    0 },  // 0x0235 "U+0235"
  {  29529,   0,   0,   0,    0,    0 },  // 0x0236 "U+0236"
  {  29529,   0,   0,   0,    0,    0 },  // 0x0237 "U+0237"
  {  29529,   0,   0,   0,    0,    0 },  // 0x0238 "U+0238"
  {  29529,   0,   0,   0,    0,    0 },  // 0x0239 "U+0239"
  {  29529,   0,   0,   0,    0,    0 },  // 0x023A "U+023A"
  {  29529,   0,   0,   0,    0,    0 },  // 0x023B "U+023B"
  {  29529,   0,   0,   0,    0,    0 },  // 0x023C "U+023C"
  {  29529,   0,   0,   0,    0,    0 },  // 0x023D "U+023D"
  {  29529,   0,   0,   0,    0,    0 },  // 0x023E "U+023E"
  {  29529,   0,   0,   0,    0,    0 },  // 0x023F "U+023F"
  {  29529,   0,   0,   0,    0,    0 },  // 0x0240 "U+0240"
  {  29529,   0,   0,   0,    0,    0 },  // 0x0241 "U+0241"
  {  29529,   0,   0,   0,    0,    0 },  // 0x0242 "U+0242"
  {  29529,   0,   0,   0,    0,    0 },  // 0x0243 "U+0243"
  {  29529,   0,   0,   0,    0,    0 },  // 0x0244 "U+0244"
  {  29529,   0,   0,   0,    0,    0 },  // 0x0245 "U+0245"
  {  29529,   0,   0,   0,    0,    0 },  // 0x0246 "U+0246"
  {  29529,   0,   0,   0,    0,    0 },  // 0x0247 "U+0247"
  {  29529,   0,   0,   0,    0,    0 },  // 0x0248 "U+0248"
  {  29529,   0,   0,   0,    0,    0 },  // 0x0249 "U+0249"
  {  29529,   0,   0,   0,    0,    0 },  // 0x024A "U+024A"
  {  29529,   0,   0,   0,    0,    0 },  // 0x024B "U+024B"
  {  29529,   0,   0,   0,    0,    0 },  // 0x024C "U+024C"
  {  29529,   0,   0,   0,    0,    0 },  // 0x024D "U+024D"
  {  29529,   0,   0,   0,    0,    0 },  // 0x024E "U+024E"
  {  29529,   0,   0,   0,    0,    0 },  // 0x024F "U+024F"
  {  29529,   0,   0,   0,    0,    0 },  // 0x0250 "U+0250"
  {  29529,   0,   0,   0,    0,    0 },  // 0x0251 "U+0251"
  {  29529,   0,   0,   0,    0,    0 },  // 0x0252 "U+0252"
  {  29529,   0,   0,   0,    0,    0 },  // 0x0253 "U+0253"
  {  29529,   0,   0,   0,    0,    0 },  // 0x0254 "U+0254"
  {  29529,   0,   0,   0,    0,    0 },  // 0x0255 "U+0255"
  {  29529,   0,   0,   0,    0,    0 },  // 0x0256 "U+0256"
  {  29529,   0,   0,   0,    0,    0 },  // 0x0257 "U+0257"
  {  29529,   0,   0,   0,    0,    0 },  // 0x0258 "U+0258"
  {  29529,   0,   0,   0,    0,    0 },  // 0x0259 "U+0259"
  {  29529,   0,   0,   0,    0,    0 },  // 0x025A "U+025A"
  {  29529,   0,   0,   0,    0,    0 },  // 0x025B "U+025B"
  {  29529,   0,   0,   0,    0,    0 },  // 0x025C "U+025C"
  {  29529,   0,   0,   0,    0,    0 },  // 0x025D "U+025D"
  {  29529,   0,   0,   0,    0,    0 },  // 0x025E "U+025E"
  {  29529,   0,   0,   0,    0,    0 },  // 0x025F "U+025F"
  {  29529,   0,   0,   0,    0,    0 },  // 0x0260 "U+0260"
  {  29529,   0,   0,   0,    0,    0 },  // 0x0261 "U+0261"
  {  29529,   0,   0,   0,    0,    0 },  // 0x0262 "U+0262"
  {  29529,   0,   0,   0,    0,    0 },  // 0x0263 "U+0263"
  {  29529,   0,   0,   0,    0,    0 },  // 0x0264 "U+0264"
  {  29529,   0,   0,   0,    0,    0 },  // 0x0265 "U+0265"
  {  29529,   0,   0,   0,    0,    0 },  // 0x0266 "U+0266"
  {  29529,   0,   0,   0,    0,    0 },  // 0x0267 "U+0267"
  {  29529,   0,   0,   0,    0,    0 },  // 0x0268 "U+0268"
  {  29529,   0,   0,   0,    0,    0 },  // 0x0269 "U+0269"
  {  29529,   0,   0,   0,    0,    0 },  // 0x026A "U+026A"
  {  29529,   0,   0,   0,    0,    0 },  // 0x026B "U+026B"
  {  29529,   0,   0,   0,    0,    0 },  // 0x026C "U+026C"
  {  29529,   0,   0,   0,    0,    0 },  // 0x026D "U+026D"
  {  29529,   0,   0,   0,    0,    0 },  // 0x026E "U+026E"
  {  29529,   0,   0,   0,    0,    0 },  // 0x026F "U+026F"
  {  29529,   0,   0,   0,    0,    0 },  // 0x0270 "U+0270"
  {  29529,   0,   0,   0,    0,    0 },  // 0x0271 "U+0271"
  {  29529,   0,   0,   0,    0,    0 },  // 0x0272 "U+0272"
  {  29529,   0,   0,   0,    0,    0 },  // 0x0273 "U+0273"
  {  29529,   0,   0,   0,    0,    0 },  // 0x0274 "U+0274"
  {  29529,   0,   0,   0,    0,    0 },  // 0x0275 "U+0275"
  {  29529,   0,   0,   0,    0,    0 },  // 0x0276 "U+0276"
  {  29529,   0,   0,   0,    0,    0 },  // 0x0277 "U+0277"
  {  29529,   0,   0,   0,    0,    0 },  // 0x0278 "U+0278"
  {  29529,   0,   0,   0,    0,    0 },  // 0x0279 "U+0279"
  {  29529,   0,   0,   0,    0,    0 },  // 0x027A "U+027A"
  {  29529,   0,   0,   0,    0,    0 },  // 0x027B "U+027B"
  {  29529,   0,   0,   0,    0,    0 },  // 0x027C "U+027C"
  {  29529,   0,   0,   0,    0,    0 },  // 0x027D "U+027D"
  {  29529,   0,   0,   0,    0,    0 },  // 0x027E "U+027E"
  {  29529,   0,   0,   0,    0,    0 },  // 0x027F "U+027F"
  {  29529,   0,   0,   0,    0,    0 },  // 0x0280 "U+0280"
  {  29529,   0,   0,   0,    0,    0 },  // 0x0281 "U+0281"
  {  29529,   0,   0,   0,    0,    0 },  // 0x0282 "U+0282"
  {  29529,   0,   0,   0,    0,    0 },  // 0x0283 "U+0283"
  {  29529,   0,   0,   0,    0,    0 },  // 0x0284 "U+0284"
  {  29529,   0,   0,   0,    0,    0 },  // 0x0285 "U+0285"
  {  29529,   0,   0,   0,    0,    0 },  // 0x0286 "U+0286"
  {  29529,   0,   0,   0,    0,    0 },  // 0x0287 "U+0287"
  {  29529,   0,   0,   0,    0,    0 },  // 0x0288 "U+0288"
  {  29529,   0,   0,   0,    0,    0 },  // 0x0289 "U+0289"
  {  29529,   0,   0,   0,    0,    0 },  // 0x028A "U+028A"
  {  29529,   0,   0,   0,    0,    0 },  // 0x028B "U+028B"
  {  29529,   0,   0,   0,    0,    0 },  // 0x028C "U+028C"
  {  29529,   0,   0,   0,    0,    0 },  // 0x028D "U+028D"
  {  29529,   0,   0,   0,    0,    0 },  // 0x028E "U+028E"
  {  29529,   0,   0,   0,    0,    0 },  // 0x028F "U+028F"
  {  29529,   0,   0,   0,    0,    0 },  // 0x0290 "U+0290"
  {  29529,   0,   0,   0,    0,    0 },  // 0x0291 "U+0291"
  {  29529,   0,   0,   0,    0,    0 },  // 0x0292 "U+0292"
  {  29529,   0,   0,   0,    0,    0 },  // 0x0293 "U+0293"
  {  29529,   0,   0,   0,    0,    0 },  // 0x0294 "U+0294"
  {  29529,   0,   0,   0,    0,    0 },  // 0x0295 "U+0295"
  {  29529,   0,   0,   0,    0,    0 },  // 0x0296 "U+0296"
  {  29529,   0,   0,   0,    0,    0 },  // 0x0297 "U+0297"
  {  29529,   0,   0,   0,    0,    0 },  // 0x0298 "U+0298"
  {  29529,   0,   0,   0,    0,    0 },  // 0x0299 "U+0299"
  {  29529,   0,   0,   0,    0,    0 },  // 0x029A "U+029A"
  {  29529,   0,   0,   0,    0,    0 },  // 0x029B "U+029B"
  {  29529,   0,   0,   0,    0,    0 },  // 0x029C "U+029C"
  {  29529,   0,   0,   0,    0,    0 },  // 0x029D "U+029D"
  {  29529,   0,   0,   0,    0,    0 },  // 0x029E "U+029E"
  {  29529,   0,   0,   0,    0,    0 },  // 0x029F "U+029F"
  {  29529,   0,   0,   0,    0,    0 },  // 0x02A0 "U+02A0"
  {  29529,   0,   0,   0,    0,    0 },  // 0x02A1 "U+02A1"
  {  29529,   0,   0,   0,    0,    0 },  // 0x02A2 "U+02A2"
  {  29529,   0,   0,   0,    0,    0 },  // 0x02A3 "U+02A3"
  {  29529,   0,   0,   0,    0,    0 },  // 0x02A4 "U+02A4"
  {  29529,   0,   0,   0,    0,    0 },  // 0x02A5 "U+02A5"
  {  29529,   0,   0,   0,    0,    0 },  // 0x02A6 "U+02A6"
  {  29529,   0,   0,   0,    0,    0 },  // 0x02A7 "U+02A7"
  {  29529,   0,   0,   0,    0,    0 },  // 0x02A8 "U+02A8"
  {  29529,   0,   0,   0,    0,    0 },  // 0x02A9 "U+02A9"
  {  29529,   0,   0,   0,    0,    0 },  // 0x02AA "U+02AA"
  {  29529,   0,   0,   0,    0,    0 },  // 0x02AB "U+02AB"
  {  29529,   0,   0,   0,    0,    0 },  // 0x02AC "U+02AC"
  {  29529,   0,   0,   0,    0,    0 },  // 0x02AD "U+02AD"
  {  29529,   0,   0,   0,    0,    0 },  // 0x02AE "U+02AE"
  {  29529,   0,   0,   0,    0,    0 },  // 0x02AF "U+02AF"
  {  29529,   0,   0,   0,    0,    0 },  // 0x02B0 "U+02B0"
  {  29529,   0,   0,   0,    0,    0 },  // 0x02B1 "U+02B1"
  {  29529,   0,   0,   0,    0,    0 },  // 0x02B2 "U+02B2"
  {  29529,   0,   0,   0,    0,    0 },  // 0x02B3 "U+02B3"
  {  29529,   0,   0,   0,    0,    0 },  // 0x02B4 "U+02B4"
  {  29529,   0,   0,   0,    0,    0 },  // 0x02B5 "U+02B5"
  {  29529,   0,   0,   0,    0,    0 },  // 0x02B6 "U+02B6"
  {  29529,   0,   0,   0,    0,    0 },  // 0x02B7 "U+02B7"
  {  29529,   0,   0,   0,    0,    0 },  // 0x02B8 "U+02B8"
  {  29529,   0,   0,   0,    0,    0 },  // 0x02B9 "U+02B9"
  {  29529,   0,   0,   0,    0,    0 },  // 0x02BA "U+02BA"
  {  29529,   0,   0,   0,    0,    0 },  // 0x02BB "U+02BB"
  {  29529,   0,   0,   0,    0,    0 },  // 0x02BC "U+02BC"
  {  29529,   0,   0,   0,    0,    0 },  // 0x02BD "U+02BD"
  {  29529,   0,   0,   0,    0,    0 },  // 0x02BE "U+02BE"
  {  29529,   0,   0,   0,    0,    0 },  // 0x02BF "U+02BF"
  {  29529,   0,   0,   0,    0,    0 },  // 0x02C0 "U+02C0"
  {  29529,   0,   0,   0,    0,    0 },  // 0x02C1 "U+02C1"
  {  29529,   0,   0,   0,    0,    0 },  // 0x02C2 "U+02C2"
  {  29529,   0,   0,   0,    0,    0 },  // 0x02C3 "U+02C3"
  {  29529,   0,   0,   0,    0,    0 },  // 0x02C4 "U+02C4"
  {  29529,   0,   0,   0,    0,    0 },  // 0x02C5 "U+02C5"
  {  29529,   0,   0,   0,    0,    0 },  // 0x02C6 "U+02C6"
  {  29529,   0,   0,   0,    0,    0 },  // 0x02C7 "U+02C7"
  {  29529,   0,   0,   0,    0,    0 },  // 0x02C8 "U+02C8"
  {  29529,   0,   0,   0,    0,    0 },  // 0x02C9 "U+02C9"
  {  29529,   0,   0,   0,    0,    0 },  // 0x02CA "U+02CA"
  {  29529,   0,   0,   0,    0,    0 },  // 0x02CB "U+02CB"
  {  29529,   0,   0,   0,    0,    0 },  // 0x02CC "U+02CC"
  {  29529,   0,   0,   0,    0,    0 },  // 0x02CD "U+02CD"
  {  29529,   0,   0,   0,    0,    0 },  // 0x02CE "U+02CE"
  {  29529,   0,   0,   0,    0,    0 },  // 0x02CF "U+02CF"
  {  29529,   0,   0,   0,    0,    0 },  // 0x02D0 "U+02D0"
  {  29529,   0,   0,   0,    0,    0 },  // 0x02D1 "U+02D1"
  {  29529,   0,   0,   0,    0,    0 },  // 0x02D2 "U+02D2"
  {  29529,   0,   0,   0,    0,    0 },  // 0x02D3 "U+02D3"
  {  29529,   0,   0,   0,    0,    0 },  // 0x02D4 "U+02D4"
  {  29529,   0,   0,   0,    0,    0 },  // 0x02D5 "U+02D5"
  {  29529,   0,   0,   0,    0,    0 },  // 0x02D6 "U+02D6"
  {  29529,   0,   0,   0,    0,    0 },  // 0x02D7 "U+02D7"
  {  29529,   0,   0,   0,    0,    0 },  // 0x02D8 "U+02D8"
  {  29529,   0,   0,   0,    0,    0 },  // 0x02D9 "U+02D9"
  {  29529,   0,   0,   0,    0,    0 },  // 0x02DA "U+02DA"
  {  29529,   0,   0,   0,    0,    0 },  // 0x02DB "U+02DB"
  {  29529,   0,   0,   0,    0,    0 },  // 0x02DC "U+02DC"
  {  29529,   0,   0,   0,    0,    0 },  // 0x02DD "U+02DD"
  {  29529,   0,   0,   0,    0,    0 },  // 0x02DE "U+02DE"
  {  29529,   0,   0,   0,    0,    0 },  // 0x02DF "U+02DF"
  {  29529,   0,   0,   0,    0,    0 },  // 0x02E0 "U+02E0"
  {  29529,   0,   0,   0,    0,    0 },  // 0x02E1 "U+02E1"
  {  29529,   0,   0,   0,    0,    0 },  // 0x02E2 "U+02E2"
  {  29529,   0,   0,   0,    0,    0 },  // 0x02E3 "U+02E3"
  {  29529,   0,   0,   0,    0,    0 },  // 0x02E4 "U+02E4"
  {  29529,   0,   0,   0,    0,    0 },  // 0x02E5 "U+02E5"
  {  29529,   0,   0,   0,    0,    0 },  // 0x02E6 "U+02E6"
  {  29529,   0,   0,   0,    0,    0 },  // 0x02E7 "U+02E7"
  {  29529,   0,   0,   0,    0,    0 },  // 0x02E8 "U+02E8"
  {  29529,   0,   0,   0,    0,    0 },  // 0x02E9 "U+02E9"
  {  29529,   0,   0,   0,    0,    0 },  // 0x02EA "U+02EA"
  {  29529,   0,   0,   0,    0,    0 },  // 0x02EB "U+02EB"
  {  29529,   0,   0,   0,    0,    0 },  // 0x02EC "U+02EC"
  {  29529,   0,   0,   0,    0,    0 },  // 0x02ED "U+02ED"
  {  29529,   0,   0,   0,    0,    0 },  // 0x02EE "U+02EE"
  {  29529,   0,   0,   0,    0,    0 },  // 0x02EF "U+02EF"
  {  29529,   0,   0,   0,    0,    0 },  // 0x02F0 "U+02F0"
  {  29529,   0,   0,   0,    0,    0 },  // 0x02F1 "U+02F1"
  {  29529,   0,   0,   0,    0,    0 },  // 0x02F2 "U+02F2"
  {  29529,   0,   0,   0,    0,    0 },  // 0x02F3 "U+02F3"
  {  29529,   0,   0,   0,    0,    0 },  // 0x02F4 "U+02F4"
  {  29529,   0,   0,   0,    0,    0 },  // 0x02F5 "U+02F5"
  {  29529,   0,   0,   0,    0,    0 },  // 0x02F6 "U+02F6"
  {  29529,   0,   0,   0,    0,    0 },  // 0x02F7 "U+02F7"
  {  29529,   0,   0,   0,    0,    0 },  // 0x02F8 "U+02F8"
  {  29529,   0,   0,   0,    0,    0 },  // 0x02F9 "U+02F9"
  {  29529,   0,   0,   0,    0,    0 },  // 0x02FA "U+02FA"
  {  29529,   0,   0,   0,    0,    0 },  // 0x02FB "U+02FB"
  {  29529,   0,   0,   0,    0,    0 },  // 0x02FC "U+02FC"
  {  29529,   0,   0,   0,    0,    0 },  // 0x02FD "U+02FD"
  {  29529,   0,   0,   0,    0,    0 },  // 0x02FE "U+02FE"
  {  29529,   0,   0,   0,    0,    0 },  // 0x02FF "U+02FF"
  {  29529,   0,   0,   0,    0,    0 },  // 0x0300 "U+0300"
  {  29529,   0,   0,   0,    0,    0 },  // 0x0301 "U+0301"
  {  29529,   0,   0,   0,    0,    0 },  // 0x0302 "U+0302"
  {  29529,   0,   0,   0,    0,    0 },  // 0x0303 "U+0303"
  {  29529,   0,   0,   0,    0,    0 },  // 0x0304 "U+0304"
  {  29529,   0,   0,   0,    0,    0 },  // 0x0305 "U+0305"
  {  29529,   0,   0,   0,    0,    0 },  // 0x0306 "U+0306"
  {  29529,   0,   0,   0,    0,    0 },  // 0x0307 "U+0307"
  {  29529,   0,   0,   0,    0,    0 },  // 0x0308 "U+0308"
  {  29529,   0,   0,   0,    0,    0 },  // 0x0309 "U+0309"
  {  29529,   0,   0,   0,    0,    0 },  // 0x030A "U+030A"
  {  29529,   0,   0,   0,    0,    0 },  // 0x030B "U+030B"
  {  29529,   0,   0,   0,    0,    0 },  // 0x030C "U+030C"
  {  29529,   0,   0,   0,    0,    0 },  // 0x030D "U+030D"
  {  29529,   0,   0,   0,    0,    0 },  // 0x030E "U+030E"
  {  29529,   0,   0,   0,    0,    0 },  // 0x030F "U+030F"
  {  29529,   0,   0,   0,    0,    0 },  // 0x0310 "U+0310"
  {  29529,   0,   0,   0,    0,    0 },  // 0x0311 "U+0311"
  {  29529,   0,   0,   0,    0,    0 },  // 0x0312 "U+0312"
  {  29529,   0,   0,   0,    0,    0 },  // 0x0313 "U+0313"
  {  29529,   0,   0,   0,    0,    0 },  // 0x0314 "U+0314"
  {  29529,   0,   0,   0,    0,    0 },  // 0x0315 "U+0315"
  {  29529,   0,   0,   0,    0,    0 },  // 0x0316 "U+0316"
  {  29529,   0,   0,   0,    0,    0 },  // 0x0317 "U+0317"
  {  29529,   0,   0,   0,    0,    0 },  // 0x0318 "U+0318"
  {  29529,   0,   0,   0,    0,    0 },  // 0x0319 "U+0319"
  {  29529,   0,   0,   0,    0,    0 },  // 0x031A "U+031A"
  {  29529,   0,   0,   0,    0,    0 },  // 0x031B "U+031B"
  {  29529,   0,   0,   0,    0,    0 },  // 0x031C "U+031C"
  {  29529,   0,   0,   0,    0,    0 },  // 0x031D "U+031D"
  {  29529,   0,   0,   0,    0,    0 },  // 0x031E "U+031E"
  {  29529,   0,   0,   0,    0,    0 },  // 0x031F "U+031F"
  {  29529,   0,   0,   0,    0,    0 },  // 0x0320 "U+0320"
  {  29529,   0,   0,   0,    0,    0 },  // 0x0321 "U+0321"
  {  29529,   0,   0,   0,    0,    0 },  // 0x0322 "U+0322"
  {  29529,   0,   0,   0,    0,    0 },  // 0x0323 "U+0323"
  {  29529,   0,   0,   0,    0,    0 },  // 0x0324 "U+0324"
  {  29529,   0,   0,   0,    0,    0 },  // 0x0325 "U+0325"
  {  29529,   0,   0,   0,    0,    0 },  // 0x0326 "U+0326"
  {  29529,   0,   0,   0,    0,    0 },  // 0x0327 "U+0327"
  {  29529,   0,   0,   0,    0,    0 },  // 0x0328 "U+0328"
  {  29529,   0,   0,   0,    0,    0 },  // 0x0329 "U+0329"
  {  29529,   0,   0,   0,    0,    0 },  // 0x032A "U+032A"
  {  29529,   0,   0,   0,    0,    0 },  // 0x032B "U+032B"
  {  29529,   0,   0,   0,    0,    0 },  // 0x032C "U+032C"
  {  29529,   0,   0,   0,    0,    0 },  // 0x032D "U+032D"
  {  29529,   0,   0,   0,    0,    0 },  // 0x032E "U+032E"
  {  29529,   0,   0,   0,    0,    0 },  // 0x032F "U+032F"
  {  29529,   0,   0,   0,    0,    0 },  // 0x0330 "U+0330"
  {  29529,   0,   0,   0,    0,    0 },  // 0x0331 "U+0331"
  {  29529,   0,   0,   0,    0,    0 },  // 0x0332 "U+0332"
  {  29529,   0,   0,   0,    0,    0 },  // 0x0333 "U+0333"
  {  29529,   0,   0,   0,    0,    0 },  // 0x0334 "U+0334"
  {  29529,   0,   0,   0,    0,    0 },  // 0x0335 "U+0335"
  {  29529,   0,   0,   0,    0,    0 },  // 0x0336 "U+0336"
  {  29529,   0,   0,   0,    0,    0 },  // 0x0337 "U+0337"
  {  29529,   0,   0,   0,    0,    0 },  // 0x0338 "U+0338"
  {  29529,   0,   0,   0,    0,    0 },  // 0x0339 "U+0339"
  {  29529,   0,   0,   0,    0,    0 },  // 0x033A "U+033A"
  {  29529,   0,   0,   0,    0,    0 },  // 0x033B "U+033B"
  {  29529,   0,   0,   0,    0,    0 },  // 0x033C "U+033C"
  {  29529,   0,   0,   0,    0,    0 },  // 0x033D "U+033D"
  {  29529,   0,   0,   0,    0,    0 },  // 0x033E "U+033E"
  {  29529,   0,   0,   0,    0,    0 },  // 0x033F "U+033F"
  {  29529,   0,   0,   0,    0,    0 },  // 0x0340 "U+0340"
  {  29529,   0,   0,   0,    0,    0 },  // 0x0341 "U+0341"
  {  29529,   0,   0,   0,    0,    0 },  // 0x0342 "U+0342"
  {  29529,   0,   0,   0,    0,    0 },  // 0x0343 "U+0343"
  {  29529,   0,   0,   0,    0,    0 },  // 0x0344 "U+0344"
  {  29529,   0,   0,   0,    0,    0 },  // 0x0345 "U+0345"
  {  29529,   0,   0,   0,    0,    0 },  // 0x0346 "U+0346"
  {  29529,   0,   0,   0,    0,    0 },  // 0x0347 "U+0347"
  {  29529,   0,   0,   0,    0,    0 },  // 0x0348 "U+0348"
  {  29529,   0,   0,   0,    0,    0 },  // 0x0349 "U+0349"
  {  29529,   0,   0,   0,    0,    0 },  // 0x034A "U+034A"
  {  29529,   0,   0,   0,    0,    0 },  // 0x034B "U+034B"
  {  29529,   0,   0,   0,    0,    0 },  // 0x034C "U+034C"
  {  29529,   0,   0,   0,    0,    0 },  // 0x034D "U+034D"
  {  29529,   0,   0,   0,    0,    0 },  // 0x034E "U+034E"
  {  29529,   0,   0,   0,    0,    0 },  // 0x034F "U+034F"
  {  29529,   0,   0,   0,    0,    0 },  // 0x0350 "U+0350"
  {  29529,   0,   0,   0,    0,    0 },  // 0x0351 "U+0351"
  {  29529,   0,   0,   0,    0,    0 },  // 0x0352 "U+0352"
  {  29529,   0,   0,   0,    0,    0 },  // 0x0353 "U+0353"
  {  29529,   0,   0,   0,    0,    0 },  // 0x0354 "U+0354"
  {  29529,   0,   0,   0,    0,    0 },  // 0x0355 "U+0355"
  {  29529,   0,   0,   0,    0,    0 },  // 0x0356 "U+0356"
  {  29529,   0,   0,   0,    0,    0 },  // 0x0357 "U+0357"
  {  29529,   0,   0,   0,    0,    0 },  // 0x0358 "U+0358"
  {  29529,   0,   0,   0,    0,    0 },  // 0x0359 "U+0359"
  {  29529,   0,   0,   0,    0,    0 },  // 0x035A "U+035A"
  {  29529,   0,   0,   0,    0,    0 },  // 0x035B "U+035B"
  {  29529,   0,   0,   0,    0,    0 },  // 0x035C "U+035C"
  {  29529,   0,   0,   0,    0,    0 },  // 0x035D "U+035D"
  {  29529,   0,   0,   0,    0,    0 },  // 0x035E "U+035E"
  {  29529,   0,   0,   0,    0,    0 },  // 0x035F "U+035F"
  {  29529,   0,   0,   0,    0,    0 },  // 0x0360 "U+0360"
  {  29529,   0,   0,   0,    0,    0 },  // 0x0361 "U+0361"
  {  29529,   0,   0,   0,    0,    0 },  // 0x0362 "U+0362"
  {  29529,   0,   0,   0,    0,    0 },  // 0x0363 "U+0363"
  {  29529,   0,   0,   0,    0,    0 },  // 0x0364 "U+0364"
  {  29529,   0,   0,   0,    0,    0 },  // 0x0365 "U+0365"
  {  29529,   0,   0,   0,    0,    0 },  // 0x0366 "U+0366"
  {  29529,   0,   0,   0,    0,    0 },  // 0x0367 "U+0367"
  {  29529,   0,   0,   0,    0,    0 },  // 0x0368 "U+0368"
  {  29529,   0,   0,   0,    0,    0 },  // 0x0369 "U+0369"
  {  29529,   0,   0,   0,    0,    0 },  // 0x036A "U+036A"
  {  29529,   0,   0,   0,    0,    0 },  // 0x036B "U+036B"
  {  29529,   0,   0,   0,    0,    0 },  // 0x036C "U+036C"
  {  29529,   0,   0,   0,    0,    0 },  // 0x036D "U+036D"
  {  29529,   0,   0,   0,    0,    0 },  // 0x036E "U+036E"
  {  29529,   0,   0,   0,    0,    0 },  // 0x036F "U+036F"
  {  29529,   0,   0,   0,    0,    0 },  // 0x0370 "U+0370"
  {  29529,   0,   0,   0,    0,    0 },  // 0x0371 "U+0371"
  {  29529,   0,   0,   0,    0,    0 },  // 0x0372 "U+0372"
  {  29529,   0,   0,   0,    0,    0 },  // 0x0373 "U+0373"
  {  29529,   0,   0,   0,    0,    0 },  // 0x0374 "U+0374"
  {  29529,   0,   0,   0,    0,    0 },  // 0x0375 "U+0375"
  {  29529,   0,   0,   0,    0,    0 },  // 0x0376 "U+0376"
  {  29529,   0,   0,   0,    0,    0 },  // 0x0377 "U+0377"
  {  29529,   0,   0,   0,    0,    0 },  // 0x0378 "U+0378"
  {  29529,   0,   0,   0,    0,    0 },  // 0x0379 "U+0379"
  {  29529,   0,   0,   0,    0,    0 },  // 0x037A "U+037A"
  {  29529,   0,   0,   0,    0,    0 },  // 0x037B "U+037B"
  {  29529,   0,   0,   0,    0,    0 },  // 0x037C "U+037C"
  {  29529,   0,   0,   0,    0,    0 },  // 0x037D "U+037D"
  {  29529,   0,   0,   0,    0,    0 },  // 0x037E "U+037E"
  {  29529,   0,   0,   0,    0,    0 },  // 0x037F "U+037F"
  {  29529,   0,   0,   0,    0,    0 },  // 0x0380 "U+0380"
  {  29529,   0,   0,   0,    0,    0 },  // 0x0381 "U+0381"
  {  29529,   0,   0,   0,    0,    0 },  // 0x0382 "U+0382"
  {  29529,   0,   0,   0,    0,    0 },  // 0x0383 "U+0383"
  {  29529,   0,   0,   0,    0,    0 },  // 0x0384 "U+0384"
  {  29529,   0,   0,   0,    0,    0 },  // 0x0385 "U+0385"
  {  29529,   0,   0,   0,    0,    0 },  // 0x0386 "U+0386"
  {  29529,   0,   0,   0,    0,    0 },  // 0x0387 "U+0387"
  {  29529,   0,   0,   0,    0,    0 },  // 0x0388 "U+0388"
  {  29529,   0,   0,   0,    0,    0 },  // 0x0389 "U+0389"
  {  29529,   0,   0,   0,    0,    0 },  // 0x038A "U+038A"
  {  29529,   0,   0,   0,    0,    0 },  // 0x038B "U+038B"
  {  29529,   0,   0,   0,    0,    0 },  // 0x038C "U+038C"
  {  29529,   0,   0,   0,    0,    0 },  // 0x038D "U+038D"
  {  29529,   0,   0,   0,    0,    0 },  // 0x038E "U+038E"
  {  29529,   0,   0,   0,    0,    0 },  // 0x038F "U+038F"
  {  29529,   0,   0,   0,    0,    0 },  // 0x0390 "U+0390"
  {  29529,   0,   0,   0,    0,    0 },  // 0x0391 "U+0391"
  {  29529,   0,   0,   0,    0,    0 },  // 0x0392 "U+0392"
  {  29529,   0,   0,   0,    0,    0 },  // 0x0393 "U+0393"
  {  29529,   0,   0,   0,    0,    0 },  // 0x0394 "U+0394"
  {  29529,   0,   0,   0,    0,    0 },  // 0x0395 "U+0395"
  {  29529,   0,   0,   0,    0,    0 },  // 0x0396 "U+0396"
  {  29529,   0,   0,   0,    0,    0 },  // 0x0397 "U+0397"
  {  29529,   0,   0,   0,    0,    0 },  // 0x0398 "U+0398"
  {  29529,   0,   0,   0,    0,    0 },  // 0x0399 "U+0399"
  {  29529,   0,   0,   0,    0,    0 },  // 0x039A "U+039A"
  {  29529,   0,   0,   0,    0,    0 },  // 0x039B "U+039B"
  {  29529,   0,   0,   0,    0,    0 },  // 0x039C "U+039C"
  {  29529,   0,   0,   0,    0,    0 },  // 0x039D "U+039D"
  {  29529,   0,   0,   0,    0,    0 },  // 0x039E "U+039E"
  {  29529,   0,   0,   0,    0,    0 },  // 0x039F "U+039F"
  {  29529,   0,   0,   0,    0,    0 },  // 0x03A0 "U+03A0"
  {  29529,   0,   0,   0,    0,    0 },  // 0x03A1 "U+03A1"
  {  29529,   0,   0,   0,    0,    0 },  // 0x03A2 "U+03A2"
  {  29529,   0,   0,   0,    0,    0 },  // 0x03A3 "U+03A3"
  {  29529,   0,   0,   0,    0,    0 },  // 0x03A4 "U+03A4"
  {  29529,   0,   0,   0,    0,    0 },  // 0x03A5 "U+03A5"
  {  29529,   0,   0,   0,    0,    0 },  // 0x03A6 "U+03A6"
  {  29529,   0,   0,   0,    0,    0 },  // 0x03A7 "U+03A7"
  {  29529,   0,   0,   0,    0,    0 },  // 0x03A8 "U+03A8"
  {  29529,   0,   0,   0,    0,    0 },  // 0x03A9 "U+03A9"
  {  29529,   0,   0,   0,    0,    0 },  // 0x03AA "U+03AA"
  {  29529,   0,   0,   0,    0,    0 },  // 0x03AB "U+03AB"
  {  29529,   0,   0,   0,    0,    0 },  // 0x03AC "U+03AC"
  {  29529,   0,   0,   0,    0,    0 },  // 0x03AD "U+03AD"
  {  29529,   0,   0,   0,    0,    0 },  // 0x03AE "U+03AE"
  {  29529,   0,   0,   0,    0,    0 },  // 0x03AF "U+03AF"
  {  29529,   0,   0,   0,    0,    0 },  // 0x03B0 "U+03B0"
  {  29529,   0,   0,   0,    0,    0 },  // 0x03B1 "U+03B1"
  {  29529,   0,   0,   0,    0,    0 },  // 0x03B2 "U+03B2"
  {  29529,   0,   0,   0,    0,    0 },  // 0x03B3 "U+03B3"
  {  29529,   0,   0,   0,    0,    0 },  // 0x03B4 "U+03B4"
  {  29529,   0,   0,   0,    0,    0 },  // 0x03B5 "U+03B5"
  {  29529,   0,   0,   0,    0,    0 },  // 0x03B6 "U+03B6"
  {  29529,   0,   0,   0,    0,    0 },  // 0x03B7 "U+03B7"
  {  29529,   0,   0,   0,    0,    0 },  // 0x03B8 "U+03B8"
  {  29529,   0,   0,   0,    0,    0 },  // 0x03B9 "U+03B9"
  {  29529,   0,   0,   0,    0,    0 },  // 0x03BA "U+03BA"
  {  29529,   0,   0,   0,    0,    0 },  // 0x03BB "U+03BB"
  {  29529,   0,   0,   0,    0,    0 },  // 0x03BC "U+03BC"
  {  29529,   0,   0,   0,    0,    0 },  // 0x03BD "U+03BD"
  {  29529,   0,   0,   0,    0,    0 },  // 0x03BE "U+03BE"
  {  29529,   0,   0,   0,    0,    0 },  // 0x03BF "U+03BF"
  {  29529,   0,   0,   0,    0,    0 },  // 0x03C0 "U+03C0"
  {  29529,   0,   0,   0,    0,    0 },  // 0x03C1 "U+03C1"
  {  29529,   0,   0,   0,    0,    0 },  // 0x03C2 "U+03C2"
  {  29529,   0,   0,   0,    0,    0 },  // 0x03C3 "U+03C3"
  {  29529,   0,   0,   0,    0,    0 },  // 0x03C4 "U+03C4"
  {  29529,   0,   0,   0,    0,    0 },  // 0x03C5 "U+03C5"
  {  29529,   0,   0,   0,    0,    0 },  // 0x03C6 "U+03C6"
  {  29529,   0,   0,   0,    0,    0 },  // 0x03C7 "U+03C7"
  {  29529,   0,   0,   0,    0,    0 },  // 0x03C8 "U+03C8"
  {  29529,   0,   0,   0,    0,    0 },  // 0x03C9 "U+03C9"
  {  29529,   0,   0,   0,    0,    0 },  // 0x03CA "U+03CA"
  {  29529,   0,   0,   0,    0,    0 },  // 0x03CB "U+03CB"
  {  29529,   0,   0,   0,    0,    0 },  // 0x03CC "U+03CC"
  {  29529,   0,   0,   0,    0,    0 },  // 0x03CD "U+03CD"
  {  29529,   0,   0,   0,    0,    0 },  // 0x03CE "U+03CE"
  {  29529,   0,   0,   0,    0,    0 },  // 0x03CF "U+03CF"
  {  29529,   0,   0,   0,    0,    0 },  // 0x03D0 "U+03D0"
  {  29529,   0,   0,   0,    0,    0 },  // 0x03D1 "U+03D1"
  {  29529,   0,   0,   0,    0,    0 },  // 0x03D2 "U+03D2"
  {  29529,   0,   0,   0,    0,    0 },  // 0x03D3 "U+03D3"
  {  29529,   0,   0,   0,    0,    0 },  // 0x03D4 "U+03D4"
  {  29529,   0,   0,   0,    0,    0 },  // 0x03D5 "U+03D5"
  {  29529,   0,   0,   0,    0,    0 },  // 0x03D6 "U+03D6"
  {  29529,   0,   0,   0,    0,    0 },  // 0x03D7 "U+03D7"
  {  29529,   0,   0,   0,    0,    0 },  // 0x03D8 "U+03D8"
  {  29529,   0,   0,   0,    0,    0 },  // 0x03D9 "U+03D9"
  {  29529,   0,   0,   0,    0,    0 },  // 0x03DA "U+03DA"
  {  29529,   0,   0,   0,    0,    0 },  // 0x03DB "U+03DB"
  {  29529,   0,   0,   0,    0,    0 },  // 0x03DC "U+03DC"
  {  29529,   0,   0,   0,    0,    0 },  // 0x03DD "U+03DD"
  {  29529,   0,   0,   0,    0,    0 },  // 0x03DE "U+03DE"
  {  29529,   0,   0,   0,    0,    0 },  // 0x03DF "U+03DF"
  {  29529,   0,   0,   0,    0,    0 },  // 0x03E0 "U+03E0"
  {  29529,   0,   0,   0,    0,    0 },  // 0x03E1 "U+03E1"
  {  29529,   0,   0,   0,    0,    0 },  // 0x03E2 "U+03E2"
  {  29529,   0,   0,   0,    0,    0 },  // 0x03E3 "U+03E3"
  {  29529,   0,   0,   0,    0,    0 },  // 0x03E4 "U+03E4"
  {  29529,   0,   0,   0,    0,    0 },  // 0x03E5 "U+03E5"
  {  29529,   0,   0,   0,    0,    0 },  // 0x03E6 "U+03E6"
  {  29529,   0,   0,   0,    0,    0 },  // 0x03E7 "U+03E7"
  {  29529,   0,   0,   0,    0,    0 },  // 0x03E8 "U+03E8"
  {  29529,   0,   0,   0,    0,    0 },  // 0x03E9 "U+03E9"
  {  29529,   0,   0,   0,    0,    0 },  // 0x03EA "U+03EA"
  {  29529,   0,   0,   0,    0,    0 },  // 0x03EB "U+03EB"
  {  29529,   0,   0,   0,    0,    0 },  // 0x03EC "U+03EC"
  {  29529,   0,   0,   0,    0,    0 },  // 0x03ED "U+03ED"
  {  29529,   0,   0,   0,    0,    0 },  // 0x03EE "U+03EE"
  {  29529,   0,   0,   0,    0,    0 },  // 0x03EF "U+03EF"
  {  29529,   0,   0,   0,    0,    0 },  // 0x03F0 "U+03F0"
  {  29529,   0,   0,   0,    0,    0 },  // 0x03F1 "U+03F1"
  {  29529,   0,   0,   0,    0,    0 },  // 0x03F2 "U+03F2"
  {  29529,   0,   0,   0,    0,    0 },  // 0x03F3 "U+03F3"
  {  29529,   0,   0,   0,    0,    0 },  // 0x03F4 "U+03F4"
  {  29529,   0,   0,   0,    0,    0 },  // 0x03F5 "U+03F5"
  {  29529,   0,   0,   0,    0,    0 },  // 0x03F6 "U+03F6"
  {  29529,   0,   0,   0,    0,    0 },  // 0x03F7 "U+03F7"
  {  29529,   0,   0,   0,    0,    0 },  // 0x03F8 "U+03F8"
  {  29529,   0,   0,   0,    0,    0 },  // 0x03F9 "U+03F9"
  {  29529,   0,   0,   0,    0,    0 },  // 0x03FA "U+03FA"
  {  29529,   0,   0,   0,    0,    0 },  // 0x03FB "U+03FB"
  {  29529,   0,   0,   0,    0,    0 },  // 0x03FC "U+03FC"
  {  29529,   0,   0,   0,    0,    0 },  // 0x03FD "U+03FD"
  {  29529,   0,   0,   0,    0,    0 },  // 0x03FE "U+03FE"
  {  29529,   0,   0,   0,    0,    0 },  // 0x03FF "U+03FF"
  {  29529,   0,   0,   0,    0,    0 },  // 0x0400 "U+0400"
  {  29529,   0,   0,   0,    0,    0 },  // 0x0401 "U+0401"
  {  29529,   0,   0,   0,    0,    0 },  // 0x0402 "U+0402"
  {  29529,   0,   0,   0,    0,    0 },  // 0x0403 "U+0403"
  {  29529,   0,   0,   0,    0,    0 },  // 0x0404 "U+0404"
  {  29529,   0,   0,   0,    0,    0 },  // 0x0405 "U+0405"
  {  29529,   0,   0,   0,    0,    0 },  // 0x0406 "U+0406"
  {  29529,   0,   0,   0,    0,    0 },  // 0x0407 "U+0407"
  {  29529,   0,   0,   0,    0,    0 },  // 0x0408 "U+0408"
  {  29529,   0,   0,   0,    0,    0 },  // 0x0409 "U+0409"
  {  29529,   0,   0,   0,    0,    0 },  // 0x040A "U+040A"
  {  29529,   0,   0,   0,    0,    0 },  // 0x040B "U+040B"
  {  29529,   0,   0,   0,    0,    0 },  // 0x040C "U+040C"
  {  29529,   0,   0,   0,    0,    0 },  // 0x040D "U+040D"
  {  29529,   0,   0,   0,    0,    0 },  // 0x040E "U+040E"
  {  29529,   0,   0,   0,    0,    0 },  // 0x040F "U+040F"
  {  29529,   0,   0,   0,    0,    0 },  // 0x0410 "U+0410"
  {  29529,   0,   0,   0,    0,    0 },  // 0x0411 "U+0411"
  {  29529,   0,   0,   0,    0,    0 },  // 0x0412 "U+0412"
  {  29529,   0,   0,   0,    0,    0 },  // 0x0413 "U+0413"
  {  29529,   0,   0,   0,    0,    0 },  // 0x0414 "U+0414"
  {  29529,   0,   0,   0,    0,    0 },  // 0x0415 "U+0415"
  {  29529,   0,   0,   0,    0,    0 },  // 0x0416 "U+0416"
  {  29529,   0,   0,   0,    0,    0 },  // 0x0417 "U+0417"
  {  29529,   0,   0,   0,    0,    0 },  // 0x0418 "U+0418"
  {  29529,   0,   0,   0,    0,    0 },  // 0x0419 "U+0419"
  {  29529,   0,   0,   0,    0,    0 },  // 0x041A "U+041A"
  {  29529,   0,   0,   0,    0,    0 },  // 0x041B "U+041B"
  {  29529,   0,   0,   0,    0,    0 },  // 0x041C "U+041C"
  {  29529,   0,   0,   0,    0,    0 },  // 0x041D "U+041D"
  {  29529,   0,   0,   0,    0,    0 },  // 0x041E "U+041E"
  {  29529,   0,   0,   0,    0,    0 },  // 0x041F "U+041F"
  {  29529,   0,   0,   0,    0,    0 },  // 0x0420 "U+0420"
  {  29529,   0,   0,   0,    0,    0 },  // 0x0421 "U+0421"
  {  29529,   0,   0,   0,    0,    0 },  // 0x0422 "U+0422"
  {  29529,   0,   0,   0,    0,    0 },  // 0x0423 "U+0423"
  {  29529,   0,   0,   0,    0,    0 },  // 0x0424 "U+0424"
  {  29529,   0,   0,   0,    0,    0 },  // 0x0425 "U+0425"
  {  29529,   0,   0,   0,    0,    0 },  // 0x0426 "U+0426"
  {  29529,   0,   0,   0,    0,    0 },  // 0x0427 "U+0427"
  {  29529,   0,   0,   0,    0,    0 },  // 0x0428 "U+0428"
  {  29529,   0,   0,   0,    0,    0 },  // 0x0429 "U+0429"
  {  29529,   0,   0,   0,    0,    0 },  // 0x042A "U+042A"
  {  29529,   0,   0,   0,    0,    0 },  // 0x042B "U+042B"
  {  29529,   0,   0,   0,    0,    0 },  // 0x042C "U+042C"
  {  29529,   0,   0,   0,    0,    0 },  // 0x042D "U+042D"
  {  29529,   0,   0,   0,    0,    0 },  // 0x042E "U+042E"
  {  29529,   0,   0,   0,    0,    0 },  // 0x042F "U+042F"
  {  29529,   0,   0,   0,    0,    0 },  // 0x0430 "U+0430"
  {  29529,   0,   0,   0,    0,    0 },  // 0x0431 "U+0431"
  {  29529,   0,   0,   0,    0,    0 },  // 0x0432 "U+0432"
  {  29529,   0,   0,   0,    0,    0 },  // 0x0433 "U+0433"
  {  29529,   0,   0,   0,    0,    0 },  // 0x0434 "U+0434"
  {  29529,   0,   0,   0,    0,    0 },  // 0x0435 "U+0435"
  {  29529,   0,   0,   0,    0,    0 },  // 0x0436 "U+0436"
  {  29529,   0,   0,   0,    0,    0 },  // 0x0437 "U+0437"
  {  29529,   0,   0,   0,    0,    0 },  // 0x0438 "U+0438"
  {  29529,   0,   0,   0,    0,    0 },  // 0x0439 "U+0439"
  {  29529,   0,   0,   0,    0,    0 },  // 0x043A "U+043A"
  {  29529,   0,   0,   0,    0,    0 },  // 0x043B "U+043B"
  {  29529,   0,   0,   0,    0,    0 },  // 0x043C "U+043C"
  {  29529,   0,   0,   0,    0,    0 },  // 0x043D "U+043D"
  {  29529,   0,   0,   0,    0,    0 },  // 0x043E "U+043E"
  {  29529,   0,   0,   0,    0,    0 },  // 0x043F "U+043F"
  {  29529,   0,   0,   0,    0,    0 },  // 0x0440 "U+0440"
  {  29529,   0,   0,   0,    0,    0 },  // 0x0441 "U+0441"
  {  29529,   0,   0,   0,    0,    0 },  // 0x0442 "U+0442"
  {  29529,   0,   0,   0,    0,    0 },  // 0x0443 "U+0443"
  {  29529,   0,   0,   0,    0,    0 },  // 0x0444 "U+0444"
  {  29529,   0,   0,   0,    0,    0 },  // 0x0445 "U+0445"
  {  29529,   0,   0,   0,    0,    0 },  // 0x0446 "U+0446"
  {  29529,   0,   0,   0,    0,    0 },  // 0x0447 "U+0447"
  {  29529,   0,   0,   0,    0,    0 },  // 0x0448 "U+0448"
  {  29529,   0,   0,   0,    0,    0 },  // 0x0449 "U+0449"
  {  29529,   0,   0,   0,    0,    0 },  // 0x044A "U+044A"
  {  29529,   0,   0,   0,    0,    0 },  // 0x044B "U+044B"
  {  29529,   0,   0,   0,    0,    0 },  // 0x044C "U+044C"
  {  29529,   0,   0,   0,    0,    0 },  // 0x044D "U+044D"
  {  29529,   0,   0,   0,    0,    0 },  // 0x044E "U+044E"
  {  29529,   0,   0,   0,    0,    0 },  // 0x044F "U+044F"
  {  29529,   0,   0,   0,    0,    0 },  // 0x0450 "U+0450"
  {  29529,   0,   0,   0,    0,    0 },  // 0x0451 "U+0451"
  {  29529,   0,   0,   0,    0,    0 },  // 0x0452 "U+0452"
  {  29529,   0,   0,   0,    0,    0 },  // 0x0453 "U+0453"
  {  29529,   0,   0,   0,    0,    0 },  // 0x0454 "U+0454"
  {  29529,   0,   0,   0,    0,    0 },  // 0x0455 "U+0455"
  {  29529,   0,   0,   0,    0,    0 },  // 0x0456 "U+0456"
  {  29529,   0,   0,   0,    0,    0 },  // 0x0457 "U+0457"
  {  29529,   0,   0,   0,    0,    0 },  // 0x0458 "U+0458"
  {  29529,   0,   0,   0,    0,    0 },  // 0x0459 "U+0459"
  {  29529,   0,   0,   0,    0,    0 },  // 0x045A "U+045A"
  {  29529,   0,   0,   0,    0,    0 },  // 0x045B "U+045B"
  {  29529,   0,   0,   0,    0,    0 },  // 0x045C "U+045C"
  {  29529,   0,   0,   0,    0,    0 },  // 0x045D "U+045D"
  {  29529,   0,   0,   0,    0,    0 },  // 0x045E "U+045E"
  {  29529,   0,   0,   0,    0,    0 },  // 0x045F "U+045F"
  {  29529,   0,   0,   0,    0,    0 },  // 0x0460 "U+0460"
  {  29529,   0,   0,   0,    0,    0 },  // 0x0461 "U+0461"
  {  29529,   0,   0,   0,    0,    0 },  // 0x0462 "U+0462"
  {  29529,   0,   0,   0,    0,    0 },  // 0x0463 "U+0463"
  {  29529,   0,   0,   0,    0,    0 },  // 0x0464 "U+0464"
  {  29529,   0,   0,   0,    0,    0 },  // 0x0465 "U+0465"
  {  29529,   0,   0,   0,    0,    0 },  // 0x0466 "U+0466"
  {  29529,   0,   0,   0,    0,    0 },  // 0x0467 "U+0467"
  {  29529,   0,   0,   0,    0,    0 },  // 0x0468 "U+0468"
  {  29529,   0,   0,   0,    0,    0 },  // 0x0469 "U+0469"
  {  29529,   0,   0,   0,    0,    0 },  // 0x046A "U+046A"
  {  29529,   0,   0,   0,    0,    0 },  // 0x046B "U+046B"
  {  29529,   0,   0,   0,    0,    0 },  // 0x046C "U+046C"
  {  29529,   0,   0,   0,    0,    0 },  // 0x046D "U+046D"
  {  29529,   0,   0,   0,    0,    0 },  // 0x046E "U+046E"
  {  29529,   0,   0,   0,    0,    0 },  // 0x046F "U+046F"
  {  29529,   0,   0,   0,    0,    0 },  // 0x0470 "U+0470"
  {  29529,   0,   0,   0,    0,    0 },  // 0x0471 "U+0471"
  {  29529,   0,   0,   0,    0,    0 },  // 0x0472 "U+0472"
  {  29529,   0,   0,   0,    0,    0 },  // 0x0473 "U+0473"
  {  29529,   0,   0,   0,    0,    0 },  // 0x0474 "U+0474"
  {  29529,   0,   0,   0,    0,    0 },  // 0x0475 "U+0475"
  {  29529,   0,   0,   0,    0,    0 },  // 0x0476 "U+0476"
  {  29529,   0,   0,   0,    0,    0 },  // 0x0477 "U+0477"
  {  29529,   0,   0,   0,    0,    0 },  // 0x0478 "U+0478"
  {  29529,   0,   0,   0,    0,    0 },  // 0x0479 "U+0479"
  {  29529,   0,   0,   0,    0,    0 },  // 0x047A "U+047A"
  {  29529,   0,   0,   0,    0,    0 },  // 0x047B "U+047B"
  {  29529,   0,   0,   0,    0,    0 },  // 0x047C "U+047C"
  {  29529,   0,   0,   0,    0,    0 },  // 0x047D "U+047D"
  {  29529,   0,   0,   0,    0,    0 },  // 0x047E "U+047E"
  {  29529,   0,   0,   0,    0,    0 },  // 0x047F "U+047F"
  {  29529,   0,   0,   0,    0,    0 },  // 0x0480 "U+0480"
  {  29529,   0,   0,   0,    0,    0 },  // 0x0481 "U+0481"
  {  29529,   0,   0,   0,    0,    0 },  // 0x0482 "U+0482"
  {  29529,   0,   0,   0,    0,    0 },  // 0x0483 "U+0483"
  {  29529,   0,   0,   0,    0,    0 },  // 0x0484 "U+0484"
  {  29529,   0,   0,   0,    0,    0 },  // 0x0485 "U+0485"
  {  29529,   0,   0,   0,    0,    0 },  // 0x0486 "U+0486"
  {  29529,   0,   0,   0,    0,    0 },  // 0x0487 "U+0487"
  {  29529,   0,   0,   0,    0,    0 },  // 0x0488 "U+0488"
  {  29529,   0,   0,   0,    0,    0 },  // 0x0489 "U+0489"
  {  29529,   0,   0,   0,    0,    0 },  // 0x048A "U+048A"
  {  29529,   0,   0,   0,    0,    0 },  // 0x048B "U+048B"
  {  29529,   0,   0,   0,    0,    0 },  // 0x048C "U+048C"
  {  29529,   0,   0,   0,    0,    0 },  // 0x048D "U+048D"
  {  29529,   0,   0,   0,    0,    0 },  // 0x048E "U+048E"
  {  29529,   0,   0,   0,    0,    0 },  // 0x048F "U+048F"
  {  29529,   0,   0,   0,    0,    0 },  // 0x0490 "U+0490"
  {  29529,   0,   0,   0,    0,    0 },  // 0x0491 "U+0491"
  {  29529,   0,   0,   0,    0,    0 },  // 0x0492 "U+0492"
  {  29529,   0,   0,   0,    0,    0 },  // 0x0493 "U+0493"
  {  29529,   0,   0,   0,    0,    0 },  // 0x0494 "U+0494"
  {  29529,   0,   0,   0,    0,    0 },  // 0x0495 "U+0495"
  {  29529,   0,   0,   0,    0,    0 },  // 0x0496 "U+0496"
  {  29529,   0,   0,   0,    0,    0 },  // 0x0497 "U+0497"
  {  29529,   0,   0,   0,    0,    0 },  // 0x0498 "U+0498"
  {  29529,   0,   0,   0,    0,    0 },  // 0x0499 "U+0499"
  {  29529,   0,   0,   0,    0,    0 },  // 0x049A "U+049A"
  {  29529,   0,   0,   0,    0,    0 },  // 0x049B "U+049B"
  {  29529,   0,   0,   0,    0,    0 },  // 0x049C "U+049C"
  {  29529,   0,   0,   0,    0,    0 },  // 0x049D "U+049D"
  {  29529,   0,   0,   0,    0,    0 },  // 0x049E "U+049E"
  {  29529,   0,   0,   0,    0,    0 },  // 0x049F "U+049F"
  {  29529,   0,   0,   0,    0,    0 },  // 0x04A0 "U+04A0"
  {  29529,   0,   0,   0,    0,    0 },  // 0x04A1 "U+04A1"
  {  29529,   0,   0,   0,    0,    0 },  // 0x04A2 "U+04A2"
  {  29529,   0,   0,   0,    0,    0 },  // 0x04A3 "U+04A3"
  {  29529,   0,   0,   0,    0,    0 },  // 0x04A4 "U+04A4"
  {  29529,   0,   0,   0,    0,    0 },  // 0x04A5 "U+04A5"
  {  29529,   0,   0,   0,    0,    0 },  // 0x04A6 "U+04A6"
  {  29529,   0,   0,   0,    0,    0 },  // 0x04A7 "U+04A7"
  {  29529,   0,   0,   0,    0,    0 },  // 0x04A8 "U+04A8"
  {  29529,   0,   0,   0,    0,    0 },  // 0x04A9 "U+04A9"
  {  29529,   0,   0,   0,    0,    0 },  // 0x04AA "U+04AA"
  {  29529,   0,   0,   0,    0,    0 },  // 0x04AB "U+04AB"
  {  29529,   0,   0,   0,    0,    0 },  // 0x04AC "U+04AC"
  {  29529,   0,   0,   0,    0,    0 },  // 0x04AD "U+04AD"
  {  29529,   0,   0,   0,    0,    0 },  // 0x04AE "U+04AE"
  {  29529,   0,   0,   0,    0,    0 },  // 0x04AF "U+04AF"
  {  29529,   0,   0,   0,    0,    0 },  // 0x04B0 "U+04B0"
  {  29529,   0,   0,   0,    0,    0 },  // 0x04B1 "U+04B1"
  {  29529,   0,   0,   0,    0,    0 },  // 0x04B2 "U+04B2"
  {  29529,   0,   0,   0,    0,    0 },  // 0x04B3 "U+04B3"
  {  29529,   0,   0,   0,    0,    0 },  // 0x04B4 "U+04B4"
  {  29529,   0,   0,   0,    0,    0 },  // 0x04B5 "U+04B5"
  {  29529,   0,   0,   0,    0,    0 },  // 0x04B6 "U+04B6"
  {  29529,   0,   0,   0,    0,    0 },  // 0x04B7 "U+04B7"
  {  29529,   0,   0,   0,    0,    0 },  // 0x04B8 "U+04B8"
  {  29529,   0,   0,   0,    0,    0 },  // 0x04B9 "U+04B9"
  {  29529,   0,   0,   0,    0,    0 },  // 0x04BA "U+04BA"
  {  29529,   0,   0,   0,    0,    0 },  // 0x04BB "U+04BB"
  {  29529,   0,   0,   0,    0,    0 },  // 0x04BC "U+04BC"
  {  29529,   0,   0,   0,    0,    0 },  // 0x04BD "U+04BD"
  {  29529,   0,   0,   0,    0,    0 },  // 0x04BE "U+04BE"
  {  29529,   0,   0,   0,    0,    0 },  // 0x04BF "U+04BF"
  {  29529,   0,   0,   0,    0,    0 },  // 0x04C0 "U+04C0"
  {  29529,   0,   0,   0,    0,    0 },  // 0x04C1 "U+04C1"
  {  29529,   0,   0,   0,    0,    0 },  // 0x04C2 "U+04C2"
  {  29529,   0,   0,   0,    0,    0 },  // 0x04C3 "U+04C3"
  {  29529,   0,   0,   0,    0,    0 },  // 0x04C4 "U+04C4"
  {  29529,   0,   0,   0,    0,    0 },  // 0x04C5 "U+04C5"
  {  29529,   0,   0,   0,    0,    0 },  // 0x04C6 "U+04C6"
  {  29529,   0,   0,   0,    0,    0 },  // 0x04C7 "U+04C7"
  {  29529,   0,   0,   0,    0,    0 },  // 0x04C8 "U+04C8"
  {  29529,   0,   0,   0,    0,    0 },  // 0x04C9 "U+04C9"
  {  29529,   0,   0,   0,    0,    0 },  // 0x04CA "U+04CA"
  {  29529,   0,   0,   0,    0,    0 },  // 0x04CB "U+04CB"
  {  29529,   0,   0,   0,    0,    0 },  // 0x04CC "U+04CC"
  {  29529,   0,   0,   0,    0,    0 },  // 0x04CD "U+04CD"
  {  29529,   0,   0,   0,    0,    0 },  // 0x04CE "U+04CE"
  {  29529,   0,   0,   0,    0,    0 },  // 0x04CF "U+04CF"
  {  29529,   0,   0,   0,    0,    0 },  // 0x04D0 "U+04D0"
  {  29529,   0,   0,   0,    0,    0 },  // 0x04D1 "U+04D1"
  {  29529,   0,   0,   0,    0,    0 },  // 0x04D2 "U+04D2"
  {  29529,   0,   0,   0,    0,    0 },  // 0x04D3 "U+04D3"
  {  29529,   0,   0,   0,    0,    0 },  // 0x04D4 "U+04D4"
  {  29529,   0,   0,   0,    0,    0 },  // 0x04D5 "U+04D5"
  {  29529,   0,   0,   0,    0,    0 },  // 0x04D6 "U+04D6"
  {  29529,   0,   0,   0,    0,    0 },  // 0x04D7 "U+04D7"
  {  29529,   0,   0,   0,    0,    0 },  // 0x04D8 "U+04D8"
  {  29529,   0,   0,   0,    0,    0 },  // 0x04D9 "U+04D9"
  {  29529,   0,   0,   0,    0,    0 },  // 0x04DA "U+04DA"
  {  29529,   0,   0,   0,    0,    0 },  // 0x04DB "U+04DB"
  {  29529,   0,   0,   0,    0,    0 },  // 0x04DC "U+04DC"
  {  29529,   0,   0,   0,    0,    0 },  // 0x04DD "U+04DD"
  {  29529,   0,   0,   0,    0,    0 },  // 0x04DE "U+04DE"
  {  29529,   0,   0,   0,    0,    0 },  // 0x04DF "U+04DF"
  {  29529,   0,   0,   0,    0,    0 },  // 0x04E0 "U+04E0"
  {  29529,   0,   0,   0,    0,    0 },  // 0x04E1 "U+04E1"
  {  29529,   0,   0,   0,    0,    0 },  // 0x04E2 "U+04E2"
  {  29529,   0,   0,   0,    0,    0 },  // 0x04E3 "U+04E3"
  {  29529,   0,   0,   0,    0,    0 },  // 0x04E4 "U+04E4"
  {  29529,   0,   0,   0,    0,    0 },  // 0x04E5 "U+04E5"
  {  29529,   0,   0,   0,    0,    0 },  // 0x04E6 "U+04E6"
  {  29529,   0,   0,   0,    0,    0 },  // 0x04E7 "U+04E7"
  {  29529,   0,   0,   0,    0,    0 },  // 0x04E8 "U+04E8"
  {  29529,   0,   0,   0,    0,    0 },  // 0x04E9 "U+04E9"
  {  29529,   0,   0,   0,    0,    0 },  // 0x04EA "U+04EA"
  {  29529,   0,   0,   0,    0,    0 },  // 0x04EB "U+04EB"
  {  29529,   0,   0,   0,    0,    0 },  // 0x04EC "U+04EC"
  {  29529,   0,   0,   0,    0,    0 },  // 0x04ED "U+04ED"
  {  29529,   0,   0,   0,    0,    0 },  // 0x04EE "U+04EE"
  {  29529,   0,   0,   0,    0,    0 },  // 0x04EF "U+04EF"
  {  29529,   0,   0,   0,    0,    0 },  // 0x04F0 "U+04F0"
  {  29529,   0,   0,   0,    0,    0 },  // 0x04F1 "U+04F1"
  {  29529,   0,   0,   0,    0,    0 },  // 0x04F2 "U+04F2"
  {  29529,   0,   0,   0,    0,    0 },  // 0x04F3 "U+04F3"
  {  29529,   0,   0,   0,    0,    0 },  // 0x04F4 "U+04F4"
  {  29529,   0,   0,   0,    0,    0 },  // 0x04F5 "U+04F5"
  {  29529,   0,   0,   0,    0,    0 },  // 0x04F6 "U+04F6"
  {  29529,   0,   0,   0,    0,    0 },  // 0x04F7 "U+04F7"
  {  29529,   0,   0,   0,    0,    0 },  // 0x04F8 "U+04F8"
  {  29529,   0,   0,   0,    0,    0 },  // 0x04F9 "U+04F9"
  {  29529,   0,   0,   0,    0,    0 },  // 0x04FA "U+04FA"
  {  29529,   0,   0,   0,    0,    0 },  // 0x04FB "U+04FB"
  {  29529,   0,   0,   0,    0,    0 },  // 0x04FC "U+04FC"
  {  29529,   0,   0,   0,    0,    0 },  // 0x04FD "U+04FD"
  {  29529,   0,   0,   0,    0,    0 },  // 0x04FE "U+04FE"
  {  29529,   0,   0,   0,    0,    0 },  // 0x04FF "U+04FF"
  {  29529,   0,   0,   0,    0,    0 },  // 0x0500 "U+0500"
  {  29529,   0,   0,   0,    0,    0 },  // 0x0501 "U+0501"
  {  29529,   0,   0,   0,    0,    0 },  // 0x0502 "U+0502"
  {  29529,   0,   0,   0,    0,    0 },  // 0x0503 "U+0503"
  {  29529,   0,   0,   0,    0,    0 },  // 0x0504 "U+0504"
  {  29529,   0,   0,   0,    0,    0 },  // 0x0505 "U+0505"
  {  29529,   0,   0,   0,    0,    0 },  // 0x0506 "U+0506"
  {  29529,   0,   0,   0,    0,    0 },  // 0x0507 "U+0507"
  {  29529,   0,   0,   0,    0,    0 },  // 0x0508 "U+0508"
  {  29529,   0,   0,   0,    0,    0 },  // 0x0509 "U+0509"
  {  29529,   0,   0,   0,    0,    0 },  // 0x050A "U+050A"
  {  29529,   0,   0,   0,    0,    0 },  // 0x050B "U+050B"
  {  29529,   0,   0,   0,    0,    0 },  // 0x050C "U+050C"
  {  29529,   0,   0,   0,    0,    0 },  // 0x050D "U+050D"
  {  29529,   0,   0,   0,    0,    0 },  // 0x050E "U+050E"
  {  29529,   0,   0,   0,    0,    0 },  // 0x050F "U+050F"
  {  29529,   0,   0,   0,    0,    0 },  // 0x0510 "U+0510"
  {  29529,   0,   0,   0,    0,    0 },  // 0x0511 "U+0511"
  {  29529,   0,   0,   0,    0,    0 },  // 0x0512 "U+0512"
  {  29529,   0,   0,   0,    0,    0 },  // 0x0513 "U+0513"
  {  29529,   0,   0,   0,    0,    0 },  // 0x0514 "U+0514"
  {  29529,   0,   0,   0,    0,    0 },  // 0x0515 "U+0515"
  {  29529,   0,   0,   0,    0,    0 },  // 0x0516 "U+0516"
  {  29529,   0,   0,   0,    0,    0 },  // 0x0517 "U+0517"
  {  29529,   0,   0,   0,    0,    0 },  // 0x0518 "U+0518"
  {  29529,   0,   0,   0,    0,    0 },  // 0x0519 "U+0519"
  {  29529,   0,   0,   0,    0,    0 },  // 0x051A "U+051A"
  {  29529,   0,   0,   0,    0,    0 },  // 0x051B "U+051B"
  {  29529,   0,   0,   0,    0,    0 },  // 0x051C "U+051C"
  {  29529,   0,   0,   0,    0,    0 },  // 0x051D "U+051D"
  {  29529,   0,   0,   0,    0,    0 },  // 0x051E "U+051E"
  {  29529,   0,   0,   0,    0,    0 },  // 0x051F "U+051F"
  {  29529,   0,   0,   0,    0,    0 },  // 0x0520 "U+0520"
  {  29529,   0,   0,   0,    0,    0 },  // 0x0521 "U+0521"
  {  29529,   0,   0,   0,    0,    0 },  // 0x0522 "U+0522"
  {  29529,   0,   0,   0,    0,    0 },  // 0x0523 "U+0523"
  {  29529,   0,   0,   0,    0,    0 },  // 0x0524 "U+0524"
  {  29529,   0,   0,   0,    0,    0 },  // 0x0525 "U+0525"
  {  29529,   0,   0,   0,    0,    0 },  // 0x0526 "U+0526"
  {  29529,   0,   0,   0,    0,    0 },  // 0x0527 "U+0527"
  {  29529,   0,   0,   0,    0,    0 },  // 0x0528 "U+0528"
  {  29529,   0,   0,   0,    0,    0 },  // 0x0529 "U+0529"
  {  29529,   0,   0,   0,    0,    0 },  // 0x052A "U+052A"
  {  29529,   0,   0,   0,    0,    0 },  // 0x052B "U+052B"
  {  29529,   0,   0,   0,    0,    0 },  // 0x052C "U+052C"
  {  29529,   0,   0,   0,    0,    0 },  // 0x052D "U+052D"
  {  29529,   0,   0,   0,    0,    0 },  // 0x052E "U+052E"
  {  29529,   0,   0,   0,    0,    0 },  // 0x052F "U+052F"
  {  29529,   0,   0,   0,    0,    0 },  // 0x0530 "U+0530"
  {  29529,   0,   0,   0,    0,    0 },  // 0x0531 "U+0531"
  {  29529,   0,   0,   0,    0,    0 },  // 0x0532 "U+0532"
  {  29529,   0,   0,   0,    0,    0 },  // 0x0533 "U+0533"
  {  29529,   0,   0,   0,    0,    0 },  // 0x0534 "U+0534"
  {  29529,   0,   0,   0,    0,    0 },  // 0x0535 "U+0535"
  {  29529,   0,   0,   0,    0,    0 },  // 0x0536 "U+0536"
  {  29529,   0,   0,   0,    0,    0 },  // 0x0537 "U+0537"
  {  29529,   0,   0,   0,    0,    0 },  // 0x0538 "U+0538"
  {  29529,   0,   0,   0,    0,    0 },  // 0x0539 "U+0539"
  {  29529,   0,   0,   0,    0,    0 },  // 0x053A "U+053A"
  {  29529,   0,   0,   0,    0,    0 },  // 0x053B "U+053B"
  {  29529,   0,   0,   0,    0,    0 },  // 0x053C "U+053C"
  {  29529,   0,   0,   0,    0,    0 },  // 0x053D "U+053D"
  {  29529,   0,   0,   0,    0,    0 },  // 0x053E "U+053E"
  {  29529,   0,   0,   0,    0,    0 },  // 0x053F "U+053F"
  {  29529,   0,   0,   0,    0,    0 },  // 0x0540 "U+0540"
  {  29529,   0,   0,   0,    0,    0 },  // 0x0541 "U+0541"
  {  29529,   0,   0,   0,    0,    0 },  // 0x0542 "U+0542"
  {  29529,   0,   0,   0,    0,    0 },  // 0x0543 "U+0543"
  {  29529,   0,   0,   0,    0,    0 },  // 0x0544 "U+0544"
  {  29529,   0,   0,   0,    0,    0 },  // 0x0545 "U+0545"
  {  29529,   0,   0,   0,    0,    0 },  // 0x0546 "U+0546"
  {  29529,   0,   0,   0,    0,    0 },  // 0x0547 "U+0547"
  {  29529,   0,   0,   0,    0,    0 },  // 0x0548 "U+0548"
  {  29529,   0,   0,   0,    0,    0 },  // 0x0549 "U+0549"
  {  29529,   0,   0,   0,    0,    0 },  // 0x054A "U+054A"
  {  29529,   0,   0,   0,    0,    0 },  // 0x054B "U+054B"
  {  29529,   0,   0,   0,    0,    0 },  // 0x054C "U+054C"
  {  29529,   0,   0,   0,    0,    0 },  // 0x054D "U+054D"
  {  29529,   0,   0,   0,    0,    0 },  // 0x054E "U+054E"
  {  29529,   0,   0,   0,    0,    0 },  // 0x054F "U+054F"
  {  29529,   0,   0,   0,    0,    0 },  // 0x0550 "U+0550"
  {  29529,   0,   0,   0,    0,    0 },  // 0x0551 "U+0551"
  {  29529,   0,   0,   0,    0,    0 },  // 0x0552 "U+0552"
  {  29529,   0,   0,   0,    0,    0 },  // 0x0553 "U+0553"
  {  29529,   0,   0,   0,    0,    0 },  // 0x0554 "U+0554"
  {  29529,   0,   0,   0,    0,    0 },  // 0x0555 "U+0555"
  {  29529,   0,   0,   0,    0,    0 },  // 0x0556 "U+0556"
  {  29529,   0,   0,   0,    0,    0 },  // 0x0557 "U+0557"
  {  29529,   0,   0,   0,    0,    0 },  // 0x0558 "U+0558"
  {  29529,   0,   0,   0,    0,    0 },  // 0x0559 "U+0559"
  {  29529,   0,   0,   0,    0,    0 },  // 0x055A "U+055A"
  {  29529,   0,   0,   0,    0,    0 },  // 0x055B "U+055B"
  {  29529,   0,   0,   0,    0,    0 },  // 0x055C "U+055C"
  {  29529,   0,   0,   0,    0,    0 },  // 0x055D "U+055D"
  {  29529,   0,   0,   0,    0,    0 },  // 0x055E "U+055E"
  {  29529,   0,   0,   0,    0,    0 },  // 0x055F "U+055F"
  {  29529,   0,   0,   0,    0,    0 },  // 0x0560 "U+0560"
  {  29529,   0,   0,   0,    0,    0 },  // 0x0561 "U+0561"
  {  29529,   0,   0,   0,    0,    0 },  // 0x0562 "U+0562"
  {  29529,   0,   0,   0,    0,    0 },  // 0x0563 "U+0563"
  {  29529,   0,   0,   0,    0,    0 },  // 0x0564 "U+0564"
  {  29529,   0,   0,   0,    0,    0 },  // 0x0565 "U+0565"
  {  29529,   0,   0,   0,    0,    0 },  // 0x0566 "U+0566"
  {  29529,   0,   0,   0,    0,    0 },  // 0x0567 "U+0567"
  {  29529,   0,   0,   0,    0,    0 },  // 0x0568 "U+0568"
  {  29529,   0,   0,   0,    0,    0 },  // 0x0569 "U+0569"
  {  29529,   0,   0,   0,    0,    0 },  // 0x056A "U+056A"
  {  29529,   0,   0,   0,    0,    0 },  // 0x056B "U+056B"
  {  29529,   0,   0,   0,    0,    0 },  // 0x056C "U+056C"
  {  29529,   0,   0,   0,    0,    0 },  // 0x056D "U+056D"
  {  29529,   0,   0,   0,    0,    0 },  // 0x056E "U+056E"
  {  29529,   0,   0,   0,    0,    0 },  // 0x056F "U+056F"
  {  29529,   0,   0,   0,    0,    0 },  // 0x0570 "U+0570"
  {  29529,   0,   0,   0,    0,    0 },  // 0x0571 "U+0571"
  {  29529,   0,   0,   0,    0,    0 },  // 0x0572 "U+0572"
  {  29529,   0,   0,   0,    0,    0 },  // 0x0573 "U+0573"
  {  29529,   0,   0,   0,    0,    0 },  // 0x0574 "U+0574"
  {  29529,   0,   0,   0,    0,    0 },  // 0x0575 "U+0575"
  {  29529,   0,   0,   0,    0,    0 },  // 0x0576 "U+0576"
  {  29529,   0,   0,   0,    0,    0 },  // 0x0577 "U+0577"
  {  29529,   0,   0,   0,    0,    0 },  // 0x0578 "U+0578"
  {  29529,   0,   0,   0,    0,    0 },  // 0x0579 "U+0579"
  {  29529,   0,   0,   0,    0,    0 },  // 0x057A "U+057A"
  {  29529,   0,   0,   0,    0,    0 },  // 0x057B "U+057B"
  {  29529,   0,   0,   0,    0,    0 },  // 0x057C "U+057C"
  {  29529,   0,   0,   0,    0,    0 },  // 0x057D "U+057D"
  {  29529,   0,   0,   0,    0,    0 },  // 0x057E "U+057E"
  {  29529,   0,   0,   0,    0,    0 },  // 0x057F "U+057F"
  {  29529,   0,   0,   0,    0,    0 },  // 0x0580 "U+0580"
  {  29529,   0,   0,   0,    0,    0 },  // 0x0581 "U+0581"
  {  29529,   0,   0,   0,    0,    0 },  // 0x0582 "U+0582"
  {  29529,   0,   0,   0,    0,    0 },  // 0x0583 "U+0583"
  {  29529,   0,   0,   0,    0,    0 },  // 0x0584 "U+0584"
  {  29529,   0,   0,   0,    0,    0 },  // 0x0585 "U+0585"
  {  29529,   0,   0,   0,    0,    0 },  // 0x0586 "U+0586"
  {  29529,   0,   0,   0,    0,    0 },  // 0x0587 "U+0587"
  {  29529,   0,   0,   0,    0,    0 },  // 0x0588 "U+0588"
  {  29529,   0,   0,   0,    0,    0 },  // 0x0589 "U+0589"
  {  29529,   0,   0,   0,    0,    0 },  // 0x058A "U+058A"
  {  29529,   0,   0,   0,    0,    0 },  // 0x058B "U+058B"
  {  29529,   0,   0,   0,    0,    0 },  // 0x058C "U+058C"
  {  29529,   0,   0,   0,    0,    0 },  // 0x058D "U+058D"
  {  29529,   0,   0,   0,    0,    0 },  // 0x058E "U+058E"
  {  29529,   0,   0,   0,    0,    0 },  // 0x058F "U+058F"
  {  29529,   0,   0,   0,    0,    0 },  // 0x0590 "U+0590"
  {  29529,   0,   0,   0,    0,    0 },  // 0x0591 "U+0591"
  {  29529,   0,   0,   0,    0,    0 },  // 0x0592 "U+0592"
  {  29529,   0,   0,   0,    0,    0 },  // 0x0593 "U+0593"
  {  29529,   0,   0,   0,    0,    0 },  // 0x0594 "U+0594"
  {  29529,   0,   0,   0,    0,    0 },  // 0x0595 "U+0595"
  {  29529,   0,   0,   0,    0,    0 },  // 0x0596 "U+0596"
  {  29529,   0,   0,   0,    0,    0 },  // 0x0597 "U+0597"
  {  29529,   0,   0,   0,    0,    0 },  // 0x0598 "U+0598"
  {  29529,   0,   0,   0,    0,    0 },  // 0x0599 "U+0599"
  {  29529,   0,   0,   0,    0,    0 },  // 0x059A "U+059A"
  {  29529,   0,   0,   0,    0,    0 },  // 0x059B "U+059B"
  {  29529,   0,   0,   0,    0,    0 },  // 0x059C "U+059C"
  {  29529,   0,   0,   0,    0,    0 },  // 0x059D "U+059D"
  {  29529,   0,   0,   0,    0,    0 },  // 0x059E "U+059E"
  {  29529,   0,   0,   0,    0,    0 },  // 0x059F "U+059F"
  {  29529,   0,   0,   0,    0,    0 },  // 0x05A0 "U+05A0"
  {  29529,   0,   0,   0,    0,    0 },  // 0x05A1 "U+05A1"
  {  29529,   0,   0,   0,    0,    0 },  // 0x05A2 "U+05A2"
  {  29529,   0,   0,   0,    0,    0 },  // 0x05A3 "U+05A3"
  {  29529,   0,   0,   0,    0,    0 },  // 0x05A4 "U+05A4"
  {  29529,   0,   0,   0,    0,    0 },  // 0x05A5 "U+05A5"
  {  29529,   0,   0,   0,    0,    0 },  // 0x05A6 "U+05A6"
  {  29529,   0,   0,   0,    0,    0 },  // 0x05A7 "U+05A7"
  {  29529,   0,   0,   0,    0,    0 },  // 0x05A8 "U+05A8"
  {  29529,   0,   0,   0,    0,    0 },  // 0x05A9 "U+05A9"
  {  29529,   0,   0,   0,    0,    0 },  // 0x05AA "U+05AA"
  {  29529,   0,   0,   0,    0,    0 },  // 0x05AB "U+05AB"
  {  29529,   0,   0,   0,    0,    0 },  // 0x05AC "U+05AC"
  {  29529,   0,   0,   0,    0,    0 },  // 0x05AD "U+05AD"
  {  29529,   0,   0,   0,    0,    0 },  // 0x05AE "U+05AE"
  {  29529,   0,   0,   0,    0,    0 },  // 0x05AF "U+05AF"
  {  29529,   8,  16,   0,    4,    6 },  // 0x05B0 "U+05B0"
  {  29545,  29,  16,   0,    4,    6 },  // 0x05B1 "U+05B1"
  {  29603,  26,  16,   0,    4,    6 },  // 0x05B2 "U+05B2"
  {  29655,  26,  16,   0,    4,    6 },  // 0x05B3 "U+05B3"
  {  29707,   8,   7,   0,    4,    6 },  // 0x05B4 "U+05B4"
  {  29714,  18,   7,   0,    4,    6 },  // 0x05B5 "U+05B5"
  {  29730,  19,  16,   0,    4,    6 },  // 0x05B6 "U+05B6"
  {  29768,  15,   6,   0,    5,    6 },  // 0x05B7 "U+05B7"
  {  29780,  14,  12,   0,    4,    6 },  // 0x05B8 "U+05B8"
  {  29801,   8,   7,   0,   -4,  -64 },  // 0x05B9 "U+05B9"
  {  29808,   8,   7,   0,  -17,  -64 },  // 0x05BA "U+05BA"
  {  29815,  25,  16,   0,    4,    6 },  // 0x05BB "U+05BB"
  {  29865,   8,   7,   0,    4,  -29 },  // 0x05BC "U+05BC"
  {  29872,   6,  16,   0,    4,    6 },  // 0x05BD "U+05BD"
  {  29884,  22,  13,  26,    2,  -50 },  // 0x05BE "U+05BE"
  {  29920,  20,   5,   0,    4,  -63 },  // 0x05BF "U+05BF"
  {  29933,   6,  64,  38,   16,  -57 },  // 0x05C0 "U+05C0"
  {  29981,   8,   7,   0,    4,  -64 },  // 0x05C1 "U+05C1"
  {  29988,   7,   7,   0,   11,  -64 },  // 0x05C2 "U+05C2"
  {  29995,  14,  47,  26,    6,  -46 },  // 0x05C3 "U+05C3"
  {  30078,   8,   7,   0,    4,  -64 },  // 0x05C4 "U+05C4"
  {  30085,   8,   7,   0,    4,    6 },  // 0x05C5 "U+05C5"
  {  30092,  26,  55,  32,    5,  -55 },  // 0x05C6 "U+05C6"
  {  30271,  15,  14,   0,    5,    6 },  // 0x05C7 "U+05C7"
  {  30298,  35,  61,  51,    8,  -61 },  // 0x05C8 "U+05C8"
  {  30565,  35,  61,  51,    8,  -61 },  // 0x05C9 "U+05C9"
  {  30832,  35,  61,  51,    8,  -61 },  // 0x05CA "U+05CA"
  {  31099,  35,  61,  51,    8,  -61 },  // 0x05CB "U+05CB"
  {  31366,  35,  61,  51,    8,  -61 },  // 0x05CC "U+05CC"
  {  31633,  35,  61,  51,    8,  -61 },  // 0x05CD "U+05CD"
  {  31900,  35,  61,  51,    8,  -61 },  // 0x05CE "U+05CE"
  {  32167,  35,  61,  51,    8,  -61 },  // 0x05CF "U+05CF"
  {  32434,  46,  56,  51,    3,  -55 },  // 0x05D0 "U+05D0"
  {  32756,  42,  55,  47,    2,  -55 },  // 0x05D1 "U+05D1"
  {  33045,  32,  56,  34,    1,  -55 },  // 0x05D2 "U+05D2"
  {  33269,  39,  56,  43,    1,  -55 },  // 0x05D3 "U+05D3"
  {  33542,  43,  56,  52,    4,  -55 },  // 0x05D4 "U+05D4"
  {  33843,  19,  56,  27,    3,  -55 },  // 0x05D5 "U+05D5"
  {  33976,  20,  56,  25,    3,  -55 },  // 0x05D6 "U+05D6"
  {  34116,  45,  56,  55,    5,  -55 },  // 0x05D7 "U+05D7"
  {  34431,  47,  55,  54,    3,  -55 },  // 0x05D8 "U+05D8"
  {  34755,  22,  36,  28,    3,  -55 },  // 0x05D9 "U+05D9"
  {  34854,  37,  75,  44,    1,  -55 },  // 0x05DA "U+05DA"
  {  35201,  40,  55,  48,    3,  -55 },  // 0x05DB "U+05DB"
  {  35476,  39,  74,  44,    1,  -73 },  // 0x05DC "U+05DC"
  {  35837,  41,  55,  50,    4,  -55 },  // 0x05DD "U+05DD"
  {  36119,  47,  55,  54,    3,  -55 },  // 0x05DE "U+05DE"
  {  36443,  18,  75,  25,    1,  -55 },  // 0x05DF "U+05DF"
  {  36612,  27,  55,  32,    1,  -55 },  // 0x05E0 "U+05E0"
  {  36798,  42,  56,  50,    4,  -55 },  // 0x05E1 "U+05E1"
  {  37092,  42,  62,  46,    2,  -55 },  // 0x05E2 "U+05E2"
  {  37418,  42,  75,  47,    1,  -55 },  // 0x05E3 "U+05E3"
  {  37812,  42,  55,  49,    3,  -55 },  // 0x05E4 "U+05E4"
  {  38101,  40,  75,  43,    3,  -55 },  // 0x05E5 "U+05E5"
  {  38476,  42,  55,  46,    2,  -55 },  // 0x05E6 "U+05E6"
  {  38765,  40,  75,  49,    5,  -55 },  // 0x05E7 "U+05E7"
  {  39140,  37,  56,  42,    1,  -55 },  // 0x05E8 "U+05E8"
  {  39399,  58,  55,  64,    3,  -55 },  // 0x05E9 "U+05E9"
  {  39798,  47,  56,  52,    1,  -55 }  // 0x05EA "U+05EA"
};

const GFXfont NotoSerifHebrew_Bold_85 PROGMEM = {
  (uint8_t  *)NotoSerifHebrew_Bold_85Bitmaps,
  (GFXglyph *)NotoSerifHebrew_Bold_85Glyphs,
  0x0020, 0x05EA, 85
};
